<?xml version="1.0" encoding="UTF-8"?>
<group name="Route" class="jp.co.daifuku.stationeditor.file.route.Route">
	<group name="4ABL3301_AO4" class="jp.co.daifuku.stationeditor.file.route.RouteElement">
		<list key="test_cycle">
			<param value="7591"/>
		</list>
		<param value="false" key="noremove"/>
		<param value="12336" key="learn_start_address"/>
		<param value="true" key="station_learning"/>
		<list key="teach_station">
			<param value="7591"/>
		</list>
		<list key="route_address">
			<param value="12336"/>
			<param value="12338"/>
		</list>
		<param value="" key="comment"/>
		<param value="LEEJOUNGWON" key="user"/>
		<param value="12338" key="learn_end_address"/>
		<param value="2025/01/07 07:26:49" key="date"/>
		<list key="teach_camera">
			<param value="7591"/>
		</list>
		<param value="2025/01/07 07:27:12" key="output_date"/>
	</group>
	<group name="4AFC3201" class="jp.co.daifuku.stationeditor.file.route.RouteElement">
		<param value="false" key="noremove"/>
		<list key="route_address">
			<param value="8417"/>
			<param value="4869"/>
		</list>
		<param value="8417" key="learn_start_address"/>
		<list key="test_cycle">
			<param value="30537"/>
			<param value="30538"/>
			<param value="30539"/>
			<param value="30540"/>
		</list>
		<param value="false" key="station_learning"/>
		<param value="4869" key="learn_end_address"/>
		<param value="2025/02/06 09:34:23" key="date"/>
		<param value="" key="comment"/>
		<list key="teach_camera">
			<param value="30537"/>
			<param value="30538"/>
			<param value="30539"/>
			<param value="30540"/>
		</list>
		<param value="CFI" key="user"/>
		<param value="2025/02/06 09:34:38" key="output_date"/>
		<list key="teach_station">
			<param value="30537"/>
			<param value="30538"/>
			<param value="30539"/>
			<param value="30540"/>
		</list>
	</group>
	<group name="4EFD2301_RE" class="jp.co.daifuku.stationeditor.file.route.RouteElement">
		<param value="KIM SANG HYUK" key="user"/>
		<param value="4893" key="learn_end_address"/>
		<param value="false" key="noremove"/>
		<param value="4885" key="learn_start_address"/>
		<list key="teach_camera">
			<param value="5494"/>
			<param value="5495"/>
			<param value="5496"/>
		</list>
		<list key="teach_station">
			<param value="5494"/>
			<param value="5495"/>
			<param value="5496"/>
		</list>
		<param value="2024/12/10 10:05:16" key="date"/>
		<param value="true" key="station_learning"/>
		<list key="route_address">
			<param value="4885"/>
			<param value="4893"/>
		</list>
		<param value="" key="output_date"/>
		<param value="" key="comment"/>
		<list key="test_cycle">
			<param value="5494"/>
			<param value="5495"/>
			<param value="5496"/>
		</list>
	</group>
	<group name="4KTV5601" class="jp.co.daifuku.stationeditor.file.route.RouteElement">
		<param value="LEE" key="user"/>
		<param value="false" key="noremove"/>
		<list key="route_address">
			<param value="423"/>
			<param value="426"/>
		</list>
		<param value="2025/01/23 14:47:25" key="output_date"/>
		<param value="true" key="station_learning"/>
		<param value="" key="comment"/>
		<list key="teach_camera">
			<param value="12054"/>
			<param value="12055"/>
			<param value="12056"/>
		</list>
		<param value="2025/01/23 13:40:10" key="date"/>
		<list key="teach_station">
			<param value="12054"/>
			<param value="12055"/>
			<param value="12056"/>
		</list>
		<list key="test_cycle">
			<param value="12054"/>
			<param value="12055"/>
			<param value="12056"/>
		</list>
		<param value="423" key="learn_start_address"/>
		<param value="426" key="learn_end_address"/>
	</group>
	<group name="4KTV5902_TEA" class="jp.co.daifuku.stationeditor.file.route.RouteElement">
		<param value="2024/12/03 16:13:05" key="output_date"/>
		<param value="false" key="noremove"/>
		<list key="teach_camera">
			<param value="12653"/>
			<param value="12654"/>
			<param value="12655"/>
		</list>
		<param value="true" key="station_learning"/>
		<list key="teach_station">
			<param value="12653"/>
			<param value="12654"/>
			<param value="12655"/>
		</list>
		<param value="" key="comment"/>
		<list key="test_cycle">
			<param value="12653"/>
			<param value="12654"/>
			<param value="12655"/>
		</list>
		<param value="2024/12/03 13:51:50" key="date"/>
		<list key="route_address">
			<param value="204"/>
			<param value="208"/>
		</list>
		<param value="204" key="learn_start_address"/>
		<param value="208" key="learn_end_address"/>
		<param value="SHINJEGEUN" key="user"/>
	</group>
	<group name="B01_4KTV0104" class="jp.co.daifuku.stationeditor.file.route.RouteElement">
		<list key="teach_camera">
			<param value="1029"/>
			<param value="1030"/>
			<param value="1031"/>
		</list>
		<list key="route_address">
			<param value="3015"/>
			<param value="3016"/>
			<param value="3018"/>
		</list>
		<param value="false" key="noremove"/>
		<list key="test_cycle">
			<param value="1029"/>
			<param value="1030"/>
			<param value="1031"/>
		</list>
		<param value="3018" key="learn_end_address"/>
		<param value="2024/12/24 10:14:53" key="date"/>
		<param value="2024/12/24 16:35:53" key="output_date"/>
		<param value="true" key="station_learning"/>
		<list key="teach_station">
			<param value="1029"/>
			<param value="1030"/>
			<param value="1031"/>
		</list>
		<param value="LEEJOUNGWON" key="user"/>
		<param value="3015" key="learn_start_address"/>
	</group>
	<group name="B05_4KCW0502" class="jp.co.daifuku.stationeditor.file.route.RouteElement">
		<list key="teach_station">
			<param value="1891"/>
			<param value="1892"/>
			<param value="1893"/>
			<param value="1894"/>
		</list>
		<param value="3356" key="learn_end_address"/>
		<param value="false" key="noremove"/>
		<param value="7788" key="learn_start_address"/>
		<list key="route_address">
			<param value="7788"/>
			<param value="7789"/>
			<param value="3356"/>
		</list>
		<param value="2024/12/27 07:26:07" key="date"/>
		<param value="2024/12/27 16:58:39" key="output_date"/>
		<list key="teach_camera">
			<param value="1891"/>
			<param value="1892"/>
			<param value="1893"/>
			<param value="1894"/>
		</list>
		<param value="JUNGGEONHO" key="user"/>
		<param value="true" key="station_learning"/>
		<list key="test_cycle">
			<param value="1891"/>
			<param value="1892"/>
			<param value="1893"/>
			<param value="1894"/>
		</list>
	</group>
	<group name="B05_4KCW0502RE" class="jp.co.daifuku.stationeditor.file.route.RouteElement">
		<list key="teach_camera">
			<param value="1891"/>
			<param value="1892"/>
			<param value="1893"/>
			<param value="1894"/>
		</list>
		<param value="3356" key="learn_end_address"/>
		<param value="false" key="noremove"/>
		<param value="7789" key="learn_start_address"/>
		<param value="lee juhoq" key="user"/>
		<list key="route_address">
			<param value="7789"/>
			<param value="3356"/>
		</list>
		<param value="2025/01/14 15:22:35" key="date"/>
		<param value="true" key="station_learning"/>
		<param value="" key="output_date"/>
		<param value="" key="comment"/>
		<list key="test_cycle">
			<param value="1891"/>
			<param value="1892"/>
			<param value="1893"/>
			<param value="1894"/>
		</list>
		<list key="teach_station">
			<param value="1891"/>
			<param value="1892"/>
			<param value="1893"/>
			<param value="1894"/>
		</list>
	</group>
	<group name="B23_4AFC3201 AO31~34" class="jp.co.daifuku.stationeditor.file.route.RouteElement">
		<param value="4865" key="learn_start_address"/>
		<list key="route_address">
			<param value="4865"/>
			<param value="4866"/>
			<param value="4870"/>
		</list>
		<param value="false" key="noremove"/>
		<list key="teach_station">
			<param value="30537"/>
			<param value="30538"/>
			<param value="30539"/>
			<param value="30540"/>
		</list>
		<param value="4870" key="learn_end_address"/>
		<param value="2025/02/05 09:03:15" key="output_date"/>
		<list key="test_cycle">
			<param value="30537"/>
			<param value="30538"/>
			<param value="30539"/>
			<param value="30540"/>
		</list>
		<param value="true" key="station_learning"/>
		<param value="CFI" key="user"/>
		<list key="teach_camera">
			<param value="30537"/>
			<param value="30538"/>
			<param value="30539"/>
			<param value="30540"/>
		</list>
		<param value="2025/02/04 15:29:21" key="date"/>
	</group>
	<group name="B23_4AFC3201 AO35~38" class="jp.co.daifuku.stationeditor.file.route.RouteElement">
		<param value="false" key="noremove"/>
		<param value="2025/02/04 15:43:00" key="date"/>
		<param value="4858" key="learn_start_address"/>
		<list key="teach_camera">
			<param value="30541"/>
			<param value="30542"/>
			<param value="30543"/>
			<param value="30544"/>
		</list>
		<param value="true" key="station_learning"/>
		<list key="route_address">
			<param value="4858"/>
			<param value="4859"/>
			<param value="4863"/>
		</list>
		<param value="2025/02/05 08:17:59" key="output_date"/>
		<list key="teach_station">
			<param value="30541"/>
			<param value="30542"/>
			<param value="30543"/>
			<param value="30544"/>
		</list>
		<param value="CFI" key="user"/>
		<param value="4863" key="learn_end_address"/>
		<list key="test_cycle">
			<param value="30541"/>
			<param value="30542"/>
			<param value="30543"/>
			<param value="30544"/>
		</list>
	</group>
	<group name="B25_4EFD2501" class="jp.co.daifuku.stationeditor.file.route.RouteElement">
		<param value="2025/01/08 16:54:46" key="output_date"/>
		<param value="false" key="noremove"/>
		<param value="CHOIHYUNGWOO" key="user"/>
		<param value="4980" key="learn_end_address"/>
		<list key="teach_camera">
			<param value="5825"/>
			<param value="5826"/>
			<param value="5827"/>
		</list>
		<param value="4978" key="learn_start_address"/>
		<param value="true" key="station_learning"/>
		<list key="route_address">
			<param value="4978"/>
			<param value="4980"/>
		</list>
		<param value="" key="comment"/>
		<param value="2025/01/08 12:19:13" key="date"/>
		<list key="teach_station">
			<param value="5825"/>
			<param value="5826"/>
			<param value="5827"/>
		</list>
		<list key="test_cycle">
			<param value="5825"/>
			<param value="5826"/>
			<param value="5827"/>
		</list>
	</group>
	<group name="B25_4KEF2506" class="jp.co.daifuku.stationeditor.file.route.RouteElement">
		<list key="teach_camera">
			<param value="5897"/>
			<param value="5898"/>
			<param value="5899"/>
		</list>
		<param value="false" key="noremove"/>
		<param value="5016" key="learn_start_address"/>
		<param value="2025/01/10 15:24:14" key="date"/>
		<param value="true" key="station_learning"/>
		<list key="route_address">
			<param value="5016"/>
			<param value="5017"/>
			<param value="5019"/>
		</list>
		<param value="junggeonho" key="user"/>
		<param value="5019" key="learn_end_address"/>
		<list key="teach_station">
			<param value="5897"/>
			<param value="5898"/>
			<param value="5899"/>
		</list>
		<list key="test_cycle">
			<param value="5897"/>
			<param value="5898"/>
			<param value="5899"/>
		</list>
		<param value="2025/01/13 10:36:12" key="output_date"/>
	</group>
	<group name="B29_4AFC3201 AI31~34" class="jp.co.daifuku.stationeditor.file.route.RouteElement">
		<param value="5278" key="learn_end_address"/>
		<param value="false" key="noremove"/>
		<param value="2025/02/04 11:45:39" key="output_date"/>
		<param value="2025/02/04 07:29:18" key="date"/>
		<list key="test_cycle">
			<param value="30529"/>
			<param value="30530"/>
			<param value="30531"/>
			<param value="30532"/>
		</list>
		<list key="teach_station">
			<param value="30529"/>
			<param value="30530"/>
			<param value="30531"/>
			<param value="30532"/>
		</list>
		<param value="JGH" key="user"/>
		<param value="true" key="station_learning"/>
		<param value="5273" key="learn_start_address"/>
		<list key="teach_camera">
			<param value="30529"/>
			<param value="30530"/>
			<param value="30531"/>
			<param value="30532"/>
		</list>
		<list key="route_address">
			<param value="5273"/>
			<param value="5274"/>
			<param value="5278"/>
		</list>
	</group>
	<group name="B29_4AFC3201 AI35~38" class="jp.co.daifuku.stationeditor.file.route.RouteElement">
		<param value="2025/02/04 14:47:19" key="output_date"/>
		<param value="false" key="noremove"/>
		<list key="teach_camera">
			<param value="30533"/>
			<param value="30534"/>
			<param value="30535"/>
			<param value="30536"/>
		</list>
		<list key="test_cycle">
			<param value="30533"/>
			<param value="30534"/>
			<param value="30535"/>
			<param value="30536"/>
		</list>
		<param value="2025/02/04 07:43:37" key="date"/>
		<param value="JGH" key="user"/>
		<list key="route_address">
			<param value="5266"/>
			<param value="5267"/>
			<param value="5271"/>
		</list>
		<list key="teach_station">
			<param value="30533"/>
			<param value="30534"/>
			<param value="30535"/>
			<param value="30536"/>
		</list>
		<param value="true" key="station_learning"/>
		<param value="5271" key="learn_end_address"/>
		<param value="5266" key="learn_start_address"/>
	</group>
	<group name="B34_4KDA3401RE" class="jp.co.daifuku.stationeditor.file.route.RouteElement">
		<param value="LEE JUHO" key="user"/>
		<param value="false" key="noremove"/>
		<list key="route_address">
			<param value="2041"/>
			<param value="2043"/>
		</list>
		<list key="teach_camera">
			<param value="6575"/>
			<param value="7634"/>
			<param value="7635"/>
		</list>
		<param value="2041" key="learn_start_address"/>
		<param value="true" key="station_learning"/>
		<param value="" key="output_date"/>
		<param value="" key="comment"/>
		<param value="2025/01/21 08:42:06" key="date"/>
		<param value="2043" key="learn_end_address"/>
		<list key="test_cycle">
			<param value="6575"/>
			<param value="7634"/>
			<param value="7635"/>
		</list>
		<list key="teach_station">
			<param value="6575"/>
			<param value="7634"/>
			<param value="7635"/>
		</list>
	</group>
	<group name="B39_4DTN3902" class="jp.co.daifuku.stationeditor.file.route.RouteElement">
		<param value="false" key="noremove"/>
		<list key="route_address">
			<param value="1644"/>
			<param value="1646"/>
			<param value="1649"/>
		</list>
		<param value="2024/12/30 14:57:53" key="output_date"/>
		<param value="true" key="station_learning"/>
		<param value="1644" key="learn_start_address"/>
		<list key="teach_camera">
			<param value="8625"/>
			<param value="8626"/>
		</list>
		<param value="CFI" key="user"/>
		<param value="1649" key="learn_end_address"/>
		<list key="teach_station">
			<param value="8625"/>
			<param value="8626"/>
		</list>
		<list key="test_cycle">
			<param value="8625"/>
			<param value="8626"/>
		</list>
		<param value="2024/12/30 14:43:19" key="date"/>
	</group>
	<group name="B42_0DTEST" class="jp.co.daifuku.stationeditor.file.route.RouteElement">
		<param value="1470" key="learn_start_address"/>
		<list key="teach_camera">
			<param value="9221"/>
			<param value="31196"/>
			<param value="36844"/>
			<param value="21175"/>
			<param value="10325"/>
		</list>
		<param value="false" key="noremove"/>
		<list key="route_address">
			<param value="1470"/>
			<param value="1468"/>
		</list>
		<param value="2025/02/07 03:03:44" key="output_date"/>
		<list key="test_cycle">
			<param value="9221"/>
			<param value="31196"/>
			<param value="36844"/>
			<param value="21175"/>
			<param value="10325"/>
		</list>
		<param value="1468" key="learn_end_address"/>
		<list key="teach_station">
			<param value="9221"/>
			<param value="31196"/>
			<param value="36844"/>
			<param value="21175"/>
			<param value="10325"/>
		</list>
		<param value="true" key="station_learning"/>
		<param value="" key="comment"/>
		<param value="choi" key="user"/>
		<param value="2024/12/13 18:04:50" key="date"/>
	</group>
	<group name="B52_4DSA5209" class="jp.co.daifuku.stationeditor.file.route.RouteElement">
		<param value="2024/12/31 15:06:17" key="date"/>
		<param value="false" key="noremove"/>
		<param value="8166" key="learn_end_address"/>
		<param value="8161" key="learn_start_address"/>
		<param value="true" key="station_learning"/>
		<param value="" key="output_date"/>
		<param value="" key="comment"/>
		<list key="teach_camera">
			<param value="13744"/>
			<param value="13745"/>
			<param value="13746"/>
		</list>
		<list key="teach_station">
			<param value="13744"/>
			<param value="13745"/>
			<param value="13746"/>
		</list>
		<list key="test_cycle">
			<param value="13744"/>
			<param value="13745"/>
			<param value="13746"/>
		</list>
		<list key="route_address">
			<param value="8161"/>
			<param value="8166"/>
		</list>
		<param value="KIMDONGHYEON" key="user"/>
	</group>
	<group name="B52_DSA5205" class="jp.co.daifuku.stationeditor.file.route.RouteElement">
		<list key="test_cycle">
			<param value="13729"/>
			<param value="13730"/>
			<param value="13731"/>
		</list>
		<param value="false" key="noremove"/>
		<list key="route_address">
			<param value="8157"/>
			<param value="8160"/>
		</list>
		<list key="teach_station">
			<param value="13729"/>
			<param value="13730"/>
			<param value="13731"/>
		</list>
		<list key="teach_camera">
			<param value="13729"/>
			<param value="13730"/>
			<param value="13731"/>
		</list>
		<param value="true" key="station_learning"/>
		<param value="8157" key="learn_start_address"/>
		<param value="" key="comment"/>
		<param value="2025/01/17 09:47:58" key="date"/>
		<param value="2025/01/17 09:48:53" key="output_date"/>
		<param value="m14a" key="user"/>
		<param value="8160" key="learn_end_address"/>
	</group>
	<group name="B60_4KTV6002" class="jp.co.daifuku.stationeditor.file.route.RouteElement">
		<list key="teach_station">
			<param value="12805"/>
			<param value="12806"/>
			<param value="12807"/>
		</list>
		<param value="false" key="noremove"/>
		<list key="teach_camera">
			<param value="12805"/>
			<param value="12806"/>
			<param value="12807"/>
		</list>
		<param value="KIMHWANGRAE" key="user"/>
		<param value="true" key="station_learning"/>
		<list key="route_address">
			<param value="78"/>
			<param value="79"/>
			<param value="80"/>
		</list>
		<param value="2024/12/04 16:32:56" key="output_date"/>
		<param value="78" key="learn_start_address"/>
		<param value="" key="comment"/>
		<param value="2024/12/04 07:27:46" key="date"/>
		<list key="test_cycle">
			<param value="12805"/>
			<param value="12806"/>
			<param value="12807"/>
		</list>
		<param value="80" key="learn_end_address"/>
	</group>
	<group name="B61_4TPW6101" class="jp.co.daifuku.stationeditor.file.route.RouteElement">
		<param value="false" key="noremove"/>
		<list key="route_address">
			<param value="37"/>
			<param value="8089"/>
		</list>
		<list key="teach_station">
			<param value="13053"/>
			<param value="13054"/>
			<param value="13055"/>
		</list>
		<param value="2025/01/17 15:35:21" key="output_date"/>
		<param value="shinjegeun" key="user"/>
		<param value="8089" key="learn_end_address"/>
		<param value="2025/01/17 12:14:10" key="date"/>
		<param value="true" key="station_learning"/>
		<param value="" key="comment"/>
		<list key="teach_camera">
			<param value="13053"/>
			<param value="13054"/>
			<param value="13055"/>
		</list>
		<list key="test_cycle">
			<param value="13053"/>
			<param value="13054"/>
			<param value="13055"/>
		</list>
		<param value="37" key="learn_start_address"/>
	</group>
	<group name="ODTEST" class="jp.co.daifuku.stationeditor.file.route.RouteElement">
		<param value="1541" key="learn_end_address"/>
		<param value="true" key="noremove"/>
		<param value="shinjegeun" key="user"/>
		<param value="2025/01/17 05:00:31" key="output_date"/>
		<param value="1544" key="learn_start_address"/>
		<param value="true" key="station_learning"/>
		<param value="" key="comment"/>
		<list key="teach_station">
			<param value="9021"/>
			<param value="9004"/>
			<param value="9009"/>
		</list>
		<list key="route_address">
			<param value="1544"/>
			<param value="1541"/>
		</list>
		<param value="2024/12/11 22:22:50" key="date"/>
		<list key="test_cycle">
			<param value="9021"/>
			<param value="9004"/>
			<param value="9009"/>
		</list>
		<list key="teach_camera">
			<param value="9021"/>
			<param value="9004"/>
			<param value="9009"/>
		</list>
	</group>
	<group name="RE_4DSU3902" class="jp.co.daifuku.stationeditor.file.route.RouteElement">
		<list key="test_cycle">
			<param value="8631"/>
			<param value="8632"/>
		</list>
		<param value="2024/12/30 08:18:12" key="output_date"/>
		<param value="false" key="noremove"/>
		<param value="1653" key="learn_end_address"/>
		<param value="1648" key="learn_start_address"/>
		<list key="teach_camera">
			<param value="8631"/>
			<param value="8632"/>
		</list>
		<param value="true" key="station_learning"/>
		<param value="2024/12/30 07:20:31" key="date"/>
		<param value="" key="comment"/>
		<param value="YUN SANG DO" key="user"/>
		<list key="teach_station">
			<param value="8631"/>
			<param value="8632"/>
		</list>
		<list key="route_address">
			<param value="1648"/>
			<param value="1653"/>
		</list>
	</group>
	<group name="RE_4POL2104" class="jp.co.daifuku.stationeditor.file.route.RouteElement">
		<list key="teach_camera">
			<param value="4823"/>
		</list>
		<param value="2025/01/15 14:20:19" key="date"/>
		<param value="2025/01/15 14:20:43" key="output_date"/>
		<list key="test_cycle">
			<param value="4823"/>
		</list>
		<param value="false" key="noremove"/>
		<list key="teach_station">
			<param value="4823"/>
		</list>
		<param value="true" key="station_learning"/>
		<param value="" key="comment"/>
		<param value="YUN SANG DO" key="user"/>
		<param value="4601" key="learn_end_address"/>
		<param value="4595" key="learn_start_address"/>
		<list key="route_address">
			<param value="4595"/>
			<param value="4601"/>
		</list>
	</group>
</group>
