{
  "created_at": "2025-10-02T20:40:37.896165",
  "data_count": 1000,
  "columns": [
    "STAT_DT",
    "CURRENT_M16A_3F_JOB",
    "CURRENT_M16A_3F_JOB_2",
    "M14A_3F_CNV_MAXCAPA",
    "M14A_3F_TO_HUB_CMD",
    "M14A_3F_TO_HUB_JOB2",
    "M14A_3F_TO_HUB_JOB_ALT",
    "M14B_7F_LFT_MAXCAPA",
    "M14B_7F_TO_HUB_CMD",
    "M14B_7F_TO_HUB_JOB2",
    "M14B_7F_TO_HUB_JOB_ALT",
    "M14_TO_M16_OFS_CUR",
    "M16A_2F_LFT_MAXCAPA",
    "M16A_2F_TO_6F_JOB",
    "M16A_2F_TO_HUB_CMD",
    "M16A_2F_TO_HUB_JOB2",
    "M16A_2F_TO_HUB_JOB_ALT",
    "M16A_3F_CMD",
    "M16A_3F_CNV_MAXCAPA",
    "M16A_3F_LFT_MAXCAPA",
    "M16A_3F_M14BLFT_MAXCAPA",
    "M16A_3F_STORAGE_UTIL",
    "M16A_3F_TO_3F_MLUD_JOB",
    "M16A_3F_TO_M14A_3F_JOB",
    "M16A_3F_TO_M14A_CNV_AI_CMD",
    "M16A_3F_TO_M14B_7F_JOB",
    "M16A_3F_TO_M14B_LFT_AI_CMD",
    "M16A_3F_TO_M16A_2F_JOB",
    "M16A_3F_TO_M16A_3F_STB_CMD",
    "M16A_3F_TO_M16A_6F_JOB",
    "M16A_3F_TO_M16A_LFT_AI_CMD",
    "M16A_3F_TO_M16A_MLUD_AI_CMD",
    "M16A_6F_LFT_MAXCAPA",
    "M16A_6F_TO_2F_JOB",
    "M16A_6F_TO_HUB_CMD",
    "M16A_6F_TO_HUB_JOB",
    "M16A_6F_TO_HUB_JOB_ALT",
    "M16B_10F_TO_HUB_JOB",
    "M16_TO_M14_OFS_CUR",
    "예측"
  ],
  "stat_dt_min": 202505090000,
  "stat_dt_max": 202505091639,
  "prediction_mean": 213.36278350515465,
  "prediction_std": 13.200939176198041
}