episode_id,start_time,end_time,duration_min,equipment,line,fault_type,severity,status,is_orphan,message_count,message_ids
1,2026-01-01 01:24:33,2026-01-01 01:40:41,16.1,,M16A,CAPA변경,MED,closed,N,3,1|2|4
2,2026-01-01 01:41:20,2026-01-01 01:41:20,0.0,,M16A,CAPA변경,LOW,orphan,Y,1,3
3,2026-01-01 02:59:00,2026-01-01 03:13:22,14.4,6ABL6032,,리프터,LOW,closed,N,2,6|5
4,2026-01-01 03:16:01,2026-01-01 03:16:01,0.0,6ABL6032,,,LOW,orphan,Y,1,7
5,2026-01-02 17:09:15,2026-01-02 17:09:15,0.0,,M16A,CAPA변경,LOW,open,N,1,12
6,2026-01-02 18:14:08,2026-01-02 18:14:08,0.0,,,,LOW,orphan,Y,1,14
7,2026-01-02 18:33:03,2026-01-02 18:33:03,0.0,,,,LOW,orphan,Y,1,15
8,2026-01-03 09:35:12,2026-01-03 09:35:12,0.0,,,리프터,LOW,open,N,1,18
9,2026-01-03 10:43:06,2026-01-03 10:43:06,0.0,,,리프터,LOW,open,N,1,19
10,2026-01-03 16:13:59,2026-01-03 16:13:59,0.0,,M16A,CAPA변경,LOW,open,N,1,20
11,2026-01-03 16:45:46,2026-01-03 16:45:46,0.0,,M16A,CAPA변경,LOW,orphan,Y,1,22
12,2026-01-03 16:47:31,2026-01-03 16:47:31,0.0,,M16A,CAPA변경,LOW,orphan,Y,1,23
13,2026-01-04 01:58:42,2026-01-04 01:59:11,0.5,,M16A,CAPA변경,LOW,open,N,2,24|25
14,2026-01-04 02:23:33,2026-01-04 02:25:13,1.7,,M14A,CAPA변경,LOW,open,N,2,27|26
15,2026-01-04 02:54:17,2026-01-04 02:54:17,0.0,,M16A,CAPA변경,LOW,orphan,Y,1,29
16,2026-01-04 02:54:35,2026-01-04 02:54:35,0.0,,M16A,CAPA변경,LOW,orphan,Y,1,30
17,2026-01-04 03:02:47,2026-01-04 03:02:47,0.0,,M14B,CAPA변경,LOW,open,N,1,31
18,2026-01-04 04:17:22,2026-01-04 05:00:31,43.1,,M14B,CAPA변경,MED,closed,N,5,36|38|40|41|45
19,2026-01-04 04:18:26,2026-01-04 04:18:26,0.0,,M16A,CAPA변경,LOW,open,N,1,37
20,2026-01-04 04:19:18,2026-01-04 05:02:31,43.2,,M14B,CAPA변경,MED,closed,N,3,39|42|47
21,2026-01-04 04:53:02,2026-01-04 04:53:02,0.0,,M16A,CAPA변경,LOW,orphan,Y,1,43
22,2026-01-04 04:53:20,2026-01-04 04:53:20,0.0,,M16A,CAPA변경,LOW,orphan,Y,1,44
23,2026-01-04 05:03:56,2026-01-04 05:03:56,0.0,,M14A,CAPA변경,LOW,orphan,Y,1,46
24,2026-01-04 16:13:35,2026-01-04 16:35:44,22.1,,M16A,CAPA변경,MED,closed,N,2,48|50
25,2026-01-04 16:36:26,2026-01-04 16:36:26,0.0,,,,LOW,orphan,Y,1,51
26,2026-01-05 01:55:12,2026-01-05 02:17:25,22.2,6ABL0121,M16A,리프터,MED,closed,N,2,52|53
27,2026-01-05 04:21:05,2026-01-05 04:50:51,29.8,4AFC3301,,CNV,MED,open,N,3,54|56|57
28,2026-01-05 06:14:53,2026-01-05 06:14:53,0.0,4AFC3301,,정체/병목,LOW,open,N,1,58
29,2026-01-05 09:00:38,2026-01-05 09:00:38,0.0,4AFC3301,,CNV,LOW,open,N,1,59
30,2026-01-05 09:53:25,2026-01-05 09:53:25,0.0,,,리프터,LOW,open,N,1,60
31,2026-01-05 10:15:50,2026-01-05 10:15:50,0.0,4AFC3301,,정체/병목,LOW,open,N,1,61
32,2026-01-05 11:03:20,2026-01-05 11:03:20,0.0,,,,LOW,orphan,Y,1,62
33,2026-01-05 11:16:33,2026-01-05 11:16:33,0.0,4AFC3301,,CNV,LOW,open,N,1,63
34,2026-01-05 15:15:36,2026-01-05 15:15:36,0.0,,Bridge,정체/병목,LOW,open,N,1,65
35,2026-01-05 15:15:51,2026-01-05 15:41:25,25.6,,M16A,CAPA변경,MED,open,N,2,66|75
36,2026-01-05 15:24:12,2026-01-05 15:24:12,0.0,,,정체/병목,LOW,open,N,1,68
37,2026-01-05 15:38:47,2026-01-05 15:38:47,0.0,,,CAPA변경,LOW,open,N,1,73
38,2026-01-05 15:40:54,2026-01-05 15:40:54,0.0,,M16,정체/병목,LOW,open,N,1,74
39,2026-01-05 16:05:27,2026-01-05 16:05:27,0.0,,M14A,CAPA변경,LOW,open,N,1,79
40,2026-01-05 16:07:22,2026-01-05 16:07:22,0.0,,,CAPA변경,LOW,open,N,1,81
41,2026-01-05 16:14:27,2026-01-05 16:14:27,0.0,,M16A,CAPA변경,LOW,open,N,1,84
42,2026-01-05 17:18:29,2026-01-05 17:18:29,0.0,,,기타,LOW,open,N,1,91
43,2026-01-05 17:21:06,2026-01-05 17:21:06,0.0,,M14B,브릿지,LOW,open,N,1,90
44,2026-01-05 17:33:01,2026-01-05 17:33:01,0.0,,,기타,LOW,open,N,1,92
45,2026-01-05 17:36:10,2026-01-05 17:36:10,0.0,,M14B,CAPA변경,LOW,orphan,Y,1,93
46,2026-01-05 17:37:49,2026-01-05 17:37:49,0.0,,M14B,CAPA변경,LOW,orphan,Y,1,94
47,2026-01-05 17:39:21,2026-01-05 17:39:21,0.0,,M14A,,LOW,orphan,Y,1,95
48,2026-01-06 01:31:04,2026-01-06 01:52:29,21.4,,M16A,CAPA변경,MED,closed,N,2,97|100
49,2026-01-06 01:35:43,2026-01-06 01:35:43,0.0,6ABL6032,M16A,리프터,LOW,open,N,1,99
50,2026-01-06 01:55:21,2026-01-06 01:55:21,0.0,,,,LOW,orphan,Y,1,101
51,2026-01-06 03:33:19,2026-01-06 03:33:19,0.0,6ABL6032,M16A,리프터,LOW,open,N,1,102
52,2026-01-06 08:53:43,2026-01-06 08:53:43,0.0,,,,LOW,open,N,1,103
53,2026-01-06 09:18:08,2026-01-06 09:18:08,0.0,ZT3,M16A,브릿지,LOW,open,N,1,106
54,2026-01-06 12:56:22,2026-01-06 12:56:22,0.0,ZT3-2호기,M16,브릿지,LOW,open,N,1,107
55,2026-01-07 00:46:42,2026-01-07 00:46:42,0.0,4ABLD112,,리프터,LOW,open,N,1,116
56,2026-01-07 01:43:26,2026-01-07 01:43:26,0.0,4ABLD121,,,LOW,orphan,Y,1,117
57,2026-01-07 13:08:40,2026-01-07 13:08:40,0.0,4ABL3304,,,LOW,orphan,Y,1,119
58,2026-01-07 13:11:58,2026-01-07 13:11:58,0.0,,,기타,LOW,open,N,1,122
59,2026-01-08 08:31:56,2026-01-08 08:31:56,0.0,,M14B,브릿지,LOW,open,N,1,127
60,2026-01-08 09:16:59,2026-01-08 09:16:59,0.0,,,리프터,LOW,open,N,1,128
61,2026-01-08 09:59:34,2026-01-08 09:59:34,0.0,4ABLD121,,,LOW,orphan,Y,1,129
62,2026-01-08 22:44:49,2026-01-08 22:44:49,0.0,4ABLD132,,리프터,LOW,open,N,1,133
63,2026-01-08 23:11:40,2026-01-08 23:11:40,0.0,,,,LOW,orphan,Y,1,134
64,2026-01-09 08:39:08,2026-01-09 08:39:08,0.0,4ABLD132,,리프터,LOW,open,N,1,135
65,2026-01-09 09:49:51,2026-01-09 09:49:51,0.0,4ABLD132,,,LOW,orphan,Y,1,136
66,2026-01-09 10:05:49,2026-01-09 10:32:41,26.9,4ABLD132,,리프터,MED,closed,N,2,137|138
67,2026-01-09 17:20:31,2026-01-09 17:27:04,6.5,4ABLD132,,리프터,LOW,closed,N,2,139|140
68,2026-01-10 10:17:00,2026-01-10 10:17:00,0.0,,,기타,LOW,open,N,1,141
69,2026-01-10 10:24:06,2026-01-10 10:24:06,0.0,,,기타,LOW,open,N,1,142
70,2026-01-10 10:32:10,2026-01-10 10:32:10,0.0,4ABLD121,,리프터,LOW,open,N,1,143
71,2026-01-10 14:51:31,2026-01-10 14:51:31,0.0,,,,LOW,open,N,1,145
72,2026-01-10 15:06:42,2026-01-10 15:06:42,0.0,,M14,리프터,LOW,open,N,1,146
73,2026-01-10 15:09:30,2026-01-10 15:09:30,0.0,,,정체/병목,LOW,open,N,1,147
74,2026-01-10 16:43:30,2026-01-10 16:43:30,0.0,,,,LOW,orphan,Y,1,149
75,2026-01-10 22:03:12,2026-01-10 22:03:12,0.0,,M16,기타,LOW,open,N,1,151
76,2026-01-10 22:04:15,2026-01-10 22:04:15,0.0,,M16,,LOW,orphan,Y,1,152
77,2026-01-10 22:04:30,2026-01-10 22:04:30,0.0,,,기타,LOW,open,N,1,153
78,2026-01-10 22:40:03,2026-01-10 22:40:03,0.0,,,,LOW,orphan,Y,1,155
79,2026-01-10 22:41:57,2026-01-10 22:41:57,0.0,OHT,,,LOW,orphan,Y,1,157
80,2026-01-10 23:15:52,2026-01-10 23:15:52,0.0,,,정체/병목,LOW,open,N,1,162
81,2026-01-11 11:02:44,2026-01-11 11:02:44,0.0,4ABLD132,,리프터,LOW,open,N,1,164
82,2026-01-11 11:48:10,2026-01-11 12:09:17,21.1,6ABL0121,M16A,리프터,MED,closed,N,2,165|167
83,2026-01-11 11:51:04,2026-01-11 11:51:04,0.0,4ABLD132,,,LOW,orphan,Y,1,166
84,2026-01-12 00:00:14,2026-01-12 00:00:14,0.0,,M16A,CAPA변경,LOW,open,N,1,168
85,2026-01-12 00:39:14,2026-01-12 00:39:14,0.0,,M16A,CAPA변경,LOW,orphan,Y,1,170
86,2026-01-12 00:39:50,2026-01-12 00:39:50,0.0,,,,LOW,orphan,Y,1,171
87,2026-01-12 11:45:11,2026-01-12 11:47:31,2.3,,M14B,CAPA변경,LOW,open,N,2,175|176
88,2026-01-12 11:49:25,2026-01-12 11:49:25,0.0,,M14B,CAPA변경,LOW,open,N,1,177
89,2026-01-12 12:31:27,2026-01-12 13:24:14,52.8,,M14B,CAPA변경,MED,closed,N,5,178|180|181|183|185
90,2026-01-12 12:32:59,2026-01-12 12:32:59,0.0,,M14B,CAPA변경,LOW,open,N,1,179
91,2026-01-12 13:09:38,2026-01-12 13:25:57,16.3,,M14B,CAPA변경,MED,closed,N,2,182|186
92,2026-01-12 13:10:38,2026-01-12 13:10:38,0.0,6ABL6032,M16A,리프터,LOW,open,N,1,184
93,2026-01-12 13:26:31,2026-01-12 13:26:31,0.0,,M14A,CAPA변경,LOW,orphan,Y,1,187
94,2026-01-12 14:01:28,2026-01-12 14:01:28,0.0,6ABL6032,M16A,브릿지,LOW,open,N,1,188
95,2026-01-12 14:26:51,2026-01-12 14:31:51,5.0,,M14B,CAPA변경,LOW,open,N,2,189|192
96,2026-01-12 14:28:29,2026-01-12 14:28:29,0.0,,M14B,CAPA변경,LOW,open,N,1,191
97,2026-01-12 15:32:14,2026-01-12 15:32:14,0.0,,M16,정체/병목,LOW,open,N,1,193
98,2026-01-12 15:52:14,2026-01-12 15:52:14,0.0,,,,LOW,orphan,Y,1,194
99,2026-01-12 16:23:05,2026-01-12 16:23:05,0.0,4ABLD111,,리프터,LOW,open,N,1,195
100,2026-01-12 16:30:34,2026-01-12 16:30:34,0.0,,,,LOW,orphan,Y,1,197
101,2026-01-12 16:59:51,2026-01-12 16:59:51,0.0,,M14,CAPA변경,LOW,orphan,Y,1,198
102,2026-01-12 17:03:54,2026-01-12 17:03:54,0.0,,M14A,,LOW,orphan,Y,1,199
103,2026-01-12 17:06:04,2026-01-12 17:06:04,0.0,,M14B,CAPA변경,LOW,orphan,Y,1,200
104,2026-01-13 00:52:49,2026-01-13 00:52:49,0.0,,M16A,CAPA변경,LOW,open,N,1,201
105,2026-01-13 01:29:02,2026-01-13 01:29:02,0.0,,,,LOW,orphan,Y,1,203
106,2026-01-13 01:29:43,2026-01-13 01:29:43,0.0,,,,LOW,orphan,Y,1,204
107,2026-01-13 09:57:30,2026-01-13 09:57:30,0.0,4AFC3201,M16,CNV,LOW,open,N,1,205
108,2026-01-13 11:01:45,2026-01-13 11:01:45,0.0,4AFC3201,M16,CNV,LOW,open,N,1,206
109,2026-01-13 15:34:13,2026-01-13 15:34:13,0.0,,,,LOW,orphan,Y,1,207
110,2026-01-13 15:41:55,2026-01-13 15:41:55,0.0,ZT3-2호기,M16,브릿지,LOW,open,N,1,208
111,2026-01-13 16:35:44,2026-01-13 16:39:02,3.3,OHT,Bridge,정체/병목,LOW,open,N,2,211|212
112,2026-01-14 10:38:01,2026-01-14 10:40:39,2.6,,M14B,CAPA변경,LOW,open,N,2,214|215
113,2026-01-14 10:41:59,2026-01-14 10:41:59,0.0,,M14B,CAPA변경,LOW,open,N,1,216
114,2026-01-14 11:49:08,2026-01-14 11:49:08,0.0,,M14B,CAPA변경,LOW,orphan,Y,1,218
115,2026-01-14 11:51:32,2026-01-14 11:51:32,0.0,,M14B,CAPA변경,LOW,orphan,Y,1,219
116,2026-01-14 11:52:52,2026-01-14 11:52:52,0.0,,M14A,CAPA변경,LOW,orphan,Y,1,220
117,2026-01-14 18:33:18,2026-01-14 18:33:18,0.0,ZT3-2호기,,CAPA변경,LOW,orphan,Y,1,224
118,2026-01-16 22:39:39,2026-01-16 22:39:39,0.0,,M16B,정체/병목,LOW,open,N,1,225
119,2026-01-17 02:43:56,2026-01-17 02:43:56,0.0,,,,LOW,orphan,Y,1,228
120,2026-01-18 07:21:49,2026-01-18 07:21:49,0.0,6ABL0121,M16A,,LOW,open,N,1,230
121,2026-01-18 09:54:56,2026-01-18 09:54:56,0.0,6ABL0121,M16A,브릿지,LOW,open,N,1,232
122,2026-01-19 00:56:22,2026-01-19 00:56:22,0.0,,M16,정체/병목,LOW,open,N,1,237
123,2026-01-19 00:56:37,2026-01-19 00:56:37,0.0,,,정체/병목,LOW,open,N,1,238
124,2026-01-19 23:14:46,2026-01-19 23:14:46,0.0,6ABL6012,,리프터,LOW,open,N,1,241
125,2026-01-20 22:50:32,2026-01-20 22:50:32,0.0,6ABL6012,M16A,,LOW,orphan,Y,1,243
126,2026-01-21 11:02:08,2026-01-21 11:02:08,0.0,4AFC3301,M16,CNV,LOW,open,N,1,244
127,2026-01-21 16:50:51,2026-01-21 16:50:51,0.0,4AFC3201,M16,CNV,LOW,open,N,1,245
128,2026-01-21 17:48:52,2026-01-21 17:48:52,0.0,4AFC3201,M16,CNV,LOW,open,N,1,249
129,2026-01-21 21:29:39,2026-01-21 21:29:39,0.0,4AFC3201,M16,CNV,LOW,open,N,1,250
130,2026-01-21 22:20:43,2026-01-21 22:20:43,0.0,4AFC3201,M16,CNV,LOW,open,N,1,251
131,2026-01-22 08:57:42,2026-01-22 08:57:42,0.0,,,정체/병목,LOW,open,N,1,252
132,2026-01-22 08:58:11,2026-01-22 08:58:11,0.0,,,정체/병목,LOW,open,N,1,253
133,2026-01-22 09:57:38,2026-01-22 09:57:38,0.0,,,CNV,LOW,open,N,1,256
134,2026-01-22 10:24:08,2026-01-22 10:24:08,0.0,4AFC3201,,CNV,LOW,open,N,1,259
135,2026-01-22 10:34:52,2026-01-22 10:34:52,0.0,,,기타,LOW,open,N,1,261
136,2026-01-24 04:09:14,2026-01-24 04:22:33,13.3,,M14B,CAPA변경,LOW,closed,N,2,263|266
137,2026-01-24 04:11:05,2026-01-24 04:24:04,13.0,,M14B,CAPA변경,LOW,closed,N,2,265|269
138,2026-01-24 04:17:04,2026-01-24 04:17:04,0.0,4AFC3201,M14A,정체/병목,LOW,open,N,1,262
139,2026-01-24 04:22:54,2026-01-24 04:30:49,7.9,,M16A,CAPA변경,LOW,closed,N,3,267|268|271
140,2026-01-24 04:31:19,2026-01-24 04:31:19,0.0,,M16A,CAPA변경,LOW,orphan,Y,1,272
141,2026-01-24 05:04:25,2026-01-24 05:04:25,0.0,4AFC3201,M14A,CAPA변경,LOW,orphan,Y,1,273
142,2026-01-25 04:10:37,2026-01-25 04:11:32,0.9,,M14B,CAPA변경,LOW,open,N,2,274|275
143,2026-01-25 04:53:31,2026-01-25 04:55:00,1.5,,M14B,CAPA변경,LOW,open,N,2,277|278
144,2026-01-25 04:56:03,2026-01-25 04:56:03,0.0,,M14B,CAPA변경,LOW,open,N,1,279
145,2026-01-25 05:41:31,2026-01-25 05:54:02,12.5,,M14B,CAPA변경,LOW,closed,N,3,280|283|285
146,2026-01-25 05:41:45,2026-01-25 05:54:15,12.5,,M16A,CAPA변경,LOW,closed,N,3,281|282|286
147,2026-01-25 05:46:55,2026-01-25 05:59:25,12.5,,M14B,CAPA변경,LOW,closed,N,2,284|287
148,2026-01-25 06:01:02,2026-01-25 06:01:02,0.0,,M14A,CAPA변경,LOW,orphan,Y,1,288
149,2026-01-25 08:23:16,2026-01-25 08:23:16,0.0,,M16B,정체/병목,LOW,open,N,1,289
150,2026-01-25 12:21:12,2026-01-25 12:21:12,0.0,,,,LOW,orphan,Y,1,290
151,2026-01-27 10:57:46,2026-01-27 11:00:50,3.1,,M14B,CAPA변경,LOW,open,N,2,294|295
152,2026-01-27 11:14:44,2026-01-27 11:14:44,0.0,,M14A,,LOW,orphan,Y,1,297
153,2026-01-27 11:16:19,2026-01-27 11:16:19,0.0,,M14A,,LOW,orphan,Y,1,299
154,2026-01-27 11:16:49,2026-01-27 11:16:49,0.0,,M14B,CAPA변경,LOW,open,N,1,300
155,2026-01-27 11:56:45,2026-01-27 11:59:01,2.3,,M14A,CAPA변경,LOW,open,N,2,301|302
156,2026-01-27 14:54:05,2026-01-27 14:54:05,0.0,,,기타,LOW,open,N,1,303
157,2026-01-27 15:03:19,2026-01-27 15:06:19,3.0,,M14B,CAPA변경,LOW,open,N,2,305|306
158,2026-01-27 15:44:53,2026-01-27 16:05:11,20.3,,M14B,CAPA변경,MED,closed,N,3,308|309|311
159,2026-01-27 15:48:42,2026-01-27 16:06:54,18.2,,M14B,CAPA변경,MED,closed,N,2,310|312
160,2026-01-27 16:08:06,2026-01-27 16:08:06,0.0,,M14A,,LOW,orphan,Y,1,313
161,2026-01-28 11:06:10,2026-01-28 11:16:29,10.3,,M14B,CAPA변경,LOW,open,N,4,314|315|319|320
162,2026-01-28 11:08:37,2026-01-28 11:08:37,0.0,,M14B,CAPA변경,LOW,open,N,1,318
163,2026-01-28 12:12:31,2026-01-28 12:14:49,2.3,,M14A,CAPA변경,LOW,open,N,2,321|324
164,2026-01-28 12:38:15,2026-01-28 12:38:15,0.0,,M14,CAPA변경,LOW,orphan,Y,1,326
165,2026-01-28 12:40:03,2026-01-28 12:40:03,0.0,,M14A,,LOW,orphan,Y,1,327
166,2026-01-28 12:40:40,2026-01-28 12:40:40,0.0,,M14B,,LOW,orphan,Y,1,328
167,2026-01-28 17:21:31,2026-01-28 17:21:31,0.0,,M14,정체/병목,LOW,open,N,1,329
168,2026-01-28 17:23:06,2026-01-28 17:23:06,0.0,,M14B,리프터,LOW,open,N,1,332
169,2026-01-29 10:35:03,2026-01-29 11:29:14,54.2,,M14B,CAPA변경,MED,closed,N,8,334|337|338|340|341|345|347|349
170,2026-01-29 10:35:57,2026-01-29 10:46:22,10.4,,M16A,CAPA변경,LOW,open,N,2,335|339
171,2026-01-29 10:53:54,2026-01-29 10:53:54,0.0,,M14B,CAPA변경,LOW,open,N,1,342
172,2026-01-29 11:26:08,2026-01-29 11:42:34,16.4,,M14B,CAPA변경,MED,closed,N,2,348|351
173,2026-01-29 11:31:50,2026-01-29 11:31:50,0.0,,M14A,CAPA변경,LOW,orphan,Y,1,350
174,2026-01-30 19:21:52,2026-01-30 19:21:52,0.0,,,리프터,LOW,open,N,1,352
175,2026-01-30 19:36:42,2026-01-30 19:36:42,0.0,,,,LOW,orphan,Y,1,353
176,2026-01-31 20:00:07,2026-01-31 20:12:26,12.3,OHT,Bridge,정체/병목,LOW,open,N,2,354|356
177,2026-01-31 20:10:56,2026-01-31 20:10:56,0.0,,,,LOW,open,N,1,355
178,2026-01-31 20:21:42,2026-01-31 20:21:42,0.0,,M14B,CAPA변경,LOW,open,N,1,364
179,2026-01-31 20:21:50,2026-01-31 20:43:50,22.0,,M14A,CAPA변경,MED,closed,N,2,365|367
180,2026-01-31 20:44:39,2026-01-31 20:44:39,0.0,,M16A,,LOW,orphan,Y,1,368
181,2026-01-31 20:44:42,2026-01-31 20:44:42,0.0,,M14A,,LOW,orphan,Y,1,369
182,2026-01-31 20:45:33,2026-01-31 20:45:33,0.0,,M14B,,LOW,orphan,Y,1,370
183,2026-02-03 08:30:45,2026-02-03 08:30:45,0.0,,M14B,정체/병목,LOW,open,N,1,383
184,2026-02-03 08:35:28,2026-02-03 08:49:51,14.4,,M14A,정체/병목,LOW,open,N,2,385|388
185,2026-02-03 18:02:27,2026-02-03 18:02:27,0.0,,Bridge,브릿지,LOW,open,N,1,391
186,2026-02-03 23:24:10,2026-02-03 23:24:10,0.0,6ABL6032,,리프터,LOW,open,N,1,394
187,2026-02-03 23:54:52,2026-02-03 23:54:52,0.0,,,,LOW,orphan,Y,1,395
188,2026-02-04 03:11:32,2026-02-04 03:11:32,0.0,6ABL6032,,리프터,LOW,open,N,1,396
189,2026-02-04 07:39:37,2026-02-04 07:39:37,0.0,ZT#6호기,M14,브릿지,LOW,open,N,1,398
190,2026-02-04 09:13:46,2026-02-04 09:13:46,0.0,ZT 4,M16A,CAPA변경,LOW,open,N,1,404
191,2026-02-04 10:40:37,2026-02-04 10:46:53,6.3,6ABL6032,M16A,리프터,LOW,open,N,2,410|411
192,2026-02-04 11:12:41,2026-02-04 11:12:41,0.0,,,CAPA변경,LOW,orphan,Y,1,414
193,2026-02-04 11:20:00,2026-02-04 11:20:00,0.0,,,,LOW,orphan,Y,1,417
194,2026-02-04 12:25:41,2026-02-04 12:25:41,0.0,ZT 3-2호기,M16A,브릿지,LOW,open,N,1,420
195,2026-02-04 13:06:38,2026-02-04 13:06:38,0.0,ZT 3호기,,브릿지,LOW,open,N,1,422
196,2026-02-04 13:16:10,2026-02-04 13:16:10,0.0,,,,LOW,orphan,Y,1,424
197,2026-02-04 16:39:08,2026-02-04 16:39:08,0.0,,,,LOW,orphan,Y,1,431
198,2026-02-04 16:53:16,2026-02-04 16:53:16,0.0,,,,LOW,orphan,Y,1,432
199,2026-02-04 16:59:10,2026-02-04 16:59:10,0.0,,,,LOW,orphan,Y,1,433
200,2026-02-05 11:24:46,2026-02-05 11:24:46,0.0,,,,LOW,orphan,Y,1,443
201,2026-02-05 11:37:22,2026-02-05 11:37:22,0.0,,,,LOW,orphan,Y,1,444
202,2026-02-05 13:03:39,2026-02-05 13:03:39,0.0,ZT 4,M16A,CAPA변경,LOW,open,N,1,448
203,2026-02-05 14:04:13,2026-02-05 14:04:13,0.0,ZT#6호기,,정체/병목,LOW,open,N,1,450
204,2026-02-05 15:51:11,2026-02-05 15:51:11,0.0,,,,LOW,orphan,Y,1,451
205,2026-02-05 16:11:41,2026-02-05 16:11:41,0.0,ZT4,,CAPA변경,LOW,orphan,Y,1,454
206,2026-02-08 01:11:03,2026-02-08 01:11:03,0.0,,,정체/병목,LOW,open,N,1,462
207,2026-02-09 11:11:33,2026-02-09 11:27:50,16.3,,M16,CAPA변경,MED,closed,N,2,466|467
208,2026-02-10 09:01:40,2026-02-10 09:01:40,0.0,,,기타,LOW,open,N,1,469
209,2026-02-11 10:57:45,2026-02-11 10:57:45,0.0,,,기타,LOW,open,N,1,476
210,2026-02-11 13:31:06,2026-02-11 13:31:06,0.0,,,,LOW,orphan,Y,1,482
211,2026-02-11 13:43:56,2026-02-11 13:43:56,0.0,,,리프터,LOW,open,N,1,481
212,2026-02-12 10:16:56,2026-02-12 10:40:25,23.5,4AFC3301,,CNV,MED,open,N,2,485|486
213,2026-02-12 11:10:38,2026-02-12 11:19:10,8.5,,M16,CAPA변경,LOW,closed,N,2,489|490
214,2026-02-12 11:24:23,2026-02-12 11:24:23,0.0,,,,LOW,orphan,Y,1,491
215,2026-02-12 11:32:42,2026-02-12 11:32:42,0.0,,M16,기타,LOW,open,N,1,487
216,2026-02-12 12:00:20,2026-02-12 12:00:20,0.0,4AFC3201,,CNV,LOW,open,N,1,493
217,2026-02-12 12:03:05,2026-02-12 12:03:05,0.0,,,기타,LOW,open,N,1,495
218,2026-02-12 14:35:26,2026-02-12 14:35:26,0.0,,M16A,CAPA변경,LOW,open,N,1,503
219,2026-02-12 15:00:36,2026-02-12 15:00:36,0.0,4AFC3201,M16,CNV,LOW,open,N,1,506
220,2026-02-12 15:16:34,2026-02-12 15:16:34,0.0,,,정체/병목,LOW,open,N,1,509
221,2026-02-15 08:08:18,2026-02-15 08:08:18,0.0,,,리프터,LOW,open,N,1,517
222,2026-02-15 08:45:07,2026-02-15 08:45:07,0.0,,,,LOW,orphan,Y,1,518
223,2026-02-17 06:43:29,2026-02-17 06:47:53,4.4,,Bridge,정체/병목,LOW,open,N,2,519|520
224,2026-02-17 13:47:18,2026-02-17 13:47:18,0.0,,,리프터,LOW,open,N,1,521
225,2026-02-17 14:05:08,2026-02-17 14:05:08,0.0,,,,LOW,orphan,Y,1,522
226,2026-02-18 15:59:08,2026-02-18 15:59:08,0.0,,,리프터,LOW,open,N,1,523
227,2026-02-18 16:08:32,2026-02-18 16:08:32,0.0,,,,LOW,orphan,Y,1,524
228,2026-02-23 08:50:17,2026-02-23 08:55:25,5.1,OHT,Bridge,정체/병목,LOW,open,N,2,530|531
229,2026-02-25 12:10:23,2026-02-25 12:47:12,36.8,4AFC3201,,CNV,MED,open,N,3,534|535|539
230,2026-02-25 12:24:38,2026-02-25 12:46:20,21.7,OHT,Bridge,브릿지,MED,open,N,2,537|538
231,2026-02-25 13:04:48,2026-02-25 13:05:29,0.7,,M16A,CAPA변경,LOW,open,N,2,541|542
232,2026-02-25 13:37:41,2026-02-25 13:37:41,0.0,,M16A,CAPA변경,LOW,open,N,1,545
233,2026-02-25 13:39:57,2026-02-25 13:39:57,0.0,,,,LOW,open,N,1,548
234,2026-02-25 13:40:11,2026-02-25 13:40:11,0.0,,M14B,CAPA변경,LOW,open,N,1,547
235,2026-02-25 14:23:37,2026-02-25 14:23:37,0.0,,M14A,,LOW,open,N,1,556
236,2026-02-25 14:26:33,2026-02-25 14:26:33,0.0,,M16A,CAPA변경,LOW,open,N,1,557
237,2026-02-25 14:30:47,2026-02-25 14:30:47,0.0,,,,LOW,open,N,1,558
238,2026-02-25 14:58:10,2026-02-25 15:09:55,11.8,,M16A,CAPA변경,LOW,open,N,2,559|563
239,2026-02-25 15:05:38,2026-02-25 15:05:38,0.0,,M14,CAPA변경,LOW,open,N,1,560
240,2026-02-25 15:09:11,2026-02-25 15:09:11,0.0,,,,LOW,orphan,Y,1,562
241,2026-02-25 15:30:49,2026-02-25 15:30:49,0.0,4AFC3201,M16,CAPA변경,LOW,orphan,Y,1,568
242,2026-02-25 15:47:17,2026-02-25 15:47:17,0.0,,M16,CAPA변경,LOW,open,N,1,570
243,2026-02-25 15:47:51,2026-02-25 15:47:51,0.0,,M14B,CAPA변경,LOW,open,N,1,571
244,2026-02-25 15:54:21,2026-02-25 15:54:21,0.0,,M14A,CAPA변경,LOW,open,N,1,573
245,2026-02-25 15:58:58,2026-02-25 15:58:58,0.0,,M16A,CAPA변경,LOW,orphan,Y,1,572
246,2026-02-25 16:38:18,2026-02-25 16:38:18,0.0,,M14A,CAPA변경,LOW,orphan,Y,1,581
247,2026-02-25 16:39:07,2026-02-25 16:41:43,2.6,,M14B,CAPA변경,LOW,closed,N,2,582|583
248,2026-02-25 19:11:18,2026-02-25 19:11:18,0.0,4AFC3201,,CNV,LOW,open,N,1,584
249,2026-02-27 06:45:23,2026-02-27 06:45:23,0.0,4AFC3201,M16,CNV,LOW,open,N,1,585
250,2026-02-27 06:48:24,2026-02-27 06:48:24,0.0,,,,LOW,orphan,Y,1,586
251,2026-02-27 18:37:41,2026-02-27 18:57:29,19.8,4ABLD111,,리프터,MED,closed,N,2,587|588
252,2026-03-01 10:37:51,2026-03-01 10:37:51,0.0,4AFC3201,M16,정체/병목,LOW,open,N,1,589
253,2026-03-01 11:21:21,2026-03-01 11:21:21,0.0,4AFC3201,M16,,LOW,orphan,Y,1,590
254,2026-03-04 01:58:31,2026-03-04 01:58:31,0.0,6ABL0122,,리프터,LOW,open,N,1,591
255,2026-03-04 03:58:18,2026-03-04 03:58:18,0.0,6ABL0122,,,LOW,orphan,Y,1,592
256,2026-03-04 07:49:02,2026-03-04 07:49:02,0.0,6ABL0122,,CAPA변경,LOW,open,N,1,593
257,2026-03-04 17:51:49,2026-03-04 17:51:49,0.0,ZT 5-2호기,M16A,CAPA변경,LOW,orphan,Y,1,601
258,2026-03-04 17:54:33,2026-03-04 17:54:33,0.0,6ABL0122,,,LOW,open,N,1,602
259,2026-03-05 11:25:38,2026-03-05 11:25:38,0.0,ZT2-2호기,M16A,브릿지,LOW,open,N,1,607
260,2026-03-05 13:13:30,2026-03-05 13:13:30,0.0,6ABL0122,M16A,리프터,LOW,open,N,1,608
261,2026-03-05 13:53:30,2026-03-05 13:53:30,0.0,6ABL0122,M16A,리프터,LOW,open,N,1,609
262,2026-03-05 13:54:38,2026-03-05 13:54:38,0.0,ZT5-2호기,,브릿지,LOW,open,N,1,610
263,2026-03-05 16:28:36,2026-03-05 16:34:03,5.5,,M14A,CAPA변경,LOW,open,N,2,614|616
264,2026-03-05 16:29:22,2026-03-05 16:29:22,0.0,,M14B,CAPA변경,LOW,open,N,1,615
265,2026-03-05 17:18:21,2026-03-05 17:18:21,0.0,,,통신/에러,LOW,open,N,1,619
266,2026-03-05 19:14:52,2026-03-05 19:14:52,0.0,ZT 5-2호기,M16A,,LOW,orphan,Y,1,620
267,2026-03-06 12:47:56,2026-03-06 12:47:56,0.0,6ABL6022,,,LOW,orphan,Y,1,631
268,2026-03-06 22:55:11,2026-03-06 23:03:32,8.3,4ABLD111,,리프터,LOW,closed,N,2,633|634
269,2026-03-07 04:04:37,2026-03-07 04:13:11,8.6,4ABLD131,,리프터,LOW,closed,N,2,635|636
270,2026-03-08 11:56:27,2026-03-08 12:09:38,13.2,4ABLD131,,리프터,LOW,closed,N,2,638|639
271,2026-03-09 15:44:03,2026-03-09 15:44:03,0.0,OHT,M16,CNV,LOW,open,N,1,641
272,2026-03-10 10:55:22,2026-03-10 11:05:55,10.6,4ABLD132,,리프터,LOW,open,N,2,652|655
273,2026-03-10 11:00:28,2026-03-10 11:00:28,0.0,,,CAPA변경,LOW,orphan,Y,1,654
274,2026-03-10 15:39:41,2026-03-10 15:56:26,16.8,4ABLD111,,,MED,closed,N,2,657|660
275,2026-03-11 01:42:45,2026-03-11 01:42:45,0.0,,Bridge,정체/병목,LOW,open,N,1,661
276,2026-03-11 01:47:45,2026-03-11 01:50:32,2.8,,M16A,CAPA변경,LOW,closed,N,2,663|664
277,2026-03-11 01:51:00,2026-03-11 01:51:00,0.0,,M16A,CAPA변경,LOW,orphan,Y,1,665
278,2026-03-11 04:34:55,2026-03-11 04:54:33,19.6,4AFC3201,,CNV,MED,closed,N,2,666|670
279,2026-03-11 04:49:44,2026-03-11 05:01:09,11.4,,M16A,CAPA변경,LOW,closed,N,2,669|671
280,2026-03-11 05:01:19,2026-03-11 05:01:19,0.0,,M16A,CAPA변경,LOW,orphan,Y,1,672
281,2026-03-12 02:16:15,2026-03-12 02:38:08,21.9,,M16A,CAPA변경,MED,closed,N,2,674|675
282,2026-03-12 04:51:36,2026-03-12 05:05:11,13.6,,M16A,CAPA변경,LOW,closed,N,2,677|678
283,2026-03-12 05:05:46,2026-03-12 05:05:46,0.0,,M16A,CAPA변경,LOW,orphan,Y,1,679
284,2026-03-12 08:29:38,2026-03-12 08:29:38,0.0,4AFC3201,M16,CNV,LOW,open,N,1,680
285,2026-03-13 21:05:18,2026-03-13 21:05:18,0.0,4ABLD121,,리프터,LOW,open,N,1,687
286,2026-03-13 22:02:51,2026-03-13 22:02:51,0.0,4ABLD121,,,LOW,orphan,Y,1,688
287,2026-03-14 04:02:43,2026-03-14 04:02:43,0.0,6ABL6011,,리프터,LOW,open,N,1,689
288,2026-03-14 05:51:25,2026-03-14 05:52:12,0.8,4AFC3201,,CNV,LOW,open,N,2,691|693
289,2026-03-14 05:54:42,2026-03-14 05:54:42,0.0,,,,LOW,orphan,Y,1,694
290,2026-03-14 07:23:48,2026-03-14 07:23:48,0.0,6ABL6031,,리프터,LOW,open,N,1,695
291,2026-03-14 08:28:45,2026-03-14 08:28:45,0.0,,M16A,CAPA변경,LOW,orphan,Y,1,699
292,2026-03-14 08:29:19,2026-03-14 08:29:19,0.0,,M16A,,LOW,orphan,Y,1,700
293,2026-03-14 11:18:40,2026-03-14 11:47:49,29.1,4AFC3201,,CNV,MED,closed,N,2,701|704
294,2026-03-14 11:46:09,2026-03-14 11:46:09,0.0,,,,LOW,orphan,Y,1,703
295,2026-03-14 12:15:17,2026-03-14 12:15:17,0.0,4AFC3201,,CNV,LOW,open,N,1,706
296,2026-03-14 13:12:47,2026-03-14 13:12:47,0.0,,M16A,CAPA변경,LOW,orphan,Y,1,707
297,2026-03-14 13:13:32,2026-03-14 13:13:32,0.0,,M16A,CAPA변경,LOW,orphan,Y,1,709
298,2026-03-14 14:10:18,2026-03-14 14:10:18,0.0,4AFC3201,,CNV,LOW,open,N,1,710
299,2026-03-14 14:45:38,2026-03-14 14:45:38,0.0,,M16,기타,LOW,open,N,1,712
300,2026-03-14 14:54:28,2026-03-14 15:33:25,39.0,4AFC3201,,CNV,MED,closed,N,4,715|717|721|722
301,2026-03-14 15:14:29,2026-03-14 15:29:33,15.1,,M16A,CAPA변경,MED,closed,N,2,718|719
302,2026-03-14 15:30:59,2026-03-14 15:30:59,0.0,,,CAPA변경,LOW,orphan,Y,1,720
303,2026-03-16 10:12:09,2026-03-16 10:12:09,0.0,,,,LOW,orphan,Y,1,726
304,2026-03-16 11:24:35,2026-03-16 11:24:35,0.0,4AFC3201,M16,CNV,LOW,open,N,1,727
305,2026-03-16 13:55:47,2026-03-16 13:55:47,0.0,4AFC3201,M16,CNV,LOW,open,N,1,729
306,2026-03-16 19:26:05,2026-03-16 19:28:15,2.2,OHT,Bridge,브릿지,LOW,open,N,2,732|733
307,2026-03-17 10:00:27,2026-03-17 10:00:27,0.0,6ABL0130,M16,,LOW,orphan,Y,1,734
308,2026-03-17 12:01:04,2026-03-17 12:21:27,20.4,4ABLD131,,리프터,MED,open,N,2,736|737
309,2026-03-18 10:05:33,2026-03-18 10:16:22,10.8,4AFC3301,,CNV,LOW,closed,N,2,738|739
310,2026-03-18 11:28:32,2026-03-18 11:35:02,6.5,,M14B,,LOW,open,N,2,740|741
311,2026-03-18 12:14:38,2026-03-18 12:14:38,0.0,,M14,정체/병목,LOW,open,N,1,742
312,2026-03-18 12:17:23,2026-03-18 12:17:23,0.0,,M16A,CAPA변경,LOW,open,N,1,743
313,2026-03-18 12:50:27,2026-03-18 12:52:29,2.0,,M14,정체/병목,LOW,closed,N,2,744|747
314,2026-03-18 12:51:21,2026-03-18 12:51:21,0.0,,M16A,CAPA변경,LOW,orphan,Y,1,745
315,2026-03-18 12:51:53,2026-03-18 12:51:53,0.0,,M16A,CAPA변경,LOW,orphan,Y,1,746
316,2026-03-18 13:16:27,2026-03-18 13:39:00,22.6,4ABLD131,,리프터,MED,closed,N,2,748|749
317,2026-03-19 16:24:13,2026-03-19 16:24:13,0.0,,M16A,CAPA변경,LOW,open,N,1,750
318,2026-03-19 16:29:51,2026-03-19 16:29:51,0.0,4AFC3301,,CNV,LOW,open,N,1,752
319,2026-03-19 16:59:08,2026-03-19 16:59:08,0.0,,M16A,CAPA변경,LOW,orphan,Y,1,755
320,2026-03-19 17:00:13,2026-03-19 17:00:13,0.0,,,,LOW,orphan,Y,1,756
321,2026-03-19 19:13:28,2026-03-19 19:14:04,0.6,,M16A,CAPA변경,LOW,open,N,2,757|758
322,2026-03-19 19:19:08,2026-03-19 19:19:08,0.0,,,정체/병목,LOW,open,N,1,759
323,2026-03-19 20:00:37,2026-03-19 20:00:37,0.0,,M16A,CAPA변경,LOW,orphan,Y,1,763
324,2026-03-19 20:01:09,2026-03-19 20:01:09,0.0,,M16A,CAPA변경,LOW,orphan,Y,1,764
325,2026-03-20 12:08:25,2026-03-20 12:11:44,3.3,4AFC3201,,CNV,LOW,open,N,2,765|766
326,2026-03-21 23:52:33,2026-03-21 23:55:07,2.6,,M16A,CAPA변경,LOW,open,N,2,768|769
327,2026-03-22 00:18:30,2026-03-22 00:18:30,0.0,,,기타,LOW,open,N,1,770
328,2026-03-22 00:19:10,2026-03-22 00:19:10,0.0,OHT,,기타,LOW,open,N,1,772
329,2026-03-22 01:06:09,2026-03-22 01:06:09,0.0,,M16A,CAPA변경,LOW,orphan,Y,1,773
330,2026-03-22 01:06:33,2026-03-22 01:06:33,0.0,,,CAPA변경,LOW,orphan,Y,1,774
331,2026-03-22 01:29:30,2026-03-22 01:29:30,0.0,,M14B,정체/병목,LOW,open,N,1,779
332,2026-03-22 01:30:46,2026-03-22 01:30:46,0.0,,,정체/병목,LOW,open,N,1,776
333,2026-03-22 01:39:22,2026-03-22 01:39:22,0.0,,,브릿지,LOW,open,N,1,784
334,2026-03-23 08:20:51,2026-03-23 08:20:51,0.0,OHT,,브릿지,LOW,open,N,1,785
335,2026-03-23 08:22:21,2026-03-23 09:05:24,43.0,,M16A,CAPA변경,MED,closed,N,5,786|787|788|791|794
336,2026-03-23 08:48:24,2026-03-23 08:48:24,0.0,,,,LOW,orphan,Y,1,789
337,2026-03-23 08:54:17,2026-03-23 08:54:17,0.0,,,,LOW,open,N,1,790
338,2026-03-23 09:05:57,2026-03-23 09:05:57,0.0,,M14B,CAPA변경,LOW,open,N,1,795
339,2026-03-23 09:06:33,2026-03-23 09:06:33,0.0,,M14A,CAPA변경,LOW,open,N,1,796
340,2026-03-23 09:11:41,2026-03-23 09:36:27,24.8,,M14A,CAPA변경,MED,closed,N,4,798|799|801|802
341,2026-03-23 17:05:36,2026-03-23 17:05:36,0.0,6ABL0112,M16A,리프터,LOW,open,N,1,804
342,2026-03-23 18:18:34,2026-03-23 18:18:34,0.0,6ABL0112,M16A,,LOW,orphan,Y,1,805
343,2026-03-24 09:55:14,2026-03-24 10:14:45,19.5,4ABLD111,M14B,,MED,closed,N,2,806|807
344,2026-03-24 10:14:53,2026-03-24 10:31:58,17.1,4ABLD112,,,MED,closed,N,2,808|809
345,2026-03-24 10:36:06,2026-03-24 11:05:02,28.9,4ABLD121,,,MED,closed,N,2,810|811
346,2026-03-24 16:14:22,2026-03-24 16:14:22,0.0,OHT,M14B,기타,LOW,open,N,1,815
347,2026-03-24 16:47:53,2026-03-24 16:47:53,0.0,,,정체/병목,LOW,open,N,1,816
348,2026-03-24 17:03:36,2026-03-24 17:03:36,0.0,132호기,,,LOW,orphan,Y,1,824
349,2026-03-24 17:04:16,2026-03-24 17:04:16,0.0,122호기,,,LOW,orphan,Y,1,825
350,2026-03-24 17:05:03,2026-03-24 17:05:03,0.0,112호기,,,LOW,orphan,Y,1,826
351,2026-03-24 17:05:56,2026-03-24 17:05:56,0.0,111호기,,,LOW,orphan,Y,1,827
352,2026-03-24 17:12:50,2026-03-24 17:12:50,0.0,112호기,,,LOW,orphan,Y,1,830
353,2026-03-24 17:13:18,2026-03-24 17:13:18,0.0,121호기,,,LOW,orphan,Y,1,831
354,2026-03-24 17:30:50,2026-03-24 17:37:33,6.7,112호기,,,LOW,closed,N,2,834|837
355,2026-03-24 17:32:58,2026-03-24 17:32:58,0.0,131호기,,,LOW,orphan,Y,1,835
356,2026-03-24 17:39:31,2026-03-24 17:39:31,0.0,132호기,,,LOW,orphan,Y,1,838
357,2026-03-24 17:41:46,2026-03-24 17:41:46,0.0,122호기,,,LOW,orphan,Y,1,839
358,2026-03-24 18:14:47,2026-03-24 18:14:47,0.0,111호기,,,LOW,orphan,Y,1,843
359,2026-03-24 18:15:56,2026-03-24 18:15:56,0.0,121호기,,,LOW,orphan,Y,1,844
360,2026-03-24 18:18:49,2026-03-24 18:18:49,0.0,131호기,,,LOW,orphan,Y,1,845
361,2026-03-24 18:27:34,2026-03-24 18:47:51,20.3,131호기,,,MED,closed,N,3,846|850|852
362,2026-03-24 18:28:38,2026-03-24 18:30:56,2.3,121호기,,,LOW,closed,N,2,847|849
363,2026-03-24 18:46:03,2026-03-24 18:46:03,0.0,132호기,,,LOW,open,N,1,851
364,2026-03-24 18:55:35,2026-03-24 19:11:00,15.4,111호기,,,MED,closed,N,2,854|855
365,2026-03-24 19:11:10,2026-03-24 19:14:43,3.5,131호기,,,LOW,closed,N,2,856|857
366,2026-03-24 19:40:02,2026-03-24 19:43:00,3.0,132호기,,,LOW,closed,N,2,858|859
367,2026-03-24 20:49:35,2026-03-24 20:53:26,3.9,132호기,,,LOW,closed,N,2,860|861
368,2026-03-24 22:16:02,2026-03-24 22:16:02,0.0,,,,LOW,open,N,1,862
369,2026-03-24 22:21:46,2026-03-24 22:27:21,5.6,132호기,,,LOW,closed,N,2,864|866
370,2026-03-24 22:26:18,2026-03-24 22:26:18,0.0,132호기,,,LOW,orphan,Y,1,865
371,2026-03-24 23:02:10,2026-03-24 23:02:10,0.0,OHT,,,LOW,orphan,Y,1,868
372,2026-03-25 09:34:05,2026-03-25 09:34:05,0.0,4ABLD132,M14B,,LOW,open,N,1,869
373,2026-03-25 10:28:17,2026-03-25 10:56:16,28.0,,M14A,CAPA변경,MED,closed,N,4,870|876|878|879
374,2026-03-25 10:29:44,2026-03-25 10:29:44,0.0,,M14B,CAPA변경,LOW,open,N,1,872
375,2026-03-25 10:34:07,2026-03-25 10:43:53,9.8,,M16A,CAPA변경,LOW,closed,N,2,874|877
376,2026-03-25 10:56:27,2026-03-25 10:56:27,0.0,,M14B,CAPA변경,LOW,open,N,1,880
377,2026-03-25 11:37:38,2026-03-25 11:37:38,0.0,,M14B,CAPA변경,LOW,orphan,Y,1,881
378,2026-03-25 17:28:32,2026-03-25 17:40:15,11.7,,M16A,CAPA변경,LOW,closed,N,2,885|887
379,2026-03-25 17:30:10,2026-03-25 17:30:10,0.0,,M14A,CAPA변경,LOW,open,N,1,886
380,2026-03-25 18:01:20,2026-03-25 18:01:20,0.0,,M14A,CAPA변경,LOW,orphan,Y,1,888
381,2026-03-25 18:45:15,2026-03-25 18:45:15,0.0,,,,LOW,open,N,1,889
382,2026-03-25 18:47:40,2026-03-25 18:47:40,0.0,,,,LOW,orphan,Y,1,890
383,2026-03-25 22:58:53,2026-03-25 23:12:33,13.7,OHT,Bridge,브릿지,LOW,open,N,3,891|893|894
384,2026-03-25 22:59:34,2026-03-25 23:13:29,13.9,4ABLD112,,리프터,LOW,closed,N,2,892|896
385,2026-03-25 23:13:20,2026-03-25 23:15:01,1.7,4ABLD111,,정체/병목,LOW,closed,N,2,895|898
386,2026-03-25 23:14:14,2026-03-25 23:14:14,0.0,4ABLD122,,,LOW,orphan,Y,1,897
387,2026-03-26 05:57:19,2026-03-26 06:02:25,5.1,OHT,Bridge,브릿지,LOW,open,N,2,899|900
388,2026-03-26 08:24:27,2026-03-26 08:24:27,0.0,,M14B,MLUD,LOW,open,N,1,883
389,2026-03-26 13:42:48,2026-03-26 13:42:48,0.0,ZT 6호기,M16A,정체/병목,LOW,open,N,1,905
390,2026-03-27 00:53:20,2026-03-27 00:53:20,0.0,,M16A,CAPA변경,LOW,orphan,Y,1,906
391,2026-03-27 00:57:49,2026-03-27 00:57:49,0.0,,M16A,CAPA변경,LOW,orphan,Y,1,907
392,2026-03-27 01:33:35,2026-03-27 01:36:10,2.6,OHT,Bridge,브릿지,LOW,open,N,2,909|910
393,2026-03-27 16:26:43,2026-03-27 16:26:43,0.0,4ABLD122,,,LOW,open,N,1,911
394,2026-03-27 17:06:50,2026-03-27 17:06:50,0.0,,,기타,LOW,open,N,1,916
395,2026-03-27 17:08:19,2026-03-27 17:08:19,0.0,4ABLD111,,,LOW,orphan,Y,1,918
396,2026-03-27 17:09:39,2026-03-27 17:09:39,0.0,,M14B,,LOW,orphan,Y,1,919
397,2026-03-27 20:08:57,2026-03-27 20:08:57,0.0,4AFC3201,M16,CNV,LOW,open,N,1,920
398,2026-03-27 20:33:15,2026-03-27 20:33:15,0.0,,M16,,LOW,orphan,Y,1,921
399,2026-03-27 20:39:49,2026-03-27 20:39:49,0.0,4AFC3201,M16,,LOW,orphan,Y,1,922
400,2026-03-27 22:56:16,2026-03-27 22:56:16,0.0,,M14,정체/병목,LOW,open,N,1,924
401,2026-03-27 22:58:05,2026-03-27 22:58:05,0.0,,,기타,LOW,open,N,1,925
402,2026-03-29 13:18:32,2026-03-29 13:34:32,16.0,4AFC3201,M16,CNV,MED,open,N,4,936|937|938|939
403,2026-03-30 09:24:55,2026-03-30 09:24:55,0.0,6ABL0130,M16,,LOW,orphan,Y,1,941
404,2026-03-30 18:04:24,2026-03-30 18:04:24,0.0,,,브릿지,LOW,open,N,1,948
405,2026-03-31 14:52:58,2026-03-31 14:52:58,0.0,,,,LOW,orphan,Y,1,958
406,2026-04-01 08:28:29,2026-04-01 08:28:29,0.0,,,기타,LOW,open,N,1,965
407,2026-04-01 10:25:48,2026-04-01 10:25:48,0.0,ZT#6호기,M16A,브릿지,LOW,open,N,1,967
408,2026-04-02 08:00:08,2026-04-02 08:00:08,0.0,ZT#6호기,M16A,브릿지,LOW,open,N,1,972
409,2026-04-03 11:30:14,2026-04-03 11:30:14,0.0,,,리프터,LOW,open,N,1,984
410,2026-04-03 11:41:21,2026-04-03 11:41:21,0.0,,,,LOW,orphan,Y,1,985
411,2026-04-03 11:42:35,2026-04-03 11:42:35,0.0,,,리프터,LOW,open,N,1,986
412,2026-04-03 12:14:54,2026-04-03 12:14:54,0.0,,,,LOW,orphan,Y,1,987
413,2026-04-04 01:08:05,2026-04-04 01:08:05,0.0,,Bridge,CAPA변경,LOW,open,N,1,989
414,2026-04-04 01:10:59,2026-04-04 01:10:59,0.0,,M16A,CAPA변경,LOW,open,N,1,991
415,2026-04-04 01:12:32,2026-04-04 01:44:15,31.7,,M14A,CAPA변경,MED,closed,N,4,992|993|995|999
416,2026-04-04 01:43:11,2026-04-04 01:43:11,0.0,,M16A,CAPA변경,LOW,orphan,Y,1,997
417,2026-04-04 01:43:49,2026-04-04 01:43:49,0.0,,M16A,,LOW,orphan,Y,1,998
418,2026-04-04 01:45:24,2026-04-04 01:45:24,0.0,,M14B,,LOW,orphan,Y,1,1000
419,2026-04-04 01:46:18,2026-04-04 01:46:18,0.0,,M14A,,LOW,orphan,Y,1,1001
420,2026-04-05 04:03:07,2026-04-05 04:32:22,29.2,,M14A,CAPA변경,MED,closed,N,2,1002|1005
421,2026-04-05 04:32:50,2026-04-05 04:32:50,0.0,,M14B,,LOW,orphan,Y,1,1006
422,2026-04-05 04:33:45,2026-04-05 04:33:45,0.0,,M14A,,LOW,orphan,Y,1,1007
423,2026-04-05 06:17:20,2026-04-05 06:17:20,0.0,,M14A,CAPA변경,LOW,open,N,1,1008
424,2026-04-05 06:31:02,2026-04-05 06:47:49,16.8,,M16A,CAPA변경,MED,closed,N,3,1011|1012|1013
425,2026-04-05 06:49:28,2026-04-05 06:49:28,0.0,,M16A,,LOW,orphan,Y,1,1014
426,2026-04-05 07:06:30,2026-04-05 07:06:30,0.0,,M14A,CAPA변경,LOW,orphan,Y,1,1015
427,2026-04-05 07:08:43,2026-04-05 07:08:43,0.0,,M14A,,LOW,orphan,Y,1,1016
428,2026-04-05 07:09:50,2026-04-05 07:09:50,0.0,,M14B,,LOW,orphan,Y,1,1017
429,2026-04-07 10:01:00,2026-04-07 10:01:00,0.0,,,리프터,LOW,open,N,1,1029
430,2026-04-07 10:09:56,2026-04-07 10:09:56,0.0,,,,LOW,orphan,Y,1,1030
431,2026-04-07 10:54:56,2026-04-07 10:54:56,0.0,,,리프터,LOW,open,N,1,1031
432,2026-04-07 11:05:51,2026-04-07 11:05:51,0.0,,,,LOW,orphan,Y,1,1032
433,2026-04-07 11:58:42,2026-04-07 11:58:42,0.0,,,리프터,LOW,open,N,1,1034
434,2026-04-07 12:09:13,2026-04-07 12:09:13,0.0,,,,LOW,orphan,Y,1,1035
435,2026-04-07 12:59:26,2026-04-07 12:59:26,0.0,,,리프터,LOW,open,N,1,1036
436,2026-04-07 13:06:22,2026-04-07 13:06:22,0.0,,,,LOW,orphan,Y,1,1037
437,2026-04-07 13:57:09,2026-04-07 13:57:09,0.0,,,리프터,LOW,open,N,1,1038
438,2026-04-07 14:03:35,2026-04-07 14:03:35,0.0,,,,LOW,orphan,Y,1,1039
439,2026-04-09 01:02:30,2026-04-09 01:21:23,18.9,4AFC3201,M16,정체/병목,MED,open,N,3,1045|1046|1047
440,2026-04-09 09:26:42,2026-04-09 09:26:42,0.0,,,리프터,LOW,open,N,1,1048
441,2026-04-09 09:51:40,2026-04-09 09:51:40,0.0,,,기타,LOW,open,N,1,1049
442,2026-04-09 10:27:17,2026-04-09 10:27:17,0.0,,,,LOW,orphan,Y,1,1050
443,2026-04-09 10:36:37,2026-04-09 10:36:37,0.0,,,,LOW,orphan,Y,1,1051
444,2026-04-09 11:10:43,2026-04-09 11:10:43,0.0,,,리프터,LOW,open,N,1,1052
445,2026-04-09 16:03:34,2026-04-09 16:03:34,0.0,ZT#4,M16A,,LOW,orphan,Y,1,1053
446,2026-04-10 09:31:16,2026-04-10 09:31:16,0.0,,,통신/에러,LOW,open,N,1,1054
447,2026-04-10 09:31:18,2026-04-10 09:31:18,0.0,4AFC3201,M16,CNV,LOW,open,N,1,1055
448,2026-04-12 08:20:58,2026-04-12 08:20:58,0.0,,,리프터,LOW,open,N,1,1056
449,2026-04-12 08:44:21,2026-04-12 08:44:21,0.0,,,,LOW,orphan,Y,1,1057
450,2026-04-12 22:04:12,2026-04-12 22:04:12,0.0,,,리프터,LOW,open,N,1,1058
451,2026-04-13 01:49:41,2026-04-13 01:49:41,0.0,4ABLD122,,리프터,LOW,open,N,1,1061
452,2026-04-13 14:20:23,2026-04-13 14:20:23,0.0,ZT 6호기,M16A,브릿지,LOW,open,N,1,1068
453,2026-04-13 14:53:34,2026-04-13 14:53:34,0.0,6FIOB101,,정체/병목,LOW,open,N,1,1069
454,2026-04-16 10:48:19,2026-04-16 11:12:56,24.6,,M14A,CAPA변경,MED,closed,N,3,1072|1076|1079
455,2026-04-16 10:48:48,2026-04-16 11:12:08,23.3,,M16A,CAPA변경,MED,closed,N,3,1073|1074|1077
456,2026-04-16 10:49:13,2026-04-16 11:14:12,25.0,,M14B,CAPA변경,MED,closed,N,2,1075|1080
457,2026-04-16 11:12:50,2026-04-16 11:12:50,0.0,,,,LOW,orphan,Y,1,1078
458,2026-04-16 11:19:26,2026-04-16 11:19:26,0.0,,M14A,CAPA변경,LOW,orphan,Y,1,1085
459,2026-04-19 09:04:08,2026-04-19 09:04:08,0.0,,M14,리프터,LOW,open,N,1,1089
460,2026-04-21 09:15:17,2026-04-21 09:15:17,0.0,6FIOB102,M16,정체/병목,LOW,open,N,1,1093
461,2026-04-21 11:43:02,2026-04-21 11:43:02,0.0,6FIOB102,Bridge,정체/병목,LOW,open,N,1,1094
462,2026-04-21 14:10:45,2026-04-21 14:52:08,41.4,,Bridge,브릿지,MED,open,N,3,1095|1098|1099
463,2026-04-21 14:11:42,2026-04-21 14:11:42,0.0,,M14A,,LOW,orphan,Y,1,1097
464,2026-04-22 08:04:35,2026-04-22 08:04:35,0.0,,,기타,LOW,open,N,1,1117
465,2026-04-22 10:43:55,2026-04-22 10:43:55,0.0,,,정체/병목,LOW,open,N,1,1142
466,2026-04-22 14:34:56,2026-04-22 14:34:56,0.0,OHT,Bridge,,LOW,orphan,Y,1,1186
467,2026-04-22 17:41:13,2026-04-22 17:41:13,0.0,,Bridge,브릿지,LOW,open,N,1,1205
468,2026-04-22 18:16:26,2026-04-22 18:16:26,0.0,,,,LOW,orphan,Y,1,1218
469,2026-04-22 19:10:26,2026-04-22 19:10:26,0.0,4ABLD131,,리프터,LOW,open,N,1,1219
470,2026-04-22 19:18:17,2026-04-22 19:18:17,0.0,,,리프터,LOW,open,N,1,1220
471,2026-04-22 19:33:11,2026-04-22 19:33:11,0.0,,,,LOW,open,N,1,1221
472,2026-04-22 20:39:37,2026-04-22 20:39:37,0.0,4ABLD131,,,LOW,orphan,Y,1,1222
473,2026-04-22 21:07:14,2026-04-22 21:07:14,0.0,,,,LOW,open,N,1,1224
474,2026-04-23 01:23:08,2026-04-23 01:23:08,0.0,6ABL6032,M16,,LOW,orphan,Y,1,1225
475,2026-04-23 15:36:16,2026-04-23 15:36:16,0.0,6ABL6011,M16A,리프터,LOW,open,N,1,1227
476,2026-04-23 15:56:32,2026-04-23 15:56:32,0.0,,,기타,LOW,open,N,1,1228
477,2026-04-23 16:39:03,2026-04-23 16:39:03,0.0,6ABL6011,M16A,,LOW,open,N,1,1229
478,2026-04-23 16:42:21,2026-04-23 16:42:21,0.0,,,기타,LOW,open,N,1,1230
479,2026-04-24 03:27:18,2026-04-24 03:41:01,13.7,4ABLD111,,리프터,LOW,closed,N,2,1231|1232
480,2026-04-24 05:14:05,2026-04-24 05:14:05,0.0,6ABL6011,M16A,리프터,LOW,open,N,1,1233
481,2026-04-24 06:03:12,2026-04-24 06:26:23,23.2,,M16A,CAPA변경,MED,closed,N,2,1234|1236
482,2026-04-24 06:26:47,2026-04-24 06:26:47,0.0,,,,LOW,orphan,Y,1,1237
483,2026-04-24 06:41:52,2026-04-24 06:41:52,0.0,6ABL6011,M16A,리프터,LOW,open,N,1,1238
484,2026-04-25 11:54:32,2026-04-25 11:54:32,0.0,OHT,M14B,정체/병목,LOW,open,N,1,1239
485,2026-04-25 11:55:08,2026-04-25 11:55:08,0.0,,M16,정체/병목,LOW,open,N,1,1240
486,2026-04-25 20:42:12,2026-04-25 20:42:12,0.0,4ABLD112,,리프터,LOW,open,N,1,1252
487,2026-04-25 21:40:53,2026-04-25 21:40:53,0.0,4ABLD112,,,LOW,orphan,Y,1,1253
488,2026-04-27 05:22:54,2026-04-27 05:22:54,0.0,,M14,CAPA변경,LOW,open,N,1,1254
489,2026-04-27 05:24:55,2026-04-27 05:24:55,0.0,,M14A,CAPA변경,LOW,open,N,1,1256
490,2026-04-27 06:24:53,2026-04-27 06:24:53,0.0,,M14,CAPA변경,LOW,orphan,Y,1,1257
491,2026-04-27 06:27:11,2026-04-27 06:27:11,0.0,,M14A,CAPA변경,LOW,orphan,Y,1,1258
492,2026-04-27 06:27:28,2026-04-27 06:27:28,0.0,,M14B,,LOW,orphan,Y,1,1259
493,2026-04-27 08:19:57,2026-04-27 08:19:57,0.0,,,정체/병목,LOW,open,N,1,1260
494,2026-04-27 08:29:16,2026-04-27 08:29:16,0.0,,,리프터,LOW,open,N,1,1262
495,2026-04-27 08:48:16,2026-04-27 08:48:16,0.0,4ABLD132,,,LOW,orphan,Y,1,1263
496,2026-04-30 09:26:20,2026-04-30 09:49:16,22.9,4ABLD131,,리프터,MED,closed,N,2,1270|1271
497,2026-05-06 11:49:11,2026-05-06 12:05:10,16.0,4ABLD131,,리프터,MED,closed,N,2,1272|1273
498,2026-05-07 07:31:26,2026-05-07 07:36:03,4.6,132호기,,,LOW,closed,N,2,1275|1276
499,2026-05-07 07:40:21,2026-05-07 07:40:21,0.0,4ABLD122,Hubroom,,LOW,open,N,1,1277
500,2026-05-07 07:42:59,2026-05-07 07:42:59,0.0,,,,LOW,orphan,Y,1,1278
501,2026-05-07 08:57:59,2026-05-07 08:57:59,0.0,,M14B,정체/병목,LOW,open,N,1,1286
502,2026-05-07 10:36:21,2026-05-07 10:37:29,1.1,ZT 3호기,BRIDGE,정체/병목,LOW,open,N,2,1291|1292
503,2026-05-07 14:48:31,2026-05-07 14:48:31,0.0,ZT4-2호기,M16A,브릿지,LOW,open,N,1,1293
504,2026-05-08 11:38:17,2026-05-08 11:39:44,1.4,,M14A,CAPA변경,LOW,open,N,2,1296|1299
505,2026-05-08 11:39:26,2026-05-08 11:55:34,16.1,,M16A,CAPA변경,MED,closed,N,3,1297|1301|1302
506,2026-05-08 11:40:27,2026-05-08 11:40:27,0.0,6ABL0121,M16,정체/병목,LOW,open,N,1,1300
507,2026-05-08 12:07:31,2026-05-08 12:07:31,0.0,,,정체/병목,LOW,open,N,1,1303
508,2026-05-08 12:41:26,2026-05-08 12:41:26,0.0,OHT,BRIDGE,정체/병목,LOW,open,N,1,1310
509,2026-05-08 12:43:02,2026-05-08 12:43:02,0.0,,M16B,,LOW,orphan,Y,1,1313
510,2026-05-08 12:44:01,2026-05-08 12:44:01,0.0,,,정체/병목,LOW,open,N,1,1316
511,2026-05-08 12:45:27,2026-05-08 12:45:27,0.0,,,정체/병목,LOW,open,N,1,1317
512,2026-05-08 12:46:04,2026-05-08 12:46:04,0.0,,M16B,정체/병목,LOW,open,N,1,1321
513,2026-05-08 13:02:51,2026-05-08 13:02:51,0.0,,M14A,CAPA변경,LOW,open,N,1,1324
514,2026-05-08 14:51:00,2026-05-08 14:51:00,0.0,,M16A,정체/병목,LOW,open,N,1,1336
515,2026-05-08 15:37:48,2026-05-08 15:37:48,0.0,,M14A,CAPA변경,LOW,orphan,Y,1,1338
516,2026-05-08 15:40:07,2026-05-08 15:40:07,0.0,,Bridge,CAPA변경,LOW,orphan,Y,1,1339
517,2026-05-08 15:40:48,2026-05-08 15:40:48,0.0,,M14B,CAPA변경,LOW,orphan,Y,1,1340
518,2026-05-08 15:43:54,2026-05-08 15:43:54,0.0,,,,LOW,orphan,Y,1,1341
519,2026-05-08 15:49:35,2026-05-08 15:49:35,0.0,,M16B,,LOW,orphan,Y,1,1342
520,2026-05-08 16:06:29,2026-05-08 16:06:29,0.0,,Bridge,,LOW,orphan,Y,1,1344
521,2026-05-08 16:16:18,2026-05-08 16:16:18,0.0,4AFC3201,M16,CNV,LOW,open,N,1,1345
522,2026-05-08 16:33:28,2026-05-08 16:33:28,0.0,,,,LOW,orphan,Y,1,1346
523,2026-05-09 17:39:41,2026-05-09 17:39:41,0.0,4AFC3201,M16,CNV,LOW,open,N,1,1347
524,2026-05-09 17:45:29,2026-05-09 17:45:29,0.0,,,,LOW,orphan,Y,1,1348
525,2026-05-09 17:59:14,2026-05-09 17:59:14,0.0,,,CNV,LOW,open,N,1,1350
526,2026-05-09 18:14:18,2026-05-09 18:14:18,0.0,,,,LOW,orphan,Y,1,1351
527,2026-05-10 02:33:08,2026-05-10 02:33:08,0.0,,,기타,LOW,open,N,1,1352
528,2026-05-10 02:34:51,2026-05-10 02:37:19,2.5,,M16A,CAPA변경,LOW,open,N,2,1354|1355
529,2026-05-10 04:46:33,2026-05-10 04:46:33,0.0,,,정체/병목,LOW,open,N,1,1357
530,2026-05-10 04:49:32,2026-05-10 04:49:32,0.0,,,정체/병목,LOW,open,N,1,1358
531,2026-05-10 04:51:23,2026-05-10 04:51:23,0.0,OHT,Bridge,브릿지,LOW,open,N,1,1359
532,2026-05-10 10:29:10,2026-05-10 10:29:10,0.0,,M16A,CAPA변경,LOW,orphan,Y,1,1363
533,2026-05-10 10:36:16,2026-05-10 10:36:16,0.0,,M16A,CAPA변경,LOW,orphan,Y,1,1364
534,2026-05-10 12:17:31,2026-05-10 12:17:31,0.0,,M16A,CAPA변경,LOW,orphan,Y,1,1365
535,2026-05-10 12:31:37,2026-05-10 12:31:37,0.0,,M16A,CAPA변경,LOW,orphan,Y,1,1366
536,2026-05-10 22:34:19,2026-05-10 22:38:23,4.1,4AFC3301,,CNV,LOW,open,N,2,1367|1368
537,2026-05-10 23:59:35,2026-05-10 23:59:35,0.0,,M16A,CAPA변경,LOW,open,N,1,1369
538,2026-05-11 01:52:30,2026-05-11 01:52:30,0.0,,M16,기타,LOW,open,N,1,1377
539,2026-05-11 01:57:13,2026-05-11 01:57:13,0.0,,,,LOW,orphan,Y,1,1378
540,2026-05-11 07:44:45,2026-05-11 07:44:45,0.0,OHT,Bridge,브릿지,LOW,open,N,1,1379
541,2026-05-11 07:49:47,2026-05-11 07:49:47,0.0,,,,LOW,orphan,Y,1,1380
542,2026-05-11 10:03:13,2026-05-11 10:03:13,0.0,4ABLD111,,리프터,LOW,open,N,1,1381
543,2026-05-11 10:27:52,2026-05-11 10:27:52,0.0,,,,LOW,orphan,Y,1,1382
544,2026-05-11 15:57:17,2026-05-11 15:57:17,0.0,4AFC3201,M16,CNV,LOW,open,N,1,1384
545,2026-05-11 16:24:43,2026-05-11 16:33:08,8.4,4AFC3301,,CAPA변경,LOW,closed,N,2,1385|1388
546,2026-05-11 16:26:14,2026-05-11 16:26:14,0.0,,M16,CAPA변경,LOW,open,N,1,1386
547,2026-05-11 16:29:12,2026-05-11 16:29:12,0.0,4AFC3201,M16,정체/병목,LOW,open,N,1,1387
548,2026-05-11 16:41:31,2026-05-11 16:41:31,0.0,,M16A,CAPA변경,LOW,open,N,1,1389
549,2026-05-11 16:55:33,2026-05-11 16:55:33,0.0,,,CAPA변경,LOW,orphan,Y,1,1390
550,2026-05-11 23:11:03,2026-05-11 23:11:03,0.0,4AFC3301,M16,정체/병목,LOW,open,N,1,1391
551,2026-05-12 10:41:48,2026-05-12 10:41:48,0.0,4ABLD111,,리프터,LOW,open,N,1,1396
552,2026-05-12 11:01:53,2026-05-12 11:01:53,0.0,,,,LOW,orphan,Y,1,1397
553,2026-05-12 15:11:13,2026-05-12 15:11:13,0.0,,,브릿지,LOW,open,N,1,1401
554,2026-05-12 23:41:59,2026-05-12 23:41:59,0.0,,M16A,CAPA변경,LOW,open,N,1,1408
555,2026-05-12 23:52:50,2026-05-12 23:52:50,0.0,M16E OHT,M16E,정체/병목,LOW,open,N,1,1412
556,2026-05-12 23:56:27,2026-05-12 23:56:27,0.0,112호기,,,LOW,orphan,Y,1,1413
557,2026-05-12 23:57:38,2026-05-12 23:57:38,0.0,,,,LOW,orphan,Y,1,1414
558,2026-05-12 23:58:52,2026-05-12 23:58:52,0.0,,,,LOW,orphan,Y,1,1415
559,2026-05-13 00:00:22,2026-05-13 00:00:22,0.0,,,,LOW,orphan,Y,1,1416
560,2026-05-13 00:01:13,2026-05-13 00:01:13,0.0,,,,LOW,orphan,Y,1,1417
561,2026-05-13 00:08:52,2026-05-13 00:08:52,0.0,,M16E,기타,LOW,open,N,1,1411
562,2026-05-13 00:09:08,2026-05-13 00:09:08,0.0,OHT,M14B,정체/병목,LOW,open,N,1,1409
563,2026-05-13 01:08:18,2026-05-13 01:08:18,0.0,,M16A,CAPA변경,LOW,orphan,Y,1,1418
564,2026-05-13 01:09:13,2026-05-13 01:09:13,0.0,,M16A,CAPA변경,LOW,orphan,Y,1,1419
565,2026-05-13 05:39:30,2026-05-13 05:58:30,19.0,OHT,Bridge,정체/병목,MED,closed,N,2,1420|1425
566,2026-05-13 05:52:34,2026-05-13 05:52:34,0.0,,,정체/병목,LOW,open,N,1,1421
567,2026-05-13 05:53:10,2026-05-13 05:53:10,0.0,M16E OHT,M16E,,LOW,orphan,Y,1,1422
568,2026-05-13 05:53:35,2026-05-13 05:53:35,0.0,,,정체/병목,LOW,open,N,1,1423
569,2026-05-13 07:07:15,2026-05-13 07:07:15,0.0,,,정체/병목,LOW,open,N,1,1430
570,2026-05-13 07:09:48,2026-05-13 07:09:48,0.0,OHT,,정체/병목,LOW,open,N,1,1433
571,2026-05-13 07:09:58,2026-05-13 07:15:26,5.5,6FIO103,,정체/병목,LOW,open,N,2,1434|1439
572,2026-05-13 07:11:10,2026-05-13 07:11:10,0.0,,,정체/병목,LOW,open,N,1,1436
573,2026-05-13 07:15:12,2026-05-13 07:15:12,0.0,,,,LOW,orphan,Y,1,1440
574,2026-05-13 07:28:00,2026-05-13 07:28:00,0.0,,,CAPA변경,LOW,orphan,Y,1,1446
575,2026-05-14 10:02:31,2026-05-14 10:08:14,5.7,,M14B,CAPA변경,LOW,open,N,2,1452|1455
576,2026-05-14 10:03:45,2026-05-14 10:03:45,0.0,,M14B,CAPA변경,LOW,open,N,1,1453
577,2026-05-14 10:04:22,2026-05-14 10:08:44,4.4,,Hubroom,정체/병목,LOW,open,N,2,1454|1456
578,2026-05-14 10:14:22,2026-05-14 10:14:22,0.0,,M14B,CAPA변경,LOW,open,N,1,1457
579,2026-05-14 10:14:32,2026-05-14 10:14:32,0.0,,,,LOW,orphan,Y,1,1458
580,2026-05-14 10:14:40,2026-05-14 10:14:40,0.0,,M14A,,LOW,orphan,Y,1,1459
581,2026-05-14 10:14:50,2026-05-14 10:14:50,0.0,,,,LOW,orphan,Y,1,1460
582,2026-05-14 10:16:04,2026-05-14 10:16:04,0.0,,M14A,,LOW,orphan,Y,1,1463
583,2026-05-14 10:16:39,2026-05-14 10:16:39,0.0,OHT,M14B,CAPA변경,LOW,open,N,1,1464
584,2026-05-14 11:57:15,2026-05-14 12:21:57,24.7,4ABLD131,,리프터,MED,closed,N,2,1465|1466
585,2026-05-14 16:03:14,2026-05-14 16:03:14,0.0,ZT#6호기,M16,브릿지,LOW,open,N,1,1468
586,2026-05-15 09:10:08,2026-05-15 09:10:08,0.0,4AFC3201,M16,정체/병목,LOW,open,N,1,1470
587,2026-05-15 14:33:42,2026-05-15 14:33:42,0.0,ZT#4,,브릿지,LOW,open,N,1,1472
588,2026-05-16 03:49:58,2026-05-16 04:09:30,19.5,4ABLD121,,리프터,MED,closed,N,2,1473|1474
589,2026-05-16 07:45:25,2026-05-16 08:00:06,14.7,4ABLD121,,리프터,LOW,closed,N,2,1475|1476
590,2026-05-17 01:04:40,2026-05-17 01:04:40,0.0,,,기타,LOW,open,N,1,1478
591,2026-05-18 07:58:07,2026-05-18 07:58:07,0.0,ZT#4,,브릿지,LOW,open,N,1,1480
592,2026-05-18 10:11:38,2026-05-18 10:11:38,0.0,,,,LOW,orphan,Y,1,1482
593,2026-05-18 10:16:37,2026-05-18 10:16:37,0.0,,,,LOW,orphan,Y,1,1487
594,2026-05-18 10:16:51,2026-05-18 10:16:51,0.0,,,,LOW,orphan,Y,1,1488
595,2026-05-18 10:17:10,2026-05-18 10:17:10,0.0,,,,LOW,orphan,Y,1,1489
596,2026-05-18 10:20:04,2026-05-18 10:20:04,0.0,,,,LOW,orphan,Y,1,1491
597,2026-05-18 15:17:43,2026-05-18 15:39:51,22.1,,M16A,CAPA변경,MED,open,N,2,1505|1513
598,2026-05-18 15:28:05,2026-05-18 15:39:13,11.1,,M14B,CAPA변경,LOW,open,N,2,1510|1512
599,2026-05-18 15:31:40,2026-05-18 15:47:46,16.1,,M16A,CAPA변경,MED,closed,N,2,1511|1515
600,2026-05-18 15:47:25,2026-05-18 15:47:25,0.0,,,정체/병목,LOW,open,N,1,1514
601,2026-05-18 15:55:26,2026-05-18 15:55:26,0.0,,M14A,,LOW,orphan,Y,1,1517
602,2026-05-18 15:55:32,2026-05-18 15:55:32,0.0,,M16A,,LOW,orphan,Y,1,1518
603,2026-05-18 15:55:39,2026-05-18 15:55:39,0.0,,,,LOW,orphan,Y,1,1519
604,2026-05-19 09:10:19,2026-05-19 09:10:19,0.0,,M14B,CAPA변경,LOW,open,N,1,1534
605,2026-05-19 09:11:03,2026-05-19 09:11:03,0.0,,M16A,CAPA변경,LOW,open,N,1,1535
606,2026-05-19 09:52:23,2026-05-19 09:52:23,0.0,,M16A,CAPA변경,LOW,orphan,Y,1,1543
607,2026-05-19 14:05:47,2026-05-19 14:05:47,0.0,,,CAPA변경,LOW,open,N,1,1550
608,2026-05-19 14:55:59,2026-05-19 14:55:59,0.0,4AFC3201,M16,정체/병목,LOW,open,N,1,1558
609,2026-05-19 15:45:16,2026-05-19 15:45:16,0.0,,,,LOW,orphan,Y,1,1565
610,2026-05-19 15:46:29,2026-05-19 15:46:29,0.0,,,CAPA변경,LOW,orphan,Y,1,1567
611,2026-05-20 06:36:32,2026-05-20 06:36:32,0.0,ZT4-2호기,,브릿지,LOW,open,N,1,1569
612,2026-05-21 13:31:11,2026-05-21 13:31:11,0.0,6ABL0121,M16A,리프터,LOW,open,N,1,1579
613,2026-05-21 14:27:37,2026-05-21 14:27:37,0.0,6ABL0121,,정체/병목,LOW,open,N,1,1585
614,2026-05-21 16:51:55,2026-05-21 16:51:55,0.0,ZT5-1,,CAPA변경,LOW,open,N,1,1594
615,2026-05-21 16:54:45,2026-05-21 16:56:53,2.1,ZT5-1호기,,CAPA변경,LOW,open,N,2,1596|1597
616,2026-05-21 17:10:07,2026-05-21 17:13:17,3.2,,M14B,CAPA변경,LOW,open,N,2,1600|1602
617,2026-05-21 17:11:20,2026-05-21 17:11:20,0.0,,M14B,CAPA변경,LOW,open,N,1,1601
618,2026-05-21 17:33:32,2026-05-21 17:39:28,5.9,,M16A,CAPA변경,LOW,open,N,2,1611|1616
619,2026-05-21 17:40:03,2026-05-21 17:40:03,0.0,,M16,정체/병목,LOW,open,N,1,1618
620,2026-05-21 17:40:40,2026-05-21 17:40:40,0.0,,,,LOW,orphan,Y,1,1619
621,2026-05-21 18:45:18,2026-05-21 18:45:18,0.0,,M16A,CAPA변경,LOW,orphan,Y,1,1623
622,2026-05-21 18:48:41,2026-05-21 18:48:41,0.0,ZT5,,CAPA변경,LOW,orphan,Y,1,1624
623,2026-05-21 19:02:38,2026-05-21 19:29:08,26.5,,M14B,CAPA변경,MED,closed,N,3,1626|1629|1630
624,2026-05-21 19:46:40,2026-05-21 19:46:40,0.0,,,,LOW,orphan,Y,1,1631
625,2026-05-21 21:18:52,2026-05-21 21:19:57,1.1,,M16A,CAPA변경,LOW,open,N,2,1633|1634
626,2026-05-21 21:31:09,2026-05-21 21:32:26,1.3,,M14B,CAPA변경,LOW,open,N,2,1635|1637
627,2026-05-21 21:31:45,2026-05-21 21:31:45,0.0,,M14B,CAPA변경,LOW,open,N,1,1636
628,2026-05-24 12:18:54,2026-05-24 12:18:54,0.0,6ABL0111,M16A,리프터,LOW,open,N,1,1647
629,2026-05-24 12:50:43,2026-05-24 12:50:43,0.0,,,,LOW,orphan,Y,1,1648
630,2026-05-25 16:14:23,2026-05-25 16:14:23,0.0,6AFS6201,,기타,LOW,open,N,1,1649
631,2026-05-25 17:04:06,2026-05-25 17:04:06,0.0,,M16A,CAPA변경,LOW,open,N,1,1653
632,2026-05-25 17:06:43,2026-05-25 17:06:43,0.0,,M14B,CAPA변경,LOW,open,N,1,1655
633,2026-05-25 17:09:12,2026-05-25 17:09:12,0.0,,M14B,CAPA변경,LOW,open,N,1,1656
634,2026-05-25 17:37:06,2026-05-25 17:37:06,0.0,,M14,CAPA변경,LOW,orphan,Y,1,1657
635,2026-05-25 17:37:40,2026-05-25 17:37:40,0.0,,,,LOW,orphan,Y,1,1658
636,2026-05-25 17:37:52,2026-05-25 17:37:52,0.0,,,,LOW,orphan,Y,1,1659
637,2026-05-25 17:41:32,2026-05-25 17:41:32,0.0,,M14B,,LOW,orphan,Y,1,1660
638,2026-05-25 18:02:22,2026-05-25 18:02:22,0.0,,M16,CAPA변경,LOW,open,N,1,1661
639,2026-05-25 18:34:43,2026-05-25 18:34:43,0.0,OHT,,정체/병목,LOW,open,N,1,1663
640,2026-05-25 18:39:50,2026-05-25 18:39:50,0.0,,M14B,CAPA변경,LOW,open,N,1,1664
641,2026-05-25 18:41:32,2026-05-25 18:41:32,0.0,,M14B,CAPA변경,LOW,open,N,1,1665
642,2026-05-25 19:56:42,2026-05-25 19:56:42,0.0,,,CAPA변경,LOW,open,N,1,1670
643,2026-05-25 20:18:17,2026-05-25 20:18:17,0.0,,M16A,CAPA변경,LOW,open,N,1,1689
644,2026-05-25 20:19:47,2026-05-25 20:19:47,0.0,,M16A,CAPA변경,LOW,orphan,Y,1,1692
645,2026-05-25 21:23:22,2026-05-25 21:23:22,0.0,,M16,기타,LOW,open,N,1,1703
646,2026-05-25 22:06:35,2026-05-25 22:06:35,0.0,,M14B,CAPA변경,LOW,orphan,Y,1,1706
647,2026-05-25 22:13:14,2026-05-25 22:13:14,0.0,,M14A,CAPA변경,LOW,orphan,Y,1,1708
648,2026-05-26 17:03:23,2026-05-26 17:03:23,0.0,ZT5-1호기,M16A,브릿지,LOW,open,N,1,1722
649,2026-05-26 21:10:05,2026-05-26 21:10:05,0.0,,,기타,LOW,open,N,1,1723
650,2026-05-27 08:16:59,2026-05-27 08:16:59,0.0,ZT5-1호기,,정체/병목,LOW,open,N,1,1727
651,2026-05-27 08:50:03,2026-05-27 08:50:03,0.0,6ABL0121,M16A,,LOW,open,N,1,1728
652,2026-05-27 13:31:07,2026-05-27 13:31:07,0.0,6ABL0121,,,LOW,orphan,Y,1,1729
653,2026-05-27 13:47:50,2026-05-27 13:47:50,0.0,6ABL0121,M16,CAPA변경,LOW,open,N,1,1731
654,2026-05-27 13:50:05,2026-05-27 13:50:05,0.0,,M14A,CAPA변경,LOW,open,N,1,1732
655,2026-05-27 14:22:06,2026-05-27 14:22:06,0.0,,M14A,CAPA변경,LOW,orphan,Y,1,1734
656,2026-05-27 15:30:51,2026-05-27 15:30:51,0.0,,,,LOW,orphan,Y,1,1737
657,2026-05-29 08:16:42,2026-05-29 08:16:42,0.0,6ABL6032,M16A,브릿지,LOW,open,N,1,1742
658,2026-05-29 08:46:56,2026-05-29 08:46:56,0.0,6ABL6032,,,LOW,orphan,Y,1,1744
659,2026-05-29 08:58:33,2026-05-29 08:58:33,0.0,6ABL6032,M16A,브릿지,LOW,open,N,1,1745
660,2026-05-29 10:06:10,2026-05-29 10:06:10,0.0,6ABL6032,,,LOW,orphan,Y,1,1746
661,2026-05-29 10:18:56,2026-05-29 10:18:56,0.0,6ABL6032,,,LOW,orphan,Y,1,1747
