Zone_ID,HID_No,Bay_Zone,Sub_Region,Full_Name,Territory,Type,IN_Count,OUT_Count,IN_Lanes,OUT_Lanes,Vehicle_Max,Vehicle_Precaution,Project,ZCU,HID_Type,HID_ID,Zone_ID2,Addr_No,Station_No
1,HID-OHT-001,B01,1,HID-B01-1(001),1,HID,2,1,2054→2055; 2054→2620,1587→1588,30,26,M16A Project,Z0062A,HID4,,,,
2,HID-OHT-002,B01,2,HID-B01-2(002),1,HID,4,4,1540→1541; 1580→1052; 2585→1549; 2592→1559,1044→1573; 1069→1070; 1069→2107; 1567→1568,30,26,M16A Project,Z0058A,HID4,,,,
3,HID-OHT-003,B02,1,HID-B02-1(003),1,HID,3,4,1044→1573; 1567→1568; 2573→2574,1580→1052; 2096→2097; 2585→1549; 2592→1559,30,26,M16A Project,Z0049A,HID4,4ABLD122_AI47,3,1559,2054
3,HID-OHT-003,B02,1,HID-B02-1(003),1,HID,3,4,1044→1573; 1567→1568; 2573→2574,1580→1052; 2096→2097; 2585→1549; 2592→1559,30,26,M16A Project,Z0049A,HID4,4ABLD111_AI47,3,1568,2058
3,HID-OHT-003,B02,1,HID-B02-1(003),1,HID,3,4,1044→1573; 1567→1568; 2573→2574,1580→1052; 2096→2097; 2585→1549; 2592→1559,30,26,M16A Project,Z0049A,HID4,6EFZ1401-504,3,2585,5004
3,HID-OHT-003,B02,1,HID-B02-1(003),1,HID,3,4,1044→1573; 1567→1568; 2573→2574,1580→1052; 2096→2097; 2585→1549; 2592→1559,30,26,M16A Project,Z0049A,HID4,4ABLD132_AO41,3,2592,2042
4,HID-OHT-004,B03,2,HID-B03-2(004),1,HID,2,1,2018→2740; 2705→2706,2746→2028,30,26,M16A Project,Z0044A,HID4,,,,
5,HID-OHT-005,B04,1,HID-B04-1(005),1,HID,3,4,1503→2013; 2012→2013; 2746→2028,2018→2740; 2030→1519; 2054→2055; 2054→2620,30,26,M16A Project,Z0037A,HID4,,,,
6,HID-OHT-006,B05,2,HID-B05-2(006),1,HID,4,3,1497→1498; 2030→1519; 2536→1498; 2565→1528,1503→2013; 1521→2559; 1540→1541,30,26,M16A Project,Z0030A,HID4,,,,
7,HID-OHT-007,B05,1,HID-B05-1(007),1,HID,5,4,1069→2107; 1521→2559; 2096→2097; 2138→2531; 2530→2531,2109→2110; 2536→1498; 2565→1528; 2573→2574,30,26,M16A Project,Z0021A,HID4,,,,
8,HID-OHT-008,B06,2,HID-B06-2(008),1,HID,2,2,1096→2133; 2109→2110,2138→2531; 2144→2145,30,26,M16A Project,Z0020A,HID4,,,,
9,HID-OHT-009,B06,1,HID-B06-1(009),1,HID,2,2,1069→1070; 1617→1091,1096→1097; 1096→2133,30,26,M16A Project,Z0021A,HID4,ST-001086,9,1070,1086
10,HID-OHT-010,B02,2,HID-B02-2(010),1,HID,1,2,1587→1588,1617→1091; 1642→1643,30,26,M16A Project,F0011A,HID4,,,,
11,HID-OHT-011,B02,1,HID-B02-1(011),1,HID,1,2,1916→2645,2705→1982; 2705→2706,30,26,M16A Project,Z0046A,HID4,,,,
12,HID-OHT-012,B02,2,HID-B02-2(012),1,HID,3,2,1447→1958; 1957→1958; 2705→1982,1987→1477; 2012→2013,30,26,M16A Project,Z0040A,HID4,,,,
13,HID-OHT-013,B02,1,HID-B02-1(013),1,HID,2,2,1447→1448; 1987→1477,1482→2519; 1497→1498,30,26,M16A Project,Z0040A,HID4,,,,
14,HID-OHT-014,B02,2,HID-B02-2(014),1,HID,3,3,1482→2519; 2194→2475; 2474→2475,2480→1442; 2524→2145; 2524→2525,30,26,M16A Project,Z0033A,HID4,,,,
15,HID-OHT-015,B02,1,HID-B02-1(015),1,HID,4,4,1152→2189; 2144→2145; 2524→2145; 2524→2525,2150→1112; 2194→2475; 2200→2201; 2530→2531,30,26,M16A Project,Z0023A,HID4,,,,
16,HID-OHT-016,B02,2,HID-B02-2(016),1,HID,2,2,1096→1097; 2150→1112,1117→1643; 1146→1147,30,26,M16A Project,Z0020A,HID4,,,,
17,HID-OHT-017,B02,1,HID-B02-1(017),1,HID,2,2,1117→1643; 1642→1643,1671→1147; 1671→1672,30,26,M16A Project,Z0016A,HID4,,,,
18,HID-OHT-018,B02,2,HID-B02-2(018),1,HID,2,3,1392→1904; 1903→1904,1916→2645; 1932→1421; 1957→1958,30,26,M16A Project,Z0014A,HID4,,,,
19,HID-OHT-019,B02,1,HID-B02-1(019),1,HID,3,3,1402→1403; 1932→1421; 2480→1442,1426→2463; 1447→1448; 1447→1958,30,26,M16A Project,Z0036A,HID4,,,,
20,HID-OHT-020,B03,2,HID-B03-2(020),1,HID,3,3,1426→2463; 2200→2201; 2426→2427,2206→1168; 2206→2207; 2474→2475,30,26,M16A Project,Z0035A,HID4,,,,
21,HID-OHT-021,B03,1,HID-B03-1(021),1,HID,4,4,1203→2241; 1374→2412; 2206→2207; 2411→2412,2254→1216; 2254→2255; 2426→1388; 2426→2427,30,26,M16A Project,Z0012A,HID4,,,,
22,HID-OHT-022,B03,2,HID-B03-2(022),1,HID,4,4,1146→1147; 1671→1147; 1720→1199; 2206→1168,1152→2189; 1173→1697; 1203→1204; 1203→2241,30,26,M16A Project,Z0018A,HID4,,,,
23,HID-OHT-023,B03,1,HID-B03-1(023),1,HID,2,1,1173→1697; 1671→1672,1716→1717,30,26,M16A Project,Z0019A,HID4,ST-003190,23,1672,3190
24,HID-OHT-024,B03,2,HID-B03-2(024),1,HID,4,3,1342→1855; 1849→1850; 2752→1865; 2752→2753,1867→1356; 1883→1370; 1903→1904,30,26,M16A Project,Z0097A,HID4,,,,
25,HID-OHT-025,B03,1,HID-B03-1(025),1,HID,3,3,1362→1363; 1883→1370; 2426→1388,1374→2412; 1392→1904; 1402→1403,30,26,M16A Project,F0006A,HID4,,,,
26,HID-OHT-026,B03,2,HID-B03-2(026),1,HID,3,3,1203→1204; 2254→1216; 2273→1237,1220→1741; 1239→1759; 1248→1249,30,26,M16A Project,Z0012A,HID4,,,,
27,HID-OHT-027,B03,1,HID-B03-1(027),1,HID,3,2,1220→1741; 1239→1759; 1716→1717,1720→1199; 1766→1767,30,26,M16A Project,Z0007A,HID4,,,,
28,HID-OHT-028,B03,2,HID-B03-2(028),1,HID,3,4,1320→1321; 1867→1356; 2828→1321,1325→2926; 1342→1855; 1358→2394; 1362→1363,30,26,M16A Project,Z0090A,HID4,,,,
29,HID-OHT-029,B03,1,HID-B03-1(029),1,HID,4,2,1358→2394; 2350→2351; 2350→2761; 2828→2829,2396→2271; 2396→2397,30,26,M16A Project,Z0004A,HID4,,,,
30,HID-OHT-030,B04,2,HID-B04-2(030),1,HID,3,4,2254→2255; 2396→2271; 2396→2397,2273→1237; 2298→2299; 2298→2940; 2411→2412,30,26,M16A Project,Z0009A,HID4,,,,
31,HID-OHT-031,B04,1,HID-B04-1(031),1,HID,3,3,1811→1812; 2909→1823; 2933→2934,1849→1850; 2752→1865; 2752→2753,30,26,M16A Project,Z0069A,HID4,,,,
32,HID-OHT-032,B04,2,HID-B04-2(032),1,HID,3,4,1766→1767; 2875→1793; 2886→1806,1769→2850; 1779→2860; 1811→1812; 1811→2897,30,26,M16A Project,Z0088A,HID4,ST-003006,32,1812,3006
33,HID-OHT-033,B04,1,HID-B04-1(033),1,HID,6,8,1268→2866; 1305→2907; 1325→2926; 1769→2850; 1779→2860; 1811→2897,2870→1275; 2875→1793; 2886→1806; 2890→1292; 2899→1299; 2909→1823; 2914→1314; 2933→2934,30,26,M16A Project,Z0071A,HID4,6ABL6012_AI322,33,1793,1045
33,HID-OHT-033,B04,1,HID-B04-1(033),1,HID,6,8,1268→2866; 1305→2907; 1325→2926; 1769→2850; 1779→2860; 1811→2897,2870→1275; 2875→1793; 2886→1806; 2890→1292; 2899→1299; 2909→1823; 2914→1314; 2933→2934,30,26,M16A Project,Z0071A,HID4,6ABL6012_AO321,33,1793,1046
33,HID-OHT-033,B04,1,HID-B04-1(033),1,HID,6,8,1268→2866; 1305→2907; 1325→2926; 1769→2850; 1779→2860; 1811→2897,2870→1275; 2875→1793; 2886→1806; 2890→1292; 2899→1299; 2909→1823; 2914→1314; 2933→2934,30,26,M16A Project,Z0071A,HID4,6EFZ1601-501,33,1806,7001
33,HID-OHT-033,B04,1,HID-B04-1(033),1,HID,6,8,1268→2866; 1305→2907; 1325→2926; 1769→2850; 1779→2860; 1811→2897,2870→1275; 2875→1793; 2886→1806; 2890→1292; 2899→1299; 2909→1823; 2914→1314; 2933→2934,30,26,M16A Project,Z0071A,HID4,6ABL0121_AI323,33,2926,1007
34,HID-OHT-034,B04,2,HID-B04-2(034),1,HID,7,5,1248→1249; 2780→1266; 2791→1279; 2870→1275; 2890→1292; 2899→1299; 2914→1314,1251→2766; 1268→2866; 1301→2812; 1305→2907; 1320→1321,30,26,M16A Project,Z0089A,HID4,6ABL6021_AO323,34,2890,1056
35,HID-OHT-035,B04,1,HID-B04-1(035),1,HID,5,5,1251→2766; 1301→2812; 2302→2778; 2313→2789; 2345→2821,2780→1266; 2791→1279; 2814→2339; 2828→1321; 2828→2829,30,26,M16A Project,Z0087A,HID4,,,,
36,HID-OHT-036,B04,2,HID-B04-2(036),1,HID,4,6,2298→2299; 2298→2940; 2814→2339; 2947→2335,2302→2778; 2309→2946; 2313→2789; 2345→2821; 2350→2351; 2350→2761,30,26,M16A Project,Z0080A,HID4,,,,
37,HID-OHT-037,B04,1,HID-B04-1(037),1,HID,1,1,2309→2946,2947→2335,5,3,M16A Project,Z0070A,HID4,,,,
4001,HID-OHT-4001,B401,1,HID-B401-1(4001),1,HID,4,8,1245→1246; 1764→1765; 2282→2283; 2341→2942,1305→1306; 1305→2907; 1820→1821; 2338→2339; 2814→2339; 2814→2815; 2906→2907; 2941→2343,0,0,M16A Project,,HID4,,,,
4002,HID-OHT-4002,B401,2,HID-B401-2(4002),1,HID,8,5,1305→1306; 1305→2907; 1820→1821; 2338→2339; 2814→2339; 2814→2815; 2906→2907; 2941→2343,1348→1349; 1860→1861; 2341→2942; 2383→2384; 2749→2750,0,0,M16A Project,,HID4,,,,
4003,HID-OHT-4003,B401,1,HID-B401-1(4003),1,HID,7,6,1209→1210; 1348→1349; 1730→1731; 1860→1861; 2247→2248; 2383→2384; 2749→2750,1245→1246; 1381→1382; 1764→1765; 1893→1894; 2282→2283; 2419→2420,0,0,M16A Project,,HID4,,,,
4004,HID-OHT-4004,B401,2,HID-B401-2(4004),1,HID,6,7,1159→1160; 1381→1382; 1684→1685; 1893→1894; 2197→2198; 2419→2420,1209→1210; 1433→1434; 1730→1731; 1945→1946; 2247→2248; 2471→2472; 2670→2671,0,0,M16A Project,,HID4,,,,
4005,HID-OHT-4005,B401,1,HID-B401-1(4005),1,HID,7,7,1103→1104; 1433→1434; 1630→1631; 1945→1946; 2141→2142; 2471→2472; 2670→2671,1159→1160; 1489→1490; 1684→1685; 2000→2001; 2197→2198; 2527→2528; 2722→2723,0,0,M16A Project,,HID4,,,,
4006,HID-OHT-4006,B401,2,HID-B401-2(4006),1,HID,7,6,1060→1061; 1489→1490; 1587→1588; 2000→2001; 2096→2097; 2527→2528; 2722→2723,1103→1104; 1534→1535; 1630→1631; 2045→2046; 2141→2142; 2573→2574,0,0,M16A Project,,HID4,,,,
4007,HID-OHT-4007,B401,1,HID-B401-1(4007),1,HID,3,3,1534→1535; 2045→2046; 2573→2574,1060→1061; 1587→1588; 2096→2097,0,0,M16A Project,,HID4,,,,
5001,HID-OHT-5001,B501,1,HID-B501-1(5001),1,HID,4,8,1245→1246; 1764→1765; 2282→2283; 2341→2942,1305→1306; 1305→2907; 1820→1821; 2338→2339; 2814→2339; 2814→2815; 2906→2907; 2941→2343,0,0,M16A Project,,HID4,,,,
5002,HID-OHT-5002,B501,2,HID-B501-2(5002),1,HID,8,5,1305→1306; 1305→2907; 1820→1821; 2338→2339; 2814→2339; 2814→2815; 2906→2907; 2941→2343,1348→1349; 1860→1861; 2341→2942; 2383→2384; 2749→2750,0,0,M16A Project,,HID4,ST-003012,5002,1306,3012
5003,HID-OHT-5003,B501,1,HID-B501-1(5003),1,HID,7,6,1209→1210; 1348→1349; 1730→1731; 1860→1861; 2247→2248; 2383→2384; 2749→2750,1245→1246; 1381→1382; 1764→1765; 1893→1894; 2282→2283; 2419→2420,0,0,M16A Project,,HID4,,,,
5004,HID-OHT-5004,B501,2,HID-B501-2(5004),1,HID,6,7,1159→1160; 1381→1382; 1684→1685; 1893→1894; 2197→2198; 2419→2420,1209→1210; 1433→1434; 1730→1731; 1945→1946; 2247→2248; 2471→2472; 2670→2671,0,0,M16A Project,,HID4,ST-003123,5004,1381,3123
5004,HID-OHT-5004,B501,2,HID-B501-2(5004),1,HID,6,7,1159→1160; 1381→1382; 1684→1685; 1893→1894; 2197→2198; 2419→2420,1209→1210; 1433→1434; 1730→1731; 1945→1946; 2247→2248; 2471→2472; 2670→2671,0,0,M16A Project,,HID4,ST-003130,5004,1730,3130
5004,HID-OHT-5004,B501,2,HID-B501-2(5004),1,HID,6,7,1159→1160; 1381→1382; 1684→1685; 1893→1894; 2197→2198; 2419→2420,1209→1210; 1433→1434; 1730→1731; 1945→1946; 2247→2248; 2471→2472; 2670→2671,0,0,M16A Project,,HID4,ST-003117,5004,1893,3117
5005,HID-OHT-5005,B501,1,HID-B501-1(5005),1,HID,7,7,1103→1104; 1433→1434; 1630→1631; 1945→1946; 2141→2142; 2471→2472; 2670→2671,1159→1160; 1489→1490; 1684→1685; 2000→2001; 2197→2198; 2527→2528; 2722→2723,0,0,M16A Project,,HID4,ST-003373,5005,1159,3373
5005,HID-OHT-5005,B501,1,HID-B501-1(5005),1,HID,7,7,1103→1104; 1433→1434; 1630→1631; 1945→1946; 2141→2142; 2471→2472; 2670→2671,1159→1160; 1489→1490; 1684→1685; 2000→2001; 2197→2198; 2527→2528; 2722→2723,0,0,M16A Project,,HID4,ST-003374,5005,1160,3374
5005,HID-OHT-5005,B501,1,HID-B501-1(5005),1,HID,7,7,1103→1104; 1433→1434; 1630→1631; 1945→1946; 2141→2142; 2471→2472; 2670→2671,1159→1160; 1489→1490; 1684→1685; 2000→2001; 2197→2198; 2527→2528; 2722→2723,0,0,M16A Project,,HID4,ST-003382,5005,1433,3382
5005,HID-OHT-5005,B501,1,HID-B501-1(5005),1,HID,7,7,1103→1104; 1433→1434; 1630→1631; 1945→1946; 2141→2142; 2471→2472; 2670→2671,1159→1160; 1489→1490; 1684→1685; 2000→2001; 2197→2198; 2527→2528; 2722→2723,0,0,M16A Project,,HID4,ST-003383,5005,1433,3383
5005,HID-OHT-5005,B501,1,HID-B501-1(5005),1,HID,7,7,1103→1104; 1433→1434; 1630→1631; 1945→1946; 2141→2142; 2471→2472; 2670→2671,1159→1160; 1489→1490; 1684→1685; 2000→2001; 2197→2198; 2527→2528; 2722→2723,0,0,M16A Project,,HID4,ST-003384,5005,1434,3384
5005,HID-OHT-5005,B501,1,HID-B501-1(5005),1,HID,7,7,1103→1104; 1433→1434; 1630→1631; 1945→1946; 2141→2142; 2471→2472; 2670→2671,1159→1160; 1489→1490; 1684→1685; 2000→2001; 2197→2198; 2527→2528; 2722→2723,0,0,M16A Project,,HID4,ST-003193,5005,1684,3193
5006,HID-OHT-5006,B501,2,HID-B501-2(5006),1,HID,7,6,1060→1061; 1489→1490; 1587→1588; 2000→2001; 2096→2097; 2527→2528; 2722→2723,1103→1104; 1534→1535; 1630→1631; 2045→2046; 2141→2142; 2573→2574,0,0,M16A Project,,HID4,,,,
5007,HID-OHT-5007,B501,1,HID-B501-1(5007),1,HID,3,3,1534→1535; 2045→2046; 2573→2574,1060→1061; 1587→1588; 2096→2097,0,0,M16A Project,,HID4,,,,
10001,HID-OHT-10001,B1001,1,HID-B1001-1(10001),1,HID,1,1,1746→1747,1752→1753,0,1,M16A Project,,HID3,ST-003111,10001,1753,3111
10002,HID-OHT-10002,B1001,2,HID-B1001-2(10002),1,HID,1,1,1226→1227,1232→1233,0,1,M16A Project,,HID3,,,,
10011,HID-OHT-10011,B1002,1,HID-B1002-1(10011),1,HID,1,1,1760→1761,1767→1768,0,1,M16A Project,,HID3,,,,
10012,HID-OHT-10012,B1002,2,HID-B1002-2(10012),1,HID,1,1,1241→1242,1248→1249,0,1,M16A Project,,HID3,,,,
10021,HID-OHT-10021,B1003,1,HID-B1003-1(10021),1,HID,1,1,2263→2264,2269→2270,0,1,M16A Project,,HID3,,,,
10022,HID-OHT-10022,B1003,2,HID-B1003-2(10022),1,HID,1,1,2396→2397,2401→2402,0,1,M16A Project,,HID3,,,,
10031,HID-OHT-10031,B1004,1,HID-B1004-1(10031),1,HID,1,1,2278→2279,2284→2285,0,1,M16A Project,,HID3,,,,
10032,HID-OHT-10032,B1004,2,HID-B1004-2(10032),1,HID,2,1,2375→2380; 2379→2380,2385→2386,0,1,M16A Project,,HID3,,,,
10041,HID-OHT-10041,B1005,1,HID-B1005-1(10041),1,HID,1,1,1857→1858,1862→1863,0,1,M16A Project,,HID3,,,,
10042,HID-OHT-10042,B1005,2,HID-B1005-2(10042),1,HID,1,1,1345→1346,1350→1351,0,1,M16A Project,,HID3,,,,
10051,HID-OHT-10051,B1006,1,HID-B1006-1(10051),1,HID,2,1,1874→1875; 2760→1875,1880→1881,0,1,M16A Project,,HID3,,,,
10052,HID-OHT-10052,B1006,2,HID-B1006-2(10052),1,HID,1,1,1359→1360,1364→1365,0,1,M16A Project,,HID3,,,,
10061,HID-OHT-10061,B1007,1,HID-B1007-1(10061),1,HID,2,1,1392→1904; 1903→1904,1909→1910,0,1,M16A Project,,HID3,,,,
10062,HID-OHT-10062,B1007,2,HID-B1007-2(10062),1,HID,1,1,1392→1393,1398→1399,0,1,M16A Project,,HID3,,,,
10071,HID-OHT-10071,B1008,1,HID-B1008-1(10071),1,HID,1,1,1712→1713,1719→1720,0,1,M16A Project,,HID3,,,,
10072,HID-OHT-10072,B1008,2,HID-B1008-2(10072),1,HID,1,1,1189→1190,1196→1197,0,1,M16A Project,,HID3,,,,
10081,HID-OHT-10081,B1009,1,HID-B1009-1(10081),1,HID,1,1,2228→2229,2234→2235,0,1,M16A Project,,HID3,,,,
10082,HID-OHT-10082,B1009,2,HID-B1009-2(10082),1,HID,1,1,2431→2432,2437→2438,0,1,M16A Project,,HID3,,,,
10091,HID-OHT-10091,B1010,1,HID-B1010-1(10091),1,HID,1,1,2041→2042,2047→2048,0,1,M16A Project,,HID3,ST-003228,10091,2048,3228
10092,HID-OHT-10092,B1010,2,HID-B1010-2(10092),1,HID,1,1,1530→1531,1536→1537,0,1,M16A Project,,HID3,,,,
10101,HID-OHT-10101,B1011,1,HID-B1011-1(10101),1,HID,1,1,2092→1585,1589→1590,0,1,M16A Project,,HID3,ST-003232,10101,1590,3232
10102,HID-OHT-10102,B1011,2,HID-B1011-2(10102),1,HID,1,1,1057→1058,1062→1063,0,1,M16A Project,,HID3,,,,
10111,HID-OHT-10111,B1012,1,HID-B1012-1(10111),1,HID,1,1,2617→2093,2098→2099,0,1,M16A Project,,HID3,,,,
10112,HID-OHT-10112,B1012,2,HID-B1012-2(10112),1,HID,1,1,2569→2570,2575→2576,0,1,M16A Project,,HID3,,,,
10121,HID-OHT-10121,B1013,1,HID-B1013-1(10121),1,HID,1,2,2849→2747,2752→1865; 2752→2753,0,1,M16A Project,,HID3,,,,
10131,HID-OHT-10131,B1014,1,HID-B1014-1(10131),1,HID,2,2,1238→1239; 1754→1755,1239→1240; 1759→1760,0,1,M16A Project,,HID3,,,,
10141,HID-OHT-10141,B1015,1,HID-B1015-1(10141),1,HID,2,2,1231→1232; 2272→2273,1237→1238; 2273→2274,0,1,M16A Project,,HID3,,,,
10151,HID-OHT-10151,B1016,1,HID-B1016-1(10151),1,HID,2,2,2265→2266; 2395→2396,2271→2272; 2396→2397,0,1,M16A Project,,HID3,,,,
10152,HID-OHT-10152,B1016,2,HID-B1016-2(10152),1,HID,2,2,1358→2394; 2393→2394,2396→2271; 2399→2400,0,1,M16A Project,,HID3,,,,
10161,HID-OHT-10161,B1017,1,HID-B1017-1(10161),1,HID,2,2,1357→1358; 2388→2389,1358→1359; 2394→2395,0,1,M16A Project,,HID3,,,,
10171,HID-OHT-10171,B1018,1,HID-B1018-1(10171),1,HID,2,2,1350→1351; 1866→1867,1356→1357; 1867→1868,0,1,M16A Project,,HID3,,,,
10181,HID-OHT-10181,B1019,1,HID-B1019-1(10181),1,HID,2,2,1365→1366; 1882→1883,1371→1372; 1883→1884,0,1,M16A Project,,HID3,ST-003119,10181,1372,3119
10191,HID-OHT-10191,B1020,1,HID-B1020-1(10191),1,HID,2,2,1219→1220; 1736→1737,1220→1221; 1741→1742,0,1,M16A Project,,HID3,,,,
10201,HID-OHT-10201,B1021,1,HID-B1021-1(10201),1,HID,2,2,1373→1374; 2407→2408,1374→1375; 2413→2414,0,1,M16A Project,,HID3,,,,
10211,HID-OHT-10211,B1022,1,HID-B1022-1(10211),1,HID,2,2,1211→1212; 2253→2254,1217→1218; 2254→2255,0,1,M16A Project,,HID3,ST-003134,10211,1218,3134
10221,HID-OHT-10221,B1023,1,HID-B1023-1(10221),1,HID,2,2,2245→2246; 2415→2416,2251→2252; 2416→2417,0,1,M16A Project,,HID3,,,,
10222,HID-OHT-10222,B1023,2,HID-B1023-2(10222),1,HID,2,2,1374→2412; 2411→2412,2416→2250; 2419→2420,0,1,M16A Project,,HID3,,,,
10231,HID-OHT-10231,B1024,1,HID-B1024-1(10231),1,HID,2,2,2243→2244; 2417→2418,2244→2245; 2423→2424,0,1,M16A Project,,HID3,,,,
10232,HID-OHT-10232,B1024,2,HID-B1024-2(10232),1,HID,2,2,1203→2241; 2240→2241,2244→2422; 2247→2248,0,1,M16A Project,,HID3,,,,
10241,HID-OHT-10241,B1025,1,HID-B1025-1(10241),1,HID,2,2,1202→1203; 2236→2237,1203→1204; 2241→2242,0,1,M16A Project,,HID3,,,,
10251,HID-OHT-10251,B1026,1,HID-B1026-1(10251),1,HID,2,2,1383→1384; 2425→2426,1389→1390; 2426→2427,0,1,M16A Project,,HID3,,,,
10261,HID-OHT-10261,B1027,1,HID-B1027-1(10261),1,HID,2,2,1391→1392; 1899→1900,1392→1393; 1904→1905,0,1,M16A Project,,HID3,,,,
10271,HID-OHT-10271,B1028,1,HID-B1028-1(10271),1,HID,2,2,1194→1195; 1719→1720,1200→1201; 1720→1721,0,1,M16A Project,,HID3,,,,
10281,HID-OHT-10281,B1029,1,HID-B1029-1(10281),1,HID,2,2,1116→1117; 1638→1639,1117→1118; 1643→1644,0,1,M16A Project,,HID3,ST-003234,10281,1644,3234
10291,HID-OHT-10291,B1030,1,HID-B1030-1(10291),1,HID,2,2,1086→1087; 1616→1617,1091→1092; 1617→1618,0,1,M16A Project,,HID3,,,,
10301,HID-OHT-10301,B1031,1,HID-B1031-1(10301),1,HID,2,2,1142→1143; 1670→1671,1147→1148; 1671→1672,0,1,M16A Project,,HID3,,,,
10311,HID-OHT-10311,B1032,1,HID-B1032-1(10311),1,HID,2,2,1172→1173; 1692→1693,1173→1174; 1697→1698,0,1,M16A Project,,HID3,,,,
10321,HID-OHT-10321,B1033,1,HID-B1033-1(10321),1,HID,2,2,1095→1096; 2128→2129,1096→1097; 2133→2134,0,1,M16A Project,,HID3,,,,
10331,HID-OHT-10331,B1034,1,HID-B1034-1(10331),1,HID,2,2,1068→1069; 2101→2102,1069→1070; 2107→2108,0,1,M16A Project,,HID3,,,,
10341,HID-OHT-10341,B1035,1,HID-B1035-1(10341),1,HID,2,2,1107→1108; 2149→2150,1112→1113; 2150→2151,0,1,M16A Project,,HID3,,,,
10351,HID-OHT-10351,B1036,1,HID-B1036-1(10351),1,HID,2,2,1151→1152; 2184→2185,1152→1153; 2189→2190,0,1,M16A Project,,HID3,,,,
10361,HID-OHT-10361,B1037,1,HID-B1037-1(10361),1,HID,2,2,1163→1164; 2205→2206,1168→1169; 2206→2207,0,1,M16A Project,,HID3,,,,
10371,HID-OHT-10371,B1038,1,HID-B1038-1(10371),1,HID,3,2,1521→2559; 2107→2108; 2558→2559,2109→2110; 2563→2564,0,1,M16A Project,,HID3,,,,
10372,HID-OHT-10372,B1038,2,HID-B1038-2(10372),1,HID,2,2,1069→2107; 2106→2107,2109→2563; 2111→2112,0,1,M16A Project,,HID3,ST-002078,10372,2112,2078
10381,HID-OHT-10381,B1039,1,HID-B1039-1(10381),1,HID,2,2,2137→2138; 2526→2527,2138→2139; 2531→2532,0,1,M16A Project,,HID3,,,,
10382,HID-OHT-10382,B1039,2,HID-B1039-2(10382),1,HID,1,2,2134→2135,2138→2531; 2140→2141,0,1,M16A Project,,HID3,,,,
10391,HID-OHT-10391,B1040,1,HID-B1040-1(10391),1,HID,2,2,2140→2141; 2523→2524,2145→2146; 2524→2525,0,1,M16A Project,,HID3,,,,
10392,HID-OHT-10392,B1040,2,HID-B1040-2(10392),1,HID,1,2,2520→2521,2524→2145; 2526→2527,0,1,M16A Project,,HID3,,,,
10401,HID-OHT-10401,B1041,1,HID-B1041-1(10401),1,HID,2,2,2193→2194; 2470→2471,2194→2195; 2475→2476,0,1,M16A Project,,HID3,,,,
10402,HID-OHT-10402,B1041,2,HID-B1041-2(10402),1,HID,1,2,2190→2191,2194→2475; 2196→2197,0,1,M16A Project,,HID3,,,,
10411,HID-OHT-10411,B1042,1,HID-B1042-1(10411),1,HID,2,2,2196→2197; 2467→2468,2201→2202; 2468→2469,0,1,M16A Project,,HID3,,,,
10412,HID-OHT-10412,B1042,2,HID-B1042-2(10412),1,HID,1,2,2464→2465,2468→2201; 2470→2471,0,1,M16A Project,,HID3,,,,
10421,HID-OHT-10421,B1043,1,HID-B1043-1(10421),1,HID,2,2,1493→1494; 2535→2536,1498→1499; 2536→2537,0,1,M16A Project,,HID3,,,,
10431,HID-OHT-10431,B1044,1,HID-B1044-1(10431),1,HID,2,2,1523→1524; 2563→2564,1528→1529; 2565→2566,0,1,M16A Project,,HID3,,,,
10441,HID-OHT-10441,B1045,1,HID-B1045-1(10441),1,HID,2,2,1519→1520; 2553→2554,1521→1522; 2559→2560,0,1,M16A Project,,HID3,,,,
10451,HID-OHT-10451,B1046,1,HID-B1046-1(10451),1,HID,2,2,1481→1482; 2514→2515,1482→1483; 2519→2520,0,1,M16A Project,,HID3,,,,
10461,HID-OHT-10461,B1047,1,HID-B1047-1(10461),1,HID,2,2,1437→1438; 2479→2480,1442→1443; 2480→2481,0,1,M16A Project,,HID3,,,,
10471,HID-OHT-10471,B1048,1,HID-B1048-1(10471),1,HID,2,2,1425→1426; 2458→2459,1426→1427; 2463→2464,0,1,M16A Project,,HID3,,,,
10481,HID-OHT-10481,B1049,1,HID-B1049-1(10481),1,HID,1,1,1398→1399,1403→1404,0,1,M16A Project,,HID3,,,,
10491,HID-OHT-10491,B1050,1,HID-B1050-1(10491),1,HID,2,2,1502→1503; 2008→2009,1503→1504; 2013→2014,0,1,M16A Project,,HID3,,,,
10501,HID-OHT-10501,B1051,1,HID-B1051-1(10501),1,HID,2,2,1513→1514; 2028→2029,1519→1520; 2030→2031,0,1,M16A Project,,HID3,,,,
10511,HID-OHT-10511,B1052,1,HID-B1052-1(10511),1,HID,2,2,1472→1473; 1986→1987,1477→1478; 1987→1988,0,1,M16A Project,,HID3,,,,
10521,HID-OHT-10521,B1053,1,HID-B1053-1(10521),1,HID,2,2,1446→1447; 1953→1954,1447→1448; 1958→1959,0,1,M16A Project,,HID3,,,,
10531,HID-OHT-10531,B1054,1,HID-B1054-1(10531),1,HID,2,2,1416→1417; 1931→1932,1421→1422; 1932→1933,0,1,M16A Project,,HID3,,,,
10541,HID-OHT-10541,B1055,1,HID-B1055-1(10541),1,HID,2,1,2034→2035; 2643→2644,2039→2040,0,1,M16A Project,,HID3,ST-003225,10541,2040,3225
10551,HID-OHT-10551,B1056,1,HID-B1056-1(10551),1,HID,2,1,2022→2023; 2745→2746,2028→2029,0,1,M16A Project,,HID3,,,,
10561,HID-OHT-10561,B1057,1,HID-B1057-1(10561),1,HID,2,2,2017→2018; 2735→2736,2018→2019; 2740→2741,0,1,M16A Project,,HID3,,,,
10571,HID-OHT-10571,B1058,1,HID-B1058-1(10571),1,HID,2,2,1977→1978; 2704→2705,1982→1983; 2705→2706,0,1,M16A Project,,HID3,,,,
10581,HID-OHT-10581,B1059,1,HID-B1059-1(10581),1,HID,1,2,1915→1916,1916→1917; 2646→2647,0,1,M16A Project,,HID3,ST-003150,10581,2647,3150
10582,HID-OHT-10582,B1059,2,HID-B1059-2(10582),1,HID,1,2,1913→1914,1916→2645; 1918→1919,0,1,M16A Project,,HID3,,,,
10591,HID-OHT-10591,B1060,1,HID-B1060-1(10591),1,HID,2,2,1008→1009; 2079→2080,1009→1010; 2084→2085,0,1,M16A Project,,HID3,4AFC3301A_OUT88,10591,1008,2018
10591,HID-OHT-10591,B1060,1,HID-B1060-1(10591),1,HID,2,2,1008→1009; 2079→2080,1009→1010; 2084→2085,0,1,M16A Project,,HID3,4AFC3301A_OUT89,10591,1008,2019
10591,HID-OHT-10591,B1060,1,HID-B1060-1(10591),1,HID,2,2,1008→1009; 2079→2080,1009→1010; 2084→2085,0,1,M16A Project,,HID3,ST-003222,10591,1010,3222
10601,HID-OHT-10601,B1061,1,HID-B1061-1(10601),1,HID,2,1,1014→1015; 2084→2085,2090→2091,0,1,M16A Project,,HID3,4AFC3201A_OUT80,10601,2084,2020
10601,HID-OHT-10601,B1061,1,HID-B1061-1(10601),1,HID,2,1,1014→1015; 2084→2085,2090→2091,0,1,M16A Project,,HID3,4AFC3201A_OUT81,10601,2085,2021
10611,HID-OHT-10611,B1062,1,HID-B1062-1(10611),1,HID,2,2,1042→1043; 1567→1568,1044→1045; 1573→1574,0,1,M16A Project,,HID3,ST-003219,10611,1045,3219
10611,HID-OHT-10611,B1062,1,HID-B1062-1(10611),1,HID,2,2,1042→1043; 1567→1568,1044→1045; 1573→1574,0,1,M16A Project,,HID3,4ABLD121_AO45,10611,1574,2061
10621,HID-OHT-10621,B1063,1,HID-B1063-1(10621),1,HID,2,2,1047→1048; 1578→1579,1052→1053; 1580→1581,0,1,M16A Project,,HID3,4AFC3201A_OUT85,10621,1053,2025
10631,HID-OHT-10631,B1064,1,HID-B1064-1(10631),1,HID,1,1,1564→1565,1568→1569,0,1,M16A Project,,HID3,4ABLD112_AO41,10631,1565,2046
10641,HID-OHT-10641,B1065,1,HID-B1065-1(10641),1,HID,3,2,1044→1573; 1572→1573; 2605→2606,1577→1578; 2606→2607,0,1,M16A Project,,HID3,4ABLD121_AI47,10641,1572,2060
10641,HID-OHT-10641,B1065,1,HID-B1065-1(10641),1,HID,3,2,1044→1573; 1572→1573; 2605→2606,1577→1578; 2606→2607,0,1,M16A Project,,HID3,4ABLD131_AO45,10641,1578,2062
10641,HID-OHT-10641,B1065,1,HID-B1065-1(10641),1,HID,3,2,1044→1573; 1572→1573; 2605→2606,1577→1578; 2606→2607,0,1,M16A Project,,HID3,4ABLD121_AO41,10641,2605,2050
10641,HID-OHT-10641,B1065,1,HID-B1065-1(10641),1,HID,3,2,1044→1573; 1572→1573; 2605→2606,1577→1578; 2606→2607,0,1,M16A Project,,HID3,4ABLD131_AI43,10641,2606,2051
10651,HID-OHT-10651,B1066,1,HID-B1066-1(10651),1,HID,2,1,1581→1582; 2609→2610,2615→2616,0,1,M16A Project,,HID3,4ABLH401_AI43,10651,2610,2088
10651,HID-OHT-10651,B1066,1,HID-B1066-1(10651),1,HID,2,1,1581→1582; 2609→2610,2615→2616,0,1,M16A Project,,HID3,4ABLH401_AO41,10651,2610,2089
10661,HID-OHT-10661,B1067,1,HID-B1067-1(10661),1,HID,1,2,2615→2616,2095→2096; 2617→2618,0,1,M16A Project,,HID3,,,,
10662,HID-OHT-10662,B1067,2,HID-B1067-2(10662),1,HID,1,2,2615→2616,2617→2093; 2619→2582,0,1,M16A Project,,HID3,,,,
10671,HID-OHT-10671,B1068,1,HID-B1068-1(10671),1,HID,2,1,2574→2575; 2617→2618,2582→2583,0,1,M16A Project,,HID3,,,,
10681,HID-OHT-10681,B1069,1,HID-B1069-1(10681),1,HID,3,2,1026→1554; 1553→1554; 2591→2592,1559→1560; 2592→2593,0,1,M16A Project,,HID3,4ABLD132_AI43,10681,2591,2066
10681,HID-OHT-10681,B1069,1,HID-B1069-1(10681),1,HID,3,2,1026→1554; 1553→1554; 2591→2592,1559→1560; 2592→2593,0,1,M16A Project,,HID3,4ABLD122_AI43,10681,2593,2043
10691,HID-OHT-10691,B1070,1,HID-B1070-1(10691),1,HID,2,2,1543→1544; 2583→2584,1549→1550; 2585→2586,0,1,M16A Project,,HID3,6EFZ1401-501,10691,2583,5001
10691,HID-OHT-10691,B1070,1,HID-B1070-1(10691),1,HID,2,2,1543→1544; 2583→2584,1549→1550; 2585→2586,0,1,M16A Project,,HID3,6EFZ1401-502,10691,2584,5002
10691,HID-OHT-10691,B1070,1,HID-B1070-1(10691),1,HID,2,2,1543→1544; 2583→2584,1549→1550; 2585→2586,0,1,M16A Project,,HID3,6EFZ1401-503,10691,2584,5003
10691,HID-OHT-10691,B1070,1,HID-B1070-1(10691),1,HID,2,2,1543→1544; 2583→2584,1549→1550; 2585→2586,0,1,M16A Project,,HID3,6EFZ1401-505,10691,2586,5005
10691,HID-OHT-10691,B1070,1,HID-B1070-1(10691),1,HID,2,2,1543→1544; 2583→2584,1549→1550; 2585→2586,0,1,M16A Project,,HID3,6EFZ1401-506,10691,2586,5006
10691,HID-OHT-10691,B1070,1,HID-B1070-1(10691),1,HID,2,2,1543→1544; 2583→2584,1549→1550; 2585→2586,0,1,M16A Project,,HID3,6EFZ1401-507,10691,2586,5007
10701,HID-OHT-10701,B1071,1,HID-B1071-1(10701),1,HID,1,1,1536→1537,1541→1542,0,1,M16A Project,,HID3,,,,
10711,HID-OHT-10711,B1072,1,HID-B1072-1(10711),1,HID,2,2,1029→1030; 1560→1561,1034→1035; 1561→1562,0,1,M16A Project,,HID3,ST-003206,10711,1035,3206
10711,HID-OHT-10711,B1072,1,HID-B1072-1(10711),1,HID,2,2,1029→1030; 1560→1561,1034→1035; 1561→1562,0,1,M16A Project,,HID3,4ABLD122_AO45,10711,1561,2055
10711,HID-OHT-10711,B1072,1,HID-B1072-1(10711),1,HID,2,2,1029→1030; 1560→1561,1034→1035; 1561→1562,0,1,M16A Project,,HID3,4ABLD112_AI47,10711,1562,2056
10721,HID-OHT-10721,B1073,1,HID-B1073-1(10721),1,HID,3,2,1025→1026; 1548→1549; 2585→1549,1026→1027; 1554→1555,0,1,M16A Project,,HID3,4AFC3201A_IN85,10721,1025,2035
10721,HID-OHT-10721,B1073,1,HID-B1073-1(10721),1,HID,3,2,1025→1026; 1548→1549; 2585→1549,1026→1027; 1554→1555,0,1,M16A Project,,HID3,4ABLD132_AI47,10721,1555,2053
10731,HID-OHT-10731,B1074,1,HID-B1074-1(10731),1,HID,2,2,2061→2062; 2628→2629,2066→2067; 2629→2630,0,1,M16A Project,,HID3,ST-003208,10731,2067,3208
10731,HID-OHT-10731,B1074,1,HID-B1074-1(10731),1,HID,2,2,2061→2062; 2628→2629,2066→2067; 2629→2630,0,1,M16A Project,,HID3,4AFC3301A_IN82,10731,2628,2003
10731,HID-OHT-10731,B1074,1,HID-B1074-1(10731),1,HID,2,2,2061→2062; 2628→2629,2066→2067; 2629→2630,0,1,M16A Project,,HID3,4AFC3301A_IN83,10731,2628,2004
10731,HID-OHT-10731,B1074,1,HID-B1074-1(10731),1,HID,2,2,2061→2062; 2628→2629,2066→2067; 2629→2630,0,1,M16A Project,,HID3,4AFC3301A_IN84,10731,2629,2005
10731,HID-OHT-10731,B1074,1,HID-B1074-1(10731),1,HID,2,2,2061→2062; 2628→2629,2066→2067; 2629→2630,0,1,M16A Project,,HID3,4AFC3301A_IN86,10731,2630,2006
10731,HID-OHT-10731,B1074,1,HID-B1074-1(10731),1,HID,2,2,2061→2062; 2628→2629,2066→2067; 2629→2630,0,1,M16A Project,,HID3,4AFC3301A_IN85,10731,2630,8034
10741,HID-OHT-10741,B1075,1,HID-B1075-1(10741),1,HID,2,2,2060→2061; 2621→2622,2061→2062; 2626→2627,0,1,M16A Project,,HID3,4AFC3201A_IN90,10741,2060,2040
10741,HID-OHT-10741,B1075,1,HID-B1075-1(10741),1,HID,2,2,2060→2061; 2621→2622,2061→2062; 2626→2627,0,1,M16A Project,,HID3,4AFC3301A_IN80,10741,2626,2001
10741,HID-OHT-10741,B1075,1,HID-B1075-1(10741),1,HID,2,2,2060→2061; 2621→2622,2061→2062; 2626→2627,0,1,M16A Project,,HID3,4AFC3301A_IN81,10741,2627,2002
10751,HID-OHT-10751,B1076,1,HID-B1076-1(10751),1,HID,1,2,2052→2053,2054→2055; 2621→2622,0,1,M16A Project,,HID3,6EFZ1402-201,10751,2053,5013
10751,HID-OHT-10751,B1076,1,HID-B1076-1(10751),1,HID,1,2,2052→2053,2054→2055; 2621→2622,0,1,M16A Project,,HID3,6EFZ1402-202,10751,2053,5014
10752,HID-OHT-10752,B1076,2,HID-B1076-2(10752),1,HID,1,2,2051→2052,2054→2620; 2057→2058,0,1,M16A Project,,HID3,4AFC3201A_IN87,10752,2057,2037
10761,HID-OHT-10761,B1077,1,HID-B1077-1(10761),1,HID,2,2,1801→1802; 2884→2885,1806→1807; 2886→2887,0,1,M16A Project,,HID3,6EFZ1601-502,10761,1807,7002
10761,HID-OHT-10761,B1077,1,HID-B1077-1(10761),1,HID,2,2,1801→1802; 2884→2885,1806→1807; 2886→2887,0,1,M16A Project,,HID3,6EFZ1601-503,10761,1807,7003
10761,HID-OHT-10761,B1077,1,HID-B1077-1(10761),1,HID,2,2,1801→1802; 2884→2885,1806→1807; 2886→2887,0,1,M16A Project,,HID3,6EFZ1601-504,10761,1807,7004
10761,HID-OHT-10761,B1077,1,HID-B1077-1(10761),1,HID,2,2,1801→1802; 2884→2885,1806→1807; 2886→2887,0,1,M16A Project,,HID3,6EFZ1601-505,10761,1807,7005
10771,HID-OHT-10771,B1078,1,HID-B1078-1(10771),1,HID,2,2,1788→1789; 2873→2874,1793→1794; 2875→2876,0,1,M16A Project,,HID3,6ABL6011_AO321,10771,1794,1047
10771,HID-OHT-10771,B1078,1,HID-B1078-1(10771),1,HID,2,2,1788→1789; 2873→2874,1793→1794; 2875→2876,0,1,M16A Project,,HID3,6ABL6011_AI322,10771,1794,1048
10771,HID-OHT-10771,B1078,1,HID-B1078-1(10771),1,HID,2,2,1788→1789; 2873→2874,1793→1794; 2875→2876,0,1,M16A Project,,HID3,6ABL6022_AO321,10771,2873,1042
10771,HID-OHT-10771,B1078,1,HID-B1078-1(10771),1,HID,2,2,1788→1789; 2873→2874,1793→1794; 2875→2876,0,1,M16A Project,,HID3,6ABL6021_AO321,10771,2874,1043
10771,HID-OHT-10771,B1078,1,HID-B1078-1(10771),1,HID,2,2,1788→1789; 2873→2874,1793→1794; 2875→2876,0,1,M16A Project,,HID3,6ABL6021_AI322,10771,2874,1044
10781,HID-OHT-10781,B1079,1,HID-B1079-1(10781),1,HID,3,2,1274→1275; 2790→2791; 2870→1275,1279→1280; 2791→2792,0,1,M16A Project,,HID3,6ABL6012_AI312,10781,2792,1033
10791,HID-OHT-10791,B1080,1,HID-B1080-1(10791),1,HID,2,2,1287→1288; 2888→2889,1292→1293; 2890→2891,0,1,M16A Project,,HID3,,,,
10801,HID-OHT-10801,B1081,1,HID-B1081-1(10801),1,HID,2,2,1269→1270; 2869→2870,1275→1276; 2870→2871,0,1,M16A Project,,HID3,,,,
10811,HID-OHT-10811,B1082,1,HID-B1082-1(10811),1,HID,2,2,2312→2313; 2783→2784,2313→2314; 2789→2790,0,1,M16A Project,,HID3,6ABL6022_AI312,10811,2314,1029
10821,HID-OHT-10821,B1083,1,HID-B1083-1(10821),1,HID,2,2,1810→1811; 2890→2891,1811→1812; 2897→2898,0,1,M16A Project,,HID3,6EFZ1601-512,10821,1810,7012
10831,HID-OHT-10831,B1084,1,HID-B1084-1(10831),1,HID,2,2,2305→2306; 2329→2944,2309→2946; 2311→2312,0,1,M16A Project,,HID3,6ABL6032_AI312,10831,2311,1025
10831,HID-OHT-10831,B1084,1,HID-B1084-1(10831),1,HID,2,2,2305→2306; 2329→2944,2309→2946; 2311→2312,0,1,M16A Project,,HID3,6ABL6032_AI311,10831,2312,1026
10831,HID-OHT-10831,B1084,1,HID-B1084-1(10831),1,HID,2,2,2305→2306; 2329→2944,2309→2946; 2311→2312,0,1,M16A Project,,HID3,6ABL6031_AI311,10831,2312,1027
10831,HID-OHT-10831,B1084,1,HID-B1084-1(10831),1,HID,2,2,2305→2306; 2329→2944,2309→2946; 2311→2312,0,1,M16A Project,,HID3,6ABL6031_AI312,10831,2312,1028
10832,HID-OHT-10832,B1084,2,HID-B1084-2(10832),1,HID,1,1,2308→2309,2309→2310,0,1,M16A Project,,HID3,,,,
10841,HID-OHT-10841,B1085,1,HID-B1085-1(10841),1,HID,2,2,1266→1267; 2861→2862,1268→1269; 2867→2868,0,1,M16A Project,,HID3,ST-003093,10841,2868,3093
10851,HID-OHT-10851,B1086,1,HID-B1086-1(10851),1,HID,2,2,1293→1294; 2897→2898,1299→1300; 2899→2900,0,1,M16A Project,,HID3,6ABL6031_AO323,10851,1293,1058
10851,HID-OHT-10851,B1086,1,HID-B1086-1(10851),1,HID,2,2,1293→1294; 2897→2898,1299→1300; 2899→2900,0,1,M16A Project,,HID3,ST-003011,10851,2900,3011
10861,HID-OHT-10861,B1087,1,HID-B1087-1(10861),1,HID,2,1,2329→2330; 903→901,2336→2337,0,1,M16A Project,,HID3,ST-000901,10861,901,901
10861,HID-OHT-10861,B1087,1,HID-B1087-1(10861),1,HID,2,1,2329→2330; 903→901,2336→2337,0,1,M16A Project,,HID3,ST-000903,10861,903,903
10871,HID-OHT-10871,B1088,1,HID-B1088-1(10871),1,HID,2,2,1260→1261; 2778→2779,1267→1268; 2780→2781,0,1,M16A Project,,HID3,,,,
10881,HID-OHT-10881,B1089,1,HID-B1089-1(10881),1,HID,2,2,1299→1300; 2806→2807,1301→1302; 2812→2813,0,1,M16A Project,,HID3,,,,
10891,HID-OHT-10891,B1090,1,HID-B1090-1(10891),1,HID,2,2,2300→2301; 2772→2773,2302→2303; 2778→2779,0,1,M16A Project,,HID3,,,,
10901,HID-OHT-10901,B1091,1,HID-B1091-1(10901),1,HID,3,2,2334→2335; 2812→2813; 2947→2335,2340→2341; 2814→2815,0,1,M16A Project,,HID3,,,,
10911,HID-OHT-10911,B1092,1,HID-B1092-1(10911),1,HID,2,2,1304→1305; 2901→2902,1305→1306; 2907→2908,0,1,M16A Project,,HID3,,,,
10921,HID-OHT-10921,B1093,1,HID-B1093-1(10921),1,HID,2,2,1778→1779; 2855→2856,1779→1780; 2860→2861,0,1,M16A Project,,HID3,,,,
10931,HID-OHT-10931,B1094,1,HID-B1094-1(10931),1,HID,2,2,2294→2295; 2341→2942,2298→2940; 2300→2301,0,1,M16A Project,,HID3,,,,
10932,HID-OHT-10932,B1094,2,HID-B1094-2(10932),1,HID,1,2,2297→2298,2298→2299; 2941→2343,0,1,M16A Project,,HID3,,,,
10941,HID-OHT-10941,B1095,1,HID-B1095-1(10941),1,HID,3,2,2298→2940; 2338→2339; 2814→2339,2341→2942; 2343→2344,0,1,M16A Project,,HID3,,,,
10942,HID-OHT-10942,B1095,2,HID-B1095-2(10942),1,HID,1,2,2339→2340,2341→2342; 2943→2300,0,1,M16A Project,,HID3,,,,
10951,HID-OHT-10951,B1096,1,HID-B1096-1(10951),1,HID,2,2,1818→1819; 2908→2909,1823→1824; 2909→2910,0,1,M16A Project,,HID3,,,,
10961,HID-OHT-10961,B1097,1,HID-B1097-1(10961),1,HID,2,2,2343→2344; 2816→2817,2345→2346; 2821→2822,0,1,M16A Project,,HID3,ST-003031,10961,2822,3031
10971,HID-OHT-10971,B1098,1,HID-B1098-1(10971),1,HID,2,2,1309→1310; 2913→2914,1314→1315; 2914→2915,0,1,M16A Project,,HID3,ST-003029,10971,1315,3029
10981,HID-OHT-10981,B1099,1,HID-B1099-1(10981),1,HID,2,1,103→2939; 2288→2289,2294→2295,0,1,M16A Project,,HID3,ST-000103,10981,103,103
10991,HID-OHT-10991,B1100,1,HID-B1100-1(10991),1,HID,1,2,2349→2350,2350→2351; 2762→2763,0,1,M16A Project,,HID3,ST-003035,10991,2763,3035
10992,HID-OHT-10992,B1100,2,HID-B1100-2(10992),1,HID,1,2,2346→2347,2350→2761; 2353→2354,0,1,M16A Project,,HID3,,,,
11001,HID-OHT-11001,B1101,1,HID-B1101-1(11001),1,HID,1,2,1767→1768,1769→1770; 2851→2852,0,1,M16A Project,,HID3,ST-003074,11001,2852,3074
11002,HID-OHT-11002,B1101,2,HID-B1101-2(11002),1,HID,1,2,1766→1767,1769→2850; 1771→1772,0,1,M16A Project,,HID3,ST-003079,11002,1772,3079
11011,HID-OHT-11011,B1102,1,HID-B1102-1(11011),1,HID,1,2,1249→1250,1251→1252; 2767→2768,0,1,M16A Project,,HID3,,,,
11012,HID-OHT-11012,B1102,2,HID-B1102-2(11012),1,HID,1,2,1248→1249,1251→2766; 1253→1254,0,1,M16A Project,,HID3,ST-003069,11012,1254,3069
11021,HID-OHT-11021,B1103,1,HID-B1103-1(11021),1,HID,1,1,1764→1765,1768→1769,0,1,M16A Project,,HID3,,,,
11031,HID-OHT-11031,B1104,1,HID-B1104-1(11031),1,HID,1,1,1244→1245,1249→1250,0,1,M16A Project,,HID3,,,,
11041,HID-OHT-11041,B1105,1,HID-B1105-1(11041),1,HID,2,2,1316→1317; 2827→2828,1322→1323; 2828→2829,0,1,M16A Project,,HID3,6ABL0111_AI323,11041,1323,1005
11051,HID-OHT-11051,B1106,1,HID-B1106-1(11051),1,HID,2,2,1860→1861; 2750→2751,1865→1866; 2752→2753,0,1,M16A Project,,HID3,,,,
11061,HID-OHT-11061,B1107,1,HID-B1107-1(11061),1,HID,2,1,1870→1871; 2759→2760,1876→1877,0,1,M16A Project,,HID3,,,,
11071,HID-OHT-11071,B1108,1,HID-B1108-1(11071),1,HID,2,1,2352→2353; 2375→2376,2357→2358,0,1,M16A Project,,HID3,,,,
11081,HID-OHT-11081,B1109,1,HID-B1109-1(11081),1,HID,2,2,2374→2375; 2765→2378,2375→2376; 2380→2381,0,1,M16A Project,,HID3,,,,
11082,HID-OHT-11082,B1109,2,HID-B1109-2(11082),1,HID,1,2,2374→2375,2375→2380; 2377→2357,0,1,M16A Project,,HID3,6ABL0112_AO311,11082,2374,1014
11082,HID-OHT-11082,B1109,2,HID-B1109-2(11082),1,HID,1,2,2374→2375,2375→2380; 2377→2357,0,1,M16A Project,,HID3,6ABL0111_AO311,11082,2374,1015
11082,HID-OHT-11082,B1109,2,HID-B1109-2(11082),1,HID,1,2,2374→2375,2375→2380; 2377→2357,0,1,M16A Project,,HID3,6ABL0111_AO312,11082,2374,1016
11091,HID-OHT-11091,B1110,1,HID-B1110-1(11091),1,HID,2,2,2357→2358; 2829→2830,2359→2360; 2834→2835,0,1,M16A Project,,HID3,6ABL0111_AI313,11091,2357,1001
11091,HID-OHT-11091,B1110,1,HID-B1110-1(11091),1,HID,2,2,2357→2358; 2829→2830,2359→2360; 2834→2835,0,1,M16A Project,,HID3,6ABL0112_AI313,11091,2358,1002
11091,HID-OHT-11091,B1110,1,HID-B1110-1(11091),1,HID,2,2,2357→2358; 2829→2830,2359→2360; 2834→2835,0,1,M16A Project,,HID3,6ABL0121_AI313,11091,2834,1003
11091,HID-OHT-11091,B1110,1,HID-B1110-1(11091),1,HID,2,2,2357→2358; 2829→2830,2359→2360; 2834→2835,0,1,M16A Project,,HID3,6ABL0122_AI313,11091,2835,1004
11101,HID-OHT-11101,B1111,1,HID-B1111-1(11101),1,HID,2,2,1324→1325; 2921→2922,1325→1326; 2926→2927,0,1,M16A Project,,HID3,6ABL0112_AI323,11101,1324,1006
11101,HID-OHT-11101,B1111,1,HID-B1111-1(11101),1,HID,2,2,1324→1325; 2921→2922,1325→1326; 2926→2927,0,1,M16A Project,,HID3,ST-003042,11101,1326,3042
11101,HID-OHT-11101,B1111,1,HID-B1111-1(11101),1,HID,2,2,1324→1325; 2921→2922,1325→1326; 2926→2927,0,1,M16A Project,,HID3,6ABL0122_AI323,11101,2927,1008
11111,HID-OHT-11111,B1112,1,HID-B1112-1(11111),1,HID,2,2,1341→1342; 1850→1851,1342→1343; 1855→1856,0,1,M16A Project,,HID3,6ABL0112_AO322,11111,1343,1021
11111,HID-OHT-11111,B1112,1,HID-B1112-1(11111),1,HID,2,2,1341→1342; 1850→1851,1342→1343; 1855→1856,0,1,M16A Project,,HID3,6ABL0112_AI321,11111,1343,1022
11111,HID-OHT-11111,B1112,1,HID-B1112-1(11111),1,HID,2,2,1341→1342; 1850→1851,1342→1343; 1855→1856,0,1,M16A Project,,HID3,ST-003062,11111,1856,3062
11121,HID-OHT-11121,B1113,1,HID-B1113-1(11121),1,HID,1,2,1847→1848,1849→1850; 2845→2846,0,1,M16A Project,,HID3,6ABL0122_AO322,11121,2846,1017
11121,HID-OHT-11121,B1113,1,HID-B1113-1(11121),1,HID,1,2,1847→1848,1849→1850; 2845→2846,0,1,M16A Project,,HID3,6ABL0122_AI321,11121,2846,1018
11122,HID-OHT-11122,B1113,2,HID-B1113-2(11122),1,HID,2,2,1846→1847; 2937→1847,1849→2844; 1852→1853,0,1,M16A Project,,HID3,,,,
11131,HID-OHT-11131,B1114,1,HID-B1114-1(11131),1,HID,2,1,2365→2366; 2840→2841,2368→2369,0,1,M16A Project,,HID3,ST-003059,11131,2369,3059
11141,HID-OHT-11141,B1115,1,HID-B1115-1(11141),1,HID,1,1,2929→2930,2934→2935,0,1,M16A Project,,HID3,ST-003055,11141,2935,3055
11151,HID-OHT-11151,B1116,1,HID-B1116-1(11151),1,HID,2,1,1842→1843; 2936→2937,1847→1848,0,1,M16A Project,,HID3,,,,
