컬럼명,영역,카테고리,어느 룰에서 사용,어디서 보는가,단위/의미,목적,수집기 v4.1,predictor v4.1
M14.CNV.SENDFAB.TO_M16HUB_CURRENTQCNT,M14,CNV,미사용 (수집만),M14,SENDFAB.TO_M16HUB_CURRENTQCNT,ML 학습 / 추후 룰 추가 대비,?,
M14.OHT.STATECNT.ABNORMAL,M14,OHT,ML 피처,M14,이상 OHT 수,장비 이상,?,?
M14.OHT.STATECNT.CONGESTED,M14,OHT,ML 피처,M14,정체 OHT 수,차량 정체,?,?
M14.OHT.STATECNT.HTSTOP,M14,OHT,ML 피처,M14,HT-STOP OHT 수,장비 정지 차량,?,?
M14.OHT.STATECNT.OBSANDBZSTOP,M14,OHT,미사용 (수집만),M14,STATECNT.OBSANDBZSTOP,ML 학습 / 추후 룰 추가 대비,?,
M14.QUE.ABN.AOTRANSDELAY,M14,QUE,미사용 (수집만),M14,ABN.AOTRANSDELAY,ML 학습 / 추후 룰 추가 대비,?,
M14.QUE.ALL.3F_TO_HUB_JOB,M14,QUE,R-B + 흐름룰,M14,M14 3F → HUB JOB,M14 → HUB 인플로. +80/30분,?,?
M14.QUE.ALL.3F_TO_HUB_JOB_ALT,M14,QUE,ML 피처,M14,우회 인플로,ALT 경로 큐,?,?
M14.QUE.ALL.CURRENTQCNT,M14,QUE,미사용 (수집만),M14,ALL.CURRENTQCNT,ML 학습 / 추후 룰 추가 대비,?,
M14.QUE.ALL.CURRENTQCOMPLETED,M14,QUE,미사용 (수집만),M14,ALL.CURRENTQCOMPLETED,ML 학습 / 추후 룰 추가 대비,?,
M14.QUE.ALL.CURRENTQCREATED,M14,QUE,미사용 (수집만),M14,ALL.CURRENTQCREATED,ML 학습 / 추후 룰 추가 대비,?,
M14.QUE.ALL.TOTALCNVCURRENTQCNT,M14,QUE,미사용 (수집만),M14,ALL.TOTALCNVCURRENTQCNT,ML 학습 / 추후 룰 추가 대비,?,
M14.QUE.ALL.TRANSPORT4MINOVERCNT,M14,QUE,SLA,M14,M14 4분 이상 COUNT,10분 +20 spike,?,?
M14.QUE.ALL.TRANSPORT4MINOVERRATIO,M14,QUE,SLA,M14,M14 4분 이상 RATIO,임계 ≥25%,?,?
M14.QUE.ALL.TRANSPORT4MINOVERTIMEAVG,M14,QUE,미사용 (수집만),M14,ALL.TRANSPORT4MINOVERTIMEAVG,ML 학습 / 추후 룰 추가 대비,?,
M14.QUE.CNV.3F_CNV_MAXCAPA,M14,QUE,MAXCAPA ★,M14,M14 CNV 입력 최대치,운영자. 정상 244 → ≤150,?,?
M14.QUE.CNV.ALLTONORTHCNVCURRENTQCNT,M14,QUE,미사용 (수집만),M14,CNV.ALLTONORTHCNVCURRENTQCNT,ML 학습 / 추후 룰 추가 대비,?,
M14.QUE.CNV.ALLTOSOUTHCNVCURRENTQCNT,M14,QUE,미사용 (수집만),M14,CNV.ALLTOSOUTHCNVCURRENTQCNT,ML 학습 / 추후 룰 추가 대비,?,
M14.QUE.CNV.M14ATOM16ACURRNETQCNT,M14,QUE,흐름룰 M14_CNV_TO_HUB,M14,M14A→M16A CNV 큐,2.PNG 최대 병목 노드,?,?
M14.QUE.CNV.M14ATOM16CURRNETQCNT,M14,QUE,미사용 (수집만),M14,CNV.M14ATOM16CURRNETQCNT,ML 학습 / 추후 룰 추가 대비,?,
M14.QUE.CNV.M14ATONORTHCURRENTQCNT,M14,QUE,R-C' (쏠림),M14,북측 CNV 큐,남/북 70% 쏠림 감지,?,?
M14.QUE.CNV.M14ATOSOUTHCURRENTQCNT,M14,QUE,R-C' (쏠림),M14,남측 CNV 큐,남/북 쏠림,?,?
M14.QUE.CNV.NORTHCNVTOALLCURRENTQCNT,M14,QUE,미사용 (수집만),M14,CNV.NORTHCNVTOALLCURRENTQCNT,ML 학습 / 추후 룰 추가 대비,?,
M14.QUE.CNV.NORTHCNVTOM14TIME,M14,QUE,미사용 (수집만),M14,CNV.NORTHCNVTOM14TIME,ML 학습 / 추후 룰 추가 대비,?,
M14.QUE.CNV.NORTHCNVTOM14TIME1MIN,M14,QUE,미사용 (수집만),M14,CNV.NORTHCNVTOM14TIME1MIN,ML 학습 / 추후 룰 추가 대비,?,
M14.QUE.CNV.NORTHCURRENTQCNT,M14,QUE,미사용 (수집만),M14,CNV.NORTHCURRENTQCNT,ML 학습 / 추후 룰 추가 대비,?,
M14.QUE.CNV.NORTHM14TOCNVTIME,M14,QUE,미사용 (수집만),M14,CNV.NORTHM14TOCNVTIME,ML 학습 / 추후 룰 추가 대비,?,
M14.QUE.CNV.NORTHM14TOCNVTIME1MIN,M14,QUE,미사용 (수집만),M14,CNV.NORTHM14TOCNVTIME1MIN,ML 학습 / 추후 룰 추가 대비,?,
M14.QUE.CNV.SOUTHCNVTOALLCURRENTQCNT,M14,QUE,미사용 (수집만),M14,CNV.SOUTHCNVTOALLCURRENTQCNT,ML 학습 / 추후 룰 추가 대비,?,
M14.QUE.CNV.SOUTHCNVTOM14TIME,M14,QUE,미사용 (수집만),M14,CNV.SOUTHCNVTOM14TIME,ML 학습 / 추후 룰 추가 대비,?,
M14.QUE.CNV.SOUTHCNVTOM14TIME1MIN,M14,QUE,미사용 (수집만),M14,CNV.SOUTHCNVTOM14TIME1MIN,ML 학습 / 추후 룰 추가 대비,?,
M14.QUE.CNV.SOUTHCURRENTQCNT,M14,QUE,미사용 (수집만),M14,CNV.SOUTHCURRENTQCNT,ML 학습 / 추후 룰 추가 대비,?,
M14.QUE.CNV.SOUTHM14TOCNVTIME,M14,QUE,미사용 (수집만),M14,CNV.SOUTHM14TOCNVTIME,ML 학습 / 추후 룰 추가 대비,?,
M14.QUE.CNV.SOUTHM14TOCNVTIME1MIN,M14,QUE,미사용 (수집만),M14,CNV.SOUTHM14TOCNVTIME1MIN,ML 학습 / 추후 룰 추가 대비,?,
M14.QUE.LOAD.AVGLOADTIME,M14,QUE,미사용 (수집만),M14,LOAD.AVGLOADTIME,ML 학습 / 추후 룰 추가 대비,?,
M14.QUE.LOAD.AVGLOADTIME1MIN,M14,QUE,R-A',M14,최근 1분 평균 Load 반송시간,M14 정체. 임계 ≥3.3분,?,?
M14.QUE.OHT.3F_TO_HUB_CMD,M14,QUE,ML 피처,M14,M14→HUB 이동중 OHT,진행중 명령,?,?
M14.QUE.OHT.OHTUTIL,M14,QUE,R-D,M14,M14 OHT 사용률,임계 ≥95%,?,?
M14.QUE.SFAB.SENDTOM16,M14,QUE,미사용 (수집만),M14,SFAB.SENDTOM16,ML 학습 / 추후 룰 추가 대비,?,
M14.SORTER.ABN.CUSORTERWAITCOUNTOVER,M14,SORTER,미사용 (수집만),M14,ABN.CUSORTERWAITCOUNTOVER,ML 학습 / 추후 룰 추가 대비,?,
M14.SORTER.ABN.SORTERWAITCOUNTOVER,M14,SORTER,Sorter,M14,Sorter 대기 LOT,임계 ≥100,?,?
M14B.LFT.4ABLD111.4F_TO_7F_CURRENTQCNT,M14B,LFT,미사용 (수집만),M14B,4ABLD111.4F_TO_7F_CURRENTQCNT,ML 학습 / 추후 룰 추가 대비,?,
M14B.LFT.4ABLD111.7F_TO_4F_CURRENTQCNT,M14B,LFT,미사용 (수집만),M14B,4ABLD111.7F_TO_4F_CURRENTQCNT,ML 학습 / 추후 룰 추가 대비,?,
M14B.LFT.4ABLD111.TOTAL_CURRENTQCNT,M14B,LFT,미사용 (수집만),M14B,4ABLD111.TOTAL_CURRENTQCNT,ML 학습 / 추후 룰 추가 대비,?,
M14B.LFT.4ABLD112.4F_TO_7F_CURRENTQCNT,M14B,LFT,미사용 (수집만),M14B,4ABLD112.4F_TO_7F_CURRENTQCNT,ML 학습 / 추후 룰 추가 대비,?,
M14B.LFT.4ABLD112.7F_TO_4F_CURRENTQCNT,M14B,LFT,미사용 (수집만),M14B,4ABLD112.7F_TO_4F_CURRENTQCNT,ML 학습 / 추후 룰 추가 대비,?,
M14B.LFT.4ABLD112.TOTAL_CURRENTQCNT,M14B,LFT,미사용 (수집만),M14B,4ABLD112.TOTAL_CURRENTQCNT,ML 학습 / 추후 룰 추가 대비,?,
M14B.LFT.4ABLD121.4F_TO_7F_CURRENTQCNT,M14B,LFT,미사용 (수집만),M14B,4ABLD121.4F_TO_7F_CURRENTQCNT,ML 학습 / 추후 룰 추가 대비,?,
M14B.LFT.4ABLD121.7F_TO_4F_CURRENTQCNT,M14B,LFT,미사용 (수집만),M14B,4ABLD121.7F_TO_4F_CURRENTQCNT,ML 학습 / 추후 룰 추가 대비,?,
M14B.LFT.4ABLD121.TOTAL_CURRENTQCNT,M14B,LFT,미사용 (수집만),M14B,4ABLD121.TOTAL_CURRENTQCNT,ML 학습 / 추후 룰 추가 대비,?,
M14B.LFT.4ABLD122.4F_TO_7F_CURRENTQCNT,M14B,LFT,미사용 (수집만),M14B,4ABLD122.4F_TO_7F_CURRENTQCNT,ML 학습 / 추후 룰 추가 대비,?,
M14B.LFT.4ABLD122.7F_TO_4F_CURRENTQCNT,M14B,LFT,미사용 (수집만),M14B,4ABLD122.7F_TO_4F_CURRENTQCNT,ML 학습 / 추후 룰 추가 대비,?,
M14B.LFT.4ABLD122.TOTAL_CURRENTQCNT,M14B,LFT,흐름룰 M14B_LFT_4ABLD122,M14B,4ABLD122 리프터 큐,M14B→HUB LFT,?,?
M14B.LFT.4ABLD131.4F_TO_7F_CURRENTQCNT,M14B,LFT,미사용 (수집만),M14B,4ABLD131.4F_TO_7F_CURRENTQCNT,ML 학습 / 추후 룰 추가 대비,?,
M14B.LFT.4ABLD131.7F_TO_4F_CURRENTQCNT,M14B,LFT,미사용 (수집만),M14B,4ABLD131.7F_TO_4F_CURRENTQCNT,ML 학습 / 추후 룰 추가 대비,?,
M14B.LFT.4ABLD131.TOTAL_CURRENTQCNT,M14B,LFT,미사용 (수집만),M14B,4ABLD131.TOTAL_CURRENTQCNT,ML 학습 / 추후 룰 추가 대비,?,
M14B.LFT.4ABLD132.4F_TO_7F_CURRENTQCNT,M14B,LFT,미사용 (수집만),M14B,4ABLD132.4F_TO_7F_CURRENTQCNT,ML 학습 / 추후 룰 추가 대비,?,
M14B.LFT.4ABLD132.7F_TO_4F_CURRENTQCNT,M14B,LFT,미사용 (수집만),M14B,4ABLD132.7F_TO_4F_CURRENTQCNT,ML 학습 / 추후 룰 추가 대비,?,
M14B.LFT.4ABLD132.TOTAL_CURRENTQCNT,M14B,LFT,미사용 (수집만),M14B,4ABLD132.TOTAL_CURRENTQCNT,ML 학습 / 추후 룰 추가 대비,?,
M14B.LFT.SENDFAB.TO_M14A_CURRENTQCNT,M14B,LFT,미사용 (수집만),M14B,SENDFAB.TO_M14A_CURRENTQCNT,ML 학습 / 추후 룰 추가 대비,?,
M14B.LFT.SENDFAB.TO_M16HUB_CURRENTQCNT,M14B,LFT,미사용 (수집만),M14B,SENDFAB.TO_M16HUB_CURRENTQCNT,ML 학습 / 추후 룰 추가 대비,?,
M14B.OHT.ALERT.OHTMCPALARMCNT,M14B,OHT,ML 피처,M14B,OHT MCP 알람,,?,?
M14B.QUE.ABN.AOTRANSDELAY,M14B,QUE,ML 피처,M14B,AO 지연 FOUP,장비 출구 막힘,?,?
M14B.QUE.ALL.7F_TO_HUB_JOB,M14B,QUE,R-B + 흐름룰,M14B,M14B 7F → HUB,M14B → HUB 인플로. +150/30분,?,?
M14B.QUE.ALL.7F_TO_HUB_JOB_ALT,M14B,QUE,R-D 보조,M14B,우회 인플로,,?,?
M14B.QUE.ALL.CURRENTQCNT,M14B,QUE,미사용 (수집만),M14B,ALL.CURRENTQCNT,ML 학습 / 추후 룰 추가 대비,?,
M14B.QUE.ALL.CURRENTQCOMPLETED,M14B,QUE,미사용 (수집만),M14B,ALL.CURRENTQCOMPLETED,ML 학습 / 추후 룰 추가 대비,?,
M14B.QUE.ALL.CURRENTQCREATED,M14B,QUE,미사용 (수집만),M14B,ALL.CURRENTQCREATED,ML 학습 / 추후 룰 추가 대비,?,
M14B.QUE.LFT.ALLTOLFTCURRENTQCNT,M14B,QUE,미사용 (수집만),M14B,LFT.ALLTOLFTCURRENTQCNT,ML 학습 / 추후 룰 추가 대비,?,
M14B.QUE.LFT.LFTTOALLCURRENTQCNT,M14B,QUE,미사용 (수집만),M14B,LFT.LFTTOALLCURRENTQCNT,ML 학습 / 추후 룰 추가 대비,?,
M14B.QUE.LFT.M14BTOM16ACURRNETQCNT,M14B,QUE,미사용 (수집만),M14B,LFT.M14BTOM16ACURRNETQCNT,ML 학습 / 추후 룰 추가 대비,?,
M14B.QUE.LOAD.AVGLOADTIME,M14B,QUE,미사용 (수집만),M14B,LOAD.AVGLOADTIME,ML 학습 / 추후 룰 추가 대비,?,
M14B.QUE.LOAD.AVGLOADTIME1MIN,M14B,QUE,미사용 (수집만),M14B,LOAD.AVGLOADTIME1MIN,ML 학습 / 추후 룰 추가 대비,?,
M14B.QUE.LOAD.CURRENTLOADQCNT,M14B,QUE,미사용 (수집만),M14B,LOAD.CURRENTLOADQCNT,ML 학습 / 추후 룰 추가 대비,?,
M14B.QUE.OHT.7F_TO_HUB_CMD,M14B,QUE,ML 피처,M14B,진행중 OHT 명령,,?,?
M14B.QUE.OHT.CURRENTOHTQCNT,M14B,QUE,미사용 (수집만),M14B,OHT.CURRENTOHTQCNT,ML 학습 / 추후 룰 추가 대비,?,
M14B.QUE.OHT.OHTUTIL,M14B,QUE,R-D,M14B,M14B OHT 사용률,임계 ≥95%,?,?
M14B.QUE.SENDFAB.VERTICALQUEUECOUNT,M14B,QUE,미사용 (수집만),M14B,SENDFAB.VERTICALQUEUECOUNT,ML 학습 / 추후 룰 추가 대비,?,
M14B.QUE.TIME.AVGTOTALTIME,M14B,QUE,미사용 (수집만),M14B,TIME.AVGTOTALTIME,ML 학습 / 추후 룰 추가 대비,?,
M14B.QUE.TIME.AVGTOTALTIME1MIN,M14B,QUE,R-A',M14B,최근 1분 평균 반송시간,M14B 정체. 임계 ≥5.0분,?,?
M14B.SORTER.ABN.CUSORTERWAITCOUNTOVER,M14B,SORTER,미사용 (수집만),M14B,ABN.CUSORTERWAITCOUNTOVER,ML 학습 / 추후 룰 추가 대비,?,
M14B.SORTER.ABN.SORTERWAITCOUNTOVER,M14B,SORTER,Sorter,M14B,Sorter 대기 LOT,임계 ≥75,?,?
M14B.SORTER.ABN.SORTERWAITCOUNTOVER_B01,M14B,SORTER,미사용 (수집만),M14B,ABN.SORTERWAITCOUNTOVER_B01,ML 학습 / 추후 룰 추가 대비,?,
M16.CNV.SENDFAB.TO_M16WT_CURRENTQCNT,M16,CNV,미사용 (수집만),M16,SENDFAB.TO_M16WT_CURRENTQCNT,ML 학습 / 추후 룰 추가 대비,?,
M16.QUE.SFAB.COMPLETEQUEUETOTAL,M16,QUE,미사용 (수집만),M16,SFAB.COMPLETEQUEUETOTAL,ML 학습 / 추후 룰 추가 대비,?,
M16.QUE.SFAB.COMPLETETOM10,M16,QUE,미사용 (수집만),M16,SFAB.COMPLETETOM10,ML 학습 / 추후 룰 추가 대비,?,
M16.QUE.SFAB.COMPLETETOM14,M16,QUE,미사용 (수집만),M16,SFAB.COMPLETETOM14,ML 학습 / 추후 룰 추가 대비,?,
M16.QUE.SFAB.RECEIVEQUEUETOTAL,M16,QUE,피처,M16,SFAB RECV 큐,,?,?
M16.QUE.SFAB.RETURNQUEUETOTAL,M16,QUE,피처,M16,SFAB RETURN 큐,,?,?
M16.QUE.SFAB.RETURNTOM10,M16,QUE,미사용 (수집만),M16,SFAB.RETURNTOM10,ML 학습 / 추후 룰 추가 대비,?,
M16.QUE.SFAB.RETURNTOM14,M16,QUE,미사용 (수집만),M16,SFAB.RETURNTOM14,ML 학습 / 추후 룰 추가 대비,?,
M16.QUE.SFAB.SENDQUEUETOTAL,M16,QUE,R-B,M16,SFAB SEND 큐,+20/30분,?,?
M16.QUE.SFAB.SENDTOM10,M16,QUE,미사용 (수집만),M16,SFAB.SENDTOM10,ML 학습 / 추후 룰 추가 대비,?,
M16.QUE.SFAB.SENDTOM14,M16,QUE,미사용 (수집만),M16,SFAB.SENDTOM14,ML 학습 / 추후 룰 추가 대비,?,
M16A.LFT.SENDFAB.TO_M16B_CURRENTQCNT,M16A,LFT,미사용 (수집만),M16A,SENDFAB.TO_M16B_CURRENTQCNT,ML 학습 / 추후 룰 추가 대비,?,
M16A.LFT.SENDFAB.TO_M16E_CURRENTQCNT,M16A,LFT,미사용 (수집만),M16A,SENDFAB.TO_M16E_CURRENTQCNT,ML 학습 / 추후 룰 추가 대비,?,
M16A.LFT.SENDFAB.TO_M16HUB_CURRENTQCNT,M16A,LFT,미사용 (수집만),M16A,SENDFAB.TO_M16HUB_CURRENTQCNT,ML 학습 / 추후 룰 추가 대비,?,
M16A.QUE.ABN.AOTRANSDELAY,M16A,QUE,미사용 (수집만),M16A,ABN.AOTRANSDELAY,ML 학습 / 추후 룰 추가 대비,?,
M16A.QUE.ALL.2F_TO_6F_JOB,M16A,QUE,미사용 (수집만),M16A,ALL.2F_TO_6F_JOB,ML 학습 / 추후 룰 추가 대비,?,
M16A.QUE.ALL.2F_TO_HUB_JOB,M16A,QUE,흐름룰 M16A_2F_TO_HUB,M16A,M16A 2F → HUB,M16EUV 측 인플로,?,?
M16A.QUE.ALL.2F_TO_HUB_JOB_ALT,M16A,QUE,미사용 (수집만),M16A,ALL.2F_TO_HUB_JOB_ALT,ML 학습 / 추후 룰 추가 대비,?,
M16A.QUE.ALL.6F_TO_2F_JOB,M16A,QUE,미사용 (수집만),M16A,ALL.6F_TO_2F_JOB,ML 학습 / 추후 룰 추가 대비,?,
M16A.QUE.ALL.6F_TO_HUB_JOB,M16A,QUE,R-B + 흐름룰,M16A,M16A 6F → HUB,M16A 6F → HUB 인플로. +80/30분,?,?
M16A.QUE.ALL.6F_TO_HUB_JOB_ALT,M16A,QUE,미사용 (수집만),M16A,ALL.6F_TO_HUB_JOB_ALT,ML 학습 / 추후 룰 추가 대비,?,
M16A.QUE.ALL.CURRENTQCNT,M16A,QUE,미사용 (수집만),M16A,ALL.CURRENTQCNT,ML 학습 / 추후 룰 추가 대비,?,
M16A.QUE.ALL.CURRENTQCOMPLETED,M16A,QUE,미사용 (수집만),M16A,ALL.CURRENTQCOMPLETED,ML 학습 / 추후 룰 추가 대비,?,
M16A.QUE.ALL.CURRENTQCREATED,M16A,QUE,미사용 (수집만),M16A,ALL.CURRENTQCREATED,ML 학습 / 추후 룰 추가 대비,?,
M16A.QUE.ALL.TRANSPORT4MINOVERCNT,M16A,QUE,SLA,M16A,M16A 4분 이상 COUNT,,?,?
M16A.QUE.ALL.TRANSPORT4MINOVERRATIO,M16A,QUE,SLA,M16A,M16A 4분 이상 RATIO,임계 ≥13%,?,?
M16A.QUE.ALL.TRANSPORT4MINOVERTIMEAVG,M16A,QUE,미사용 (수집만),M16A,ALL.TRANSPORT4MINOVERTIMEAVG,ML 학습 / 추후 룰 추가 대비,?,
M16A.QUE.CNV.ALLTONORTHCNVCURRENTQCNT,M16A,QUE,미사용 (수집만),M16A,CNV.ALLTONORTHCNVCURRENTQCNT,ML 학습 / 추후 룰 추가 대비,?,
M16A.QUE.CNV.ALLTOSOUTHCNVCURRENTQCNT,M16A,QUE,미사용 (수집만),M16A,CNV.ALLTOSOUTHCNVCURRENTQCNT,ML 학습 / 추후 룰 추가 대비,?,
M16A.QUE.CNV.M16ATOM14ACURRNETQCNT,M16A,QUE,미사용 (수집만),M16A,CNV.M16ATOM14ACURRNETQCNT,ML 학습 / 추후 룰 추가 대비,?,
M16A.QUE.CNV.M16ATOM14BCURRNETQCNT,M16A,QUE,미사용 (수집만),M16A,CNV.M16ATOM14BCURRNETQCNT,ML 학습 / 추후 룰 추가 대비,?,
M16A.QUE.CNV.M16TOM14ACURRNETQCNT,M16A,QUE,미사용 (수집만),M16A,CNV.M16TOM14ACURRNETQCNT,ML 학습 / 추후 룰 추가 대비,?,
M16A.QUE.CNV.M16TOM14BCURRNETQCNT,M16A,QUE,미사용 (수집만),M16A,CNV.M16TOM14BCURRNETQCNT,ML 학습 / 추후 룰 추가 대비,?,
M16A.QUE.CNV.NORTHCNVTOALLCURRENTQCNT,M16A,QUE,미사용 (수집만),M16A,CNV.NORTHCNVTOALLCURRENTQCNT,ML 학습 / 추후 룰 추가 대비,?,
M16A.QUE.CNV.SOUTHCNVTOALLCURRENTQCNT,M16A,QUE,미사용 (수집만),M16A,CNV.SOUTHCNVTOALLCURRENTQCNT,ML 학습 / 추후 룰 추가 대비,?,
M16A.QUE.LFT.2F_LFT_MAXCAPA,M16A,QUE,MAXCAPA ★,M16A,M16A 2F LFT 입력 최대치,정상 54 → ≤40,?,?
M16A.QUE.LFT.6F_LFT_MAXCAPA,M16A,QUE,MAXCAPA ★,M16A,M16A 6F LFT 입력 최대치,정상 149 → ≤100,?,?
M16A.QUE.LFT.ALLTOLFTCURRENTQCNT,M16A,QUE,미사용 (수집만),M16A,LFT.ALLTOLFTCURRENTQCNT,ML 학습 / 추후 룰 추가 대비,?,
M16A.QUE.LFT.LFTTOALLCURRENTQCNT,M16A,QUE,미사용 (수집만),M16A,LFT.LFTTOALLCURRENTQCNT,ML 학습 / 추후 룰 추가 대비,?,
M16A.QUE.LOAD.AVGFOUPLOADTIME,M16A,QUE,미사용 (수집만),M16A,LOAD.AVGFOUPLOADTIME,ML 학습 / 추후 룰 추가 대비,?,
M16A.QUE.LOAD.AVGLOADTIME1MIN,M16A,QUE,R-A',M16A,최근 1분 평균 Load 시간,M16A 정체. 임계 ≥3.2분,?,?
M16A.QUE.LOAD.CURRENTLOADQCNT,M16A,QUE,미사용 (수집만),M16A,LOAD.CURRENTLOADQCNT,ML 학습 / 추후 룰 추가 대비,?,
M16A.QUE.OHT.2F_TO_HUB_CMD,M16A,QUE,ML 피처,M16A,진행중 OHT,,?,?
M16A.QUE.OHT.6F_TO_HUB_CMD,M16A,QUE,ML 피처,M16A,진행중 OHT,,?,?
M16A.QUE.OHT.CURRENTOHTQCNT,M16A,QUE,미사용 (수집만),M16A,OHT.CURRENTOHTQCNT,ML 학습 / 추후 룰 추가 대비,?,
M16A.QUE.OHT.OHTUTIL,M16A,QUE,R-D,M16A,M16A OHT 사용률,임계 ≥95%,?,?
M16A.SORTER.ABN.CUSORTERWAITCOUNTOVER,M16A,SORTER,미사용 (수집만),M16A,ABN.CUSORTERWAITCOUNTOVER,ML 학습 / 추후 룰 추가 대비,?,
M16A.SORTER.ABN.SORTERWAITCOUNTOVER,M16A,SORTER,Sorter,M16A,Sorter 대기 LOT,임계 ≥180,?,?
M16B.LFT.SENDFAB.TO_M16A_CURRENTQCNT,M16B,LFT,미사용 (수집만),M16B,SENDFAB.TO_M16A_CURRENTQCNT,ML 학습 / 추후 룰 추가 대비,?,
M16B.QUE.ABN.AOTRANSDELAY,M16B,QUE,미사용 (수집만),M16B,ABN.AOTRANSDELAY,ML 학습 / 추후 룰 추가 대비,?,
M16B.QUE.ALL.10F_TO_HUB_JOB,M16B,QUE,R-B + 흐름룰,M16B,M16B 10F → HUB,+30/30분,?,?
M16B.QUE.ALL.CURRENTQCNT,M16B,QUE,미사용 (수집만),M16B,ALL.CURRENTQCNT,ML 학습 / 추후 룰 추가 대비,?,
M16B.QUE.ALL.CURRENTQCOMPLETED,M16B,QUE,미사용 (수집만),M16B,ALL.CURRENTQCOMPLETED,ML 학습 / 추후 룰 추가 대비,?,
M16B.QUE.ALL.CURRENTQCREATED,M16B,QUE,미사용 (수집만),M16B,ALL.CURRENTQCREATED,ML 학습 / 추후 룰 추가 대비,?,
M16B.QUE.ALL.TRANSPORT4MINOVERCNT,M16B,QUE,SLA,M16B,M16B 4분 이상 COUNT,,?,?
M16B.QUE.ALL.TRANSPORT4MINOVERRATIO,M16B,QUE,SLA,M16B,M16B 4분 이상 RATIO,임계 ≥18%,?,?
M16B.QUE.ALL.TRANSPORT4MINOVERTIMEAVG,M16B,QUE,미사용 (수집만),M16B,ALL.TRANSPORT4MINOVERTIMEAVG,ML 학습 / 추후 룰 추가 대비,?,
M16B.QUE.LOAD.AVGFOUPLOADTIME,M16B,QUE,미사용 (수집만),M16B,LOAD.AVGFOUPLOADTIME,ML 학습 / 추후 룰 추가 대비,?,
M16B.QUE.LOAD.AVGLOADTIME1MIN,M16B,QUE,R-A',M16B,최근 1분 평균 Load 시간,임계 ≥3.5분,?,?
M16B.QUE.LOAD.CURRENTLOADQCNT,M16B,QUE,미사용 (수집만),M16B,LOAD.CURRENTLOADQCNT,ML 학습 / 추후 룰 추가 대비,?,
M16B.QUE.OHT.CURRENTOHTQCNT,M16B,QUE,미사용 (수집만),M16B,OHT.CURRENTOHTQCNT,ML 학습 / 추후 룰 추가 대비,?,
M16B.QUE.OHT.OHTUTIL,M16B,QUE,R-D,M16B,M16B OHT 사용률,임계 ≥95%,?,?
M16B.SORTER.ABN.CUSORTERWAITCOUNTOVER,M16B,SORTER,미사용 (수집만),M16B,ABN.CUSORTERWAITCOUNTOVER,ML 학습 / 추후 룰 추가 대비,?,
M16B.SORTER.ABN.SORTERWAITCOUNTOVER,M16B,SORTER,Sorter,M16B,Sorter 대기,임계 ≥90,?,?
M16HUB.CNV.SENDFAB.TO_M14A_CURRENTQCNT,M16HUB,CNV,미사용 (수집만),M16HUB,SENDFAB.TO_M14A_CURRENTQCNT,ML 학습 / 추후 룰 추가 대비,?,
M16HUB.LFT.6ABL0111.2F_TO_3F_CURRENTQCNT,M16HUB,LFT,미사용 (수집만),M16HUB,6ABL0111.2F_TO_3F_CURRENTQCNT,ML 학습 / 추후 룰 추가 대비,?,
M16HUB.LFT.6ABL0111.2F_TO_6F_CURRENTQCNT,M16HUB,LFT,미사용 (수집만),M16HUB,6ABL0111.2F_TO_6F_CURRENTQCNT,ML 학습 / 추후 룰 추가 대비,?,
M16HUB.LFT.6ABL0111.3F_TO_2F_CURRENTQCNT,M16HUB,LFT,미사용 (수집만),M16HUB,6ABL0111.3F_TO_2F_CURRENTQCNT,ML 학습 / 추후 룰 추가 대비,?,
M16HUB.LFT.6ABL0111.3F_TO_6F_CURRENTQCNT,M16HUB,LFT,미사용 (수집만),M16HUB,6ABL0111.3F_TO_6F_CURRENTQCNT,ML 학습 / 추후 룰 추가 대비,?,
M16HUB.LFT.6ABL0111.6F_TO_2F_CURRENTQCNT,M16HUB,LFT,미사용 (수집만),M16HUB,6ABL0111.6F_TO_2F_CURRENTQCNT,ML 학습 / 추후 룰 추가 대비,?,
M16HUB.LFT.6ABL0111.6F_TO_3F_CURRENTQCNT,M16HUB,LFT,미사용 (수집만),M16HUB,6ABL0111.6F_TO_3F_CURRENTQCNT,ML 학습 / 추후 룰 추가 대비,?,
M16HUB.LFT.6ABL0111.TOTAL_CURRENTQCNT,M16HUB,LFT,R-C',M16HUB,리프터 6ABL0111,M16EUV 2F 연결,?,?
M16HUB.LFT.6ABL0112.2F_TO_3F_CURRENTQCNT,M16HUB,LFT,미사용 (수집만),M16HUB,6ABL0112.2F_TO_3F_CURRENTQCNT,ML 학습 / 추후 룰 추가 대비,?,
M16HUB.LFT.6ABL0112.2F_TO_6F_CURRENTQCNT,M16HUB,LFT,미사용 (수집만),M16HUB,6ABL0112.2F_TO_6F_CURRENTQCNT,ML 학습 / 추후 룰 추가 대비,?,
M16HUB.LFT.6ABL0112.3F_TO_2F_CURRENTQCNT,M16HUB,LFT,미사용 (수집만),M16HUB,6ABL0112.3F_TO_2F_CURRENTQCNT,ML 학습 / 추후 룰 추가 대비,?,
M16HUB.LFT.6ABL0112.3F_TO_6F_CURRENTQCNT,M16HUB,LFT,미사용 (수집만),M16HUB,6ABL0112.3F_TO_6F_CURRENTQCNT,ML 학습 / 추후 룰 추가 대비,?,
M16HUB.LFT.6ABL0112.6F_TO_2F_CURRENTQCNT,M16HUB,LFT,미사용 (수집만),M16HUB,6ABL0112.6F_TO_2F_CURRENTQCNT,ML 학습 / 추후 룰 추가 대비,?,
M16HUB.LFT.6ABL0112.6F_TO_3F_CURRENTQCNT,M16HUB,LFT,미사용 (수집만),M16HUB,6ABL0112.6F_TO_3F_CURRENTQCNT,ML 학습 / 추후 룰 추가 대비,?,
M16HUB.LFT.6ABL0112.TOTAL_CURRENTQCNT,M16HUB,LFT,R-C',M16HUB,리프터 6ABL0112,M16EUV 2F 연결,?,?
M16HUB.LFT.6ABL0121.2F_TO_3F_CURRENTQCNT,M16HUB,LFT,미사용 (수집만),M16HUB,6ABL0121.2F_TO_3F_CURRENTQCNT,ML 학습 / 추후 룰 추가 대비,?,
M16HUB.LFT.6ABL0121.2F_TO_6F_CURRENTQCNT,M16HUB,LFT,미사용 (수집만),M16HUB,6ABL0121.2F_TO_6F_CURRENTQCNT,ML 학습 / 추후 룰 추가 대비,?,
M16HUB.LFT.6ABL0121.3F_TO_2F_CURRENTQCNT,M16HUB,LFT,미사용 (수집만),M16HUB,6ABL0121.3F_TO_2F_CURRENTQCNT,ML 학습 / 추후 룰 추가 대비,?,
M16HUB.LFT.6ABL0121.3F_TO_6F_CURRENTQCNT,M16HUB,LFT,미사용 (수집만),M16HUB,6ABL0121.3F_TO_6F_CURRENTQCNT,ML 학습 / 추후 룰 추가 대비,?,
M16HUB.LFT.6ABL0121.6F_TO_2F_CURRENTQCNT,M16HUB,LFT,미사용 (수집만),M16HUB,6ABL0121.6F_TO_2F_CURRENTQCNT,ML 학습 / 추후 룰 추가 대비,?,
M16HUB.LFT.6ABL0121.TOTAL_CURRENTQCNT,M16HUB,LFT,R-C',M16HUB,리프터 6ABL0121,M16EUV 2F 연결,?,?
M16HUB.LFT.6ABL0122.2F_TO_6F_CURRENTQCNT,M16HUB,LFT,미사용 (수집만),M16HUB,6ABL0122.2F_TO_6F_CURRENTQCNT,ML 학습 / 추후 룰 추가 대비,?,
M16HUB.LFT.6ABL0122.3F_TO_2F_CURRENTQCNT,M16HUB,LFT,미사용 (수집만),M16HUB,6ABL0122.3F_TO_2F_CURRENTQCNT,ML 학습 / 추후 룰 추가 대비,?,
M16HUB.LFT.6ABL0122.3F_TO_6F_CURRENTQCNT,M16HUB,LFT,미사용 (수집만),M16HUB,6ABL0122.3F_TO_6F_CURRENTQCNT,ML 학습 / 추후 룰 추가 대비,?,
M16HUB.LFT.6ABL0122.6F_TO_2F_CURRENTQCNT,M16HUB,LFT,미사용 (수집만),M16HUB,6ABL0122.6F_TO_2F_CURRENTQCNT,ML 학습 / 추후 룰 추가 대비,?,
M16HUB.LFT.6ABL0122.6F_TO_3F_CURRENTQCNT,M16HUB,LFT,미사용 (수집만),M16HUB,6ABL0122.6F_TO_3F_CURRENTQCNT,ML 학습 / 추후 룰 추가 대비,?,
M16HUB.LFT.6ABL0122.TOTAL_CURRENTQCNT,M16HUB,LFT,R-C',M16HUB,리프터 6ABL0122,M16EUV 2F 연결,?,?
M16HUB.LFT.6ABL6011.2F_TO_3F_CURRENTQCNT,M16HUB,LFT,미사용 (수집만),M16HUB,6ABL6011.2F_TO_3F_CURRENTQCNT,ML 학습 / 추후 룰 추가 대비,?,
M16HUB.LFT.6ABL6011.2F_TO_6F_CURRENTQCNT,M16HUB,LFT,미사용 (수집만),M16HUB,6ABL6011.2F_TO_6F_CURRENTQCNT,ML 학습 / 추후 룰 추가 대비,?,
M16HUB.LFT.6ABL6011.3F_TO_2F_CURRENTQCNT,M16HUB,LFT,미사용 (수집만),M16HUB,6ABL6011.3F_TO_2F_CURRENTQCNT,ML 학습 / 추후 룰 추가 대비,?,
M16HUB.LFT.6ABL6011.6F_TO_2F_CURRENTQCNT,M16HUB,LFT,미사용 (수집만),M16HUB,6ABL6011.6F_TO_2F_CURRENTQCNT,ML 학습 / 추후 룰 추가 대비,?,
M16HUB.LFT.6ABL6011.6F_TO_3F_CURRENTQCNT,M16HUB,LFT,미사용 (수집만),M16HUB,6ABL6011.6F_TO_3F_CURRENTQCNT,ML 학습 / 추후 룰 추가 대비,?,
M16HUB.LFT.6ABL6011.TOTAL_CURRENTQCNT,M16HUB,LFT,R-C' (역증가),M16HUB,리프터 6ABL6011 총 큐,M16A 6F 연결 LFT,?,?
M16HUB.LFT.6ABL6012.2F_TO_3F_CURRENTQCNT,M16HUB,LFT,미사용 (수집만),M16HUB,6ABL6012.2F_TO_3F_CURRENTQCNT,ML 학습 / 추후 룰 추가 대비,?,
M16HUB.LFT.6ABL6012.2F_TO_6F_CURRENTQCNT,M16HUB,LFT,미사용 (수집만),M16HUB,6ABL6012.2F_TO_6F_CURRENTQCNT,ML 학습 / 추후 룰 추가 대비,?,
M16HUB.LFT.6ABL6012.3F_TO_2F_CURRENTQCNT,M16HUB,LFT,미사용 (수집만),M16HUB,6ABL6012.3F_TO_2F_CURRENTQCNT,ML 학습 / 추후 룰 추가 대비,?,
M16HUB.LFT.6ABL6012.3F_TO_6F_CURRENTQCNT,M16HUB,LFT,미사용 (수집만),M16HUB,6ABL6012.3F_TO_6F_CURRENTQCNT,ML 학습 / 추후 룰 추가 대비,?,
M16HUB.LFT.6ABL6012.6F_TO_2F_CURRENTQCNT,M16HUB,LFT,미사용 (수집만),M16HUB,6ABL6012.6F_TO_2F_CURRENTQCNT,ML 학습 / 추후 룰 추가 대비,?,
M16HUB.LFT.6ABL6012.6F_TO_3F_CURRENTQCNT,M16HUB,LFT,미사용 (수집만),M16HUB,6ABL6012.6F_TO_3F_CURRENTQCNT,ML 학습 / 추후 룰 추가 대비,?,
M16HUB.LFT.6ABL6012.TOTAL_CURRENTQCNT,M16HUB,LFT,R-C',M16HUB,리프터 6ABL6012,M16A 6F 연결,?,?
M16HUB.LFT.6ABL6021.2F_TO_3F_CURRENTQCNT,M16HUB,LFT,미사용 (수집만),M16HUB,6ABL6021.2F_TO_3F_CURRENTQCNT,ML 학습 / 추후 룰 추가 대비,?,
M16HUB.LFT.6ABL6021.2F_TO_6F_CURRENTQCNT,M16HUB,LFT,미사용 (수집만),M16HUB,6ABL6021.2F_TO_6F_CURRENTQCNT,ML 학습 / 추후 룰 추가 대비,?,
M16HUB.LFT.6ABL6021.3F_TO_2F_CURRENTQCNT,M16HUB,LFT,미사용 (수집만),M16HUB,6ABL6021.3F_TO_2F_CURRENTQCNT,ML 학습 / 추후 룰 추가 대비,?,
M16HUB.LFT.6ABL6021.3F_TO_6F_CURRENTQCNT,M16HUB,LFT,미사용 (수집만),M16HUB,6ABL6021.3F_TO_6F_CURRENTQCNT,ML 학습 / 추후 룰 추가 대비,?,
M16HUB.LFT.6ABL6021.6F_TO_2F_CURRENTQCNT,M16HUB,LFT,미사용 (수집만),M16HUB,6ABL6021.6F_TO_2F_CURRENTQCNT,ML 학습 / 추후 룰 추가 대비,?,
M16HUB.LFT.6ABL6021.6F_TO_3F_CURRENTQCNT,M16HUB,LFT,미사용 (수집만),M16HUB,6ABL6021.6F_TO_3F_CURRENTQCNT,ML 학습 / 추후 룰 추가 대비,?,
M16HUB.LFT.6ABL6021.TOTAL_CURRENTQCNT,M16HUB,LFT,R-C',M16HUB,리프터 6ABL6021,M16A 6F 연결,?,?
M16HUB.LFT.6ABL6022.2F_TO_3F_CURRENTQCNT,M16HUB,LFT,미사용 (수집만),M16HUB,6ABL6022.2F_TO_3F_CURRENTQCNT,ML 학습 / 추후 룰 추가 대비,?,
M16HUB.LFT.6ABL6022.2F_TO_6F_CURRENTQCNT,M16HUB,LFT,미사용 (수집만),M16HUB,6ABL6022.2F_TO_6F_CURRENTQCNT,ML 학습 / 추후 룰 추가 대비,?,
M16HUB.LFT.6ABL6022.3F_TO_2F_CURRENTQCNT,M16HUB,LFT,미사용 (수집만),M16HUB,6ABL6022.3F_TO_2F_CURRENTQCNT,ML 학습 / 추후 룰 추가 대비,?,
M16HUB.LFT.6ABL6022.3F_TO_6F_CURRENTQCNT,M16HUB,LFT,미사용 (수집만),M16HUB,6ABL6022.3F_TO_6F_CURRENTQCNT,ML 학습 / 추후 룰 추가 대비,?,
M16HUB.LFT.6ABL6022.6F_TO_2F_CURRENTQCNT,M16HUB,LFT,미사용 (수집만),M16HUB,6ABL6022.6F_TO_2F_CURRENTQCNT,ML 학습 / 추후 룰 추가 대비,?,
M16HUB.LFT.6ABL6022.6F_TO_3F_CURRENTQCNT,M16HUB,LFT,미사용 (수집만),M16HUB,6ABL6022.6F_TO_3F_CURRENTQCNT,ML 학습 / 추후 룰 추가 대비,?,
M16HUB.LFT.6ABL6022.TOTAL_CURRENTQCNT,M16HUB,LFT,R-C',M16HUB,리프터 6ABL6022,M16A 6F 연결,?,?
M16HUB.LFT.6ABL6031.2F_TO_3F_CURRENTQCNT,M16HUB,LFT,미사용 (수집만),M16HUB,6ABL6031.2F_TO_3F_CURRENTQCNT,ML 학습 / 추후 룰 추가 대비,?,
M16HUB.LFT.6ABL6031.2F_TO_6F_CURRENTQCNT,M16HUB,LFT,미사용 (수집만),M16HUB,6ABL6031.2F_TO_6F_CURRENTQCNT,ML 학습 / 추후 룰 추가 대비,?,
M16HUB.LFT.6ABL6031.3F_TO_2F_CURRENTQCNT,M16HUB,LFT,미사용 (수집만),M16HUB,6ABL6031.3F_TO_2F_CURRENTQCNT,ML 학습 / 추후 룰 추가 대비,?,
M16HUB.LFT.6ABL6031.3F_TO_6F_CURRENTQCNT,M16HUB,LFT,미사용 (수집만),M16HUB,6ABL6031.3F_TO_6F_CURRENTQCNT,ML 학습 / 추후 룰 추가 대비,?,
M16HUB.LFT.6ABL6031.6F_TO_2F_CURRENTQCNT,M16HUB,LFT,미사용 (수집만),M16HUB,6ABL6031.6F_TO_2F_CURRENTQCNT,ML 학습 / 추후 룰 추가 대비,?,
M16HUB.LFT.6ABL6031.6F_TO_3F_CURRENTQCNT,M16HUB,LFT,미사용 (수집만),M16HUB,6ABL6031.6F_TO_3F_CURRENTQCNT,ML 학습 / 추후 룰 추가 대비,?,
M16HUB.LFT.6ABL6031.TOTAL_CURRENTQCNT,M16HUB,LFT,R-C',M16HUB,리프터 6ABL6031,M16A 6F 연결,?,?
M16HUB.LFT.6ABL6032.2F_TO_3F_CURRENTQCNT,M16HUB,LFT,미사용 (수집만),M16HUB,6ABL6032.2F_TO_3F_CURRENTQCNT,ML 학습 / 추후 룰 추가 대비,?,
M16HUB.LFT.6ABL6032.3F_TO_2F_CURRENTQCNT,M16HUB,LFT,미사용 (수집만),M16HUB,6ABL6032.3F_TO_2F_CURRENTQCNT,ML 학습 / 추후 룰 추가 대비,?,
M16HUB.LFT.6ABL6032.3F_TO_6F_CURRENTQCNT,M16HUB,LFT,미사용 (수집만),M16HUB,6ABL6032.3F_TO_6F_CURRENTQCNT,ML 학습 / 추후 룰 추가 대비,?,
M16HUB.LFT.6ABL6032.6F_TO_2F_CURRENTQCNT,M16HUB,LFT,미사용 (수집만),M16HUB,6ABL6032.6F_TO_2F_CURRENTQCNT,ML 학습 / 추후 룰 추가 대비,?,
M16HUB.LFT.6ABL6032.6F_TO_3F_CURRENTQCNT,M16HUB,LFT,미사용 (수집만),M16HUB,6ABL6032.6F_TO_3F_CURRENTQCNT,ML 학습 / 추후 룰 추가 대비,?,
M16HUB.LFT.6ABL6032.TOTAL_CURRENTQCNT,M16HUB,LFT,R-C',M16HUB,리프터 6ABL6032,M16A 6F 연결,?,?
M16HUB.LFT.SENDFAB.TO_M14B_CURRENTQCNT,M16HUB,LFT,미사용 (수집만),M16HUB,SENDFAB.TO_M14B_CURRENTQCNT,ML 학습 / 추후 룰 추가 대비,?,
M16HUB.LFT.SENDFAB.TO_M16A_CURRENTQCNT,M16HUB,LFT,미사용 (수집만),M16HUB,SENDFAB.TO_M16A_CURRENTQCNT,ML 학습 / 추후 룰 추가 대비,?,
M16HUB.LFT.SENDFAB.TO_M16E_CURRENTQCNT,M16HUB,LFT,미사용 (수집만),M16HUB,SENDFAB.TO_M16E_CURRENTQCNT,ML 학습 / 추후 룰 추가 대비,?,
M16HUB.OHT.ALERT.OHTMCPALARMCNT,M16HUB,OHT,ML 피처,M16HUB,OHT MCP 알람 수,장비 알람 신호 (graceful),?,?
M16HUB.QUE.ABN.AOTRANSDELAY,M16HUB,QUE,ML 피처,M16HUB,AO 포트 10분 이상 지연 FOUP,장비 출구 막힘 신호 (graceful),?,?
M16HUB.QUE.ALL.3F_CMD,M16HUB,QUE,미사용 (수집만),M16HUB,ALL.3F_CMD,ML 학습 / 추후 룰 추가 대비,?,
M16HUB.QUE.ALL.3F_TO_3F_MLUD_JOB,M16HUB,QUE,HUB 출구,M16HUB,HUB → 3F MLUD JOB,MLUD 정체 추적,?,?
M16HUB.QUE.ALL.3F_TO_M14A_3F_JOB,M16HUB,QUE,HUB 출구,M16HUB,HUB → M14A JOB,HUB 출구 큐,?,?
M16HUB.QUE.ALL.3F_TO_M14B_7F_JOB,M16HUB,QUE,HUB 출구,M16HUB,HUB → M14B 7F JOB,HUB 출구 큐,?,?
M16HUB.QUE.ALL.3F_TO_M16A_2F_JOB,M16HUB,QUE,HUB 출구,M16HUB,HUB → M16A 2F JOB,HUB 출구 큐,?,?
M16HUB.QUE.ALL.3F_TO_M16A_6F_JOB,M16HUB,QUE,HUB 출구,M16HUB,HUB → M16A 6F JOB,HUB 출구 큐,?,?
M16HUB.QUE.ALL.CURRENTQCNT,M16HUB,QUE,미사용 (수집만),M16HUB,ALL.CURRENTQCNT,ML 학습 / 추후 룰 추가 대비,?,
M16HUB.QUE.ALL.CURRENTQCOMPLETED,M16HUB,QUE,미사용 (수집만),M16HUB,ALL.CURRENTQCOMPLETED,ML 학습 / 추후 룰 추가 대비,?,
M16HUB.QUE.ALL.CURRENTQCREATED,M16HUB,QUE,미사용 (수집만),M16HUB,ALL.CURRENTQCREATED,ML 학습 / 추후 룰 추가 대비,?,
M16HUB.QUE.ALL.CURRENT_M16A_3F_JOB,M16HUB,QUE,미사용 (수집만),M16HUB,ALL.CURRENT_M16A_3F_JOB,ML 학습 / 추후 룰 추가 대비,?,
M16HUB.QUE.ALL.CURRENT_M16A_3F_JOB_2,M16HUB,QUE,미사용 (수집만),M16HUB,ALL.CURRENT_M16A_3F_JOB_2,ML 학습 / 추후 룰 추가 대비,?,
M16HUB.QUE.ALL.FABTRANSJOBCNT,M16HUB,QUE,미사용 (수집만),M16HUB,ALL.FABTRANSJOBCNT,ML 학습 / 추후 룰 추가 대비,?,
M16HUB.QUE.ALL.M16HUBTOM14MANUAL_CURRENTQCNT,M16HUB,QUE,미사용 (수집만),M16HUB,ALL.M16HUBTOM14MANUAL_CURRENTQCNT,ML 학습 / 추후 룰 추가 대비,?,
M16HUB.QUE.ALL.TRANSPORT4MINOVERCNT,M16HUB,QUE,SLA,M16HUB,4분 이상 반송 COUNT,10분간 +20 spike 감지,?,?
M16HUB.QUE.ALL.TRANSPORT4MINOVERRATIO,M16HUB,QUE,SLA,M16HUB,4분 이상 반송 RATIO %,SLA. 임계 ≥5%,?,?
M16HUB.QUE.ALL.TRANSPORT4MINOVERTIMEAVG,M16HUB,QUE,미사용 (수집만),M16HUB,ALL.TRANSPORT4MINOVERTIMEAVG,ML 학습 / 추후 룰 추가 대비,?,
M16HUB.QUE.CNV.3F_CNV_MAXCAPA,M16HUB,QUE,MAXCAPA ★,M16HUB,HUB CNV 입력 최대치,운영자. 정상 129 → ≤80,?,?
M16HUB.QUE.CNV.3F_TO_M14A_CNV_AI_CMD,M16HUB,QUE,미사용 (수집만),M16HUB,CNV.3F_TO_M14A_CNV_AI_CMD,ML 학습 / 추후 룰 추가 대비,?,
M16HUB.QUE.LFT.3F_LFT_MAXCAPA,M16HUB,QUE,MAXCAPA ★,M16HUB,HUB 출구 LFT 입력 최대치,운영자 변수. 정상 165 → ≤100 감지,?,?
M16HUB.QUE.LFT.3F_M14BLFT_MAXCAPA,M16HUB,QUE,MAXCAPA ★,M16HUB,HUB → M14B LFT 최대치,운영자. 정상 66 → ≤50,?,?
M16HUB.QUE.LFT.3F_TO_M14B_LFT_AI_CMD,M16HUB,QUE,미사용 (수집만),M16HUB,LFT.3F_TO_M14B_LFT_AI_CMD,ML 학습 / 추후 룰 추가 대비,?,
M16HUB.QUE.LFT.3F_TO_M16A_LFT_AI_CMD,M16HUB,QUE,미사용 (수집만),M16HUB,LFT.3F_TO_M16A_LFT_AI_CMD,ML 학습 / 추후 룰 추가 대비,?,
M16HUB.QUE.LOAD.AVGLOADTIME,M16HUB,QUE,미사용 (수집만),M16HUB,LOAD.AVGLOADTIME,ML 학습 / 추후 룰 추가 대비,?,
M16HUB.QUE.M14ATOM16.MESCURRENTQCNT,M16HUB,QUE,미사용 (수집만),M16HUB,M14ATOM16.MESCURRENTQCNT,ML 학습 / 추후 룰 추가 대비,?,
M16HUB.QUE.M14BTOM16.MESCURRENTQCNT,M16HUB,QUE,미사용 (수집만),M16HUB,M14BTOM16.MESCURRENTQCNT,ML 학습 / 추후 룰 추가 대비,?,
M16HUB.QUE.M14TOM16.MESCURRENTQCNT,M16HUB,QUE,R-B + 흐름룰,M16HUB,M14→M16 브릿지 큐,HUB 인플로 (M14 폭증). 30분 +100 또는 흐름 비율,?,?
M16HUB.QUE.M16TOM14.MESCURRENTQCNT,M16HUB,QUE,미사용 (수집만),M16HUB,M16TOM14.MESCURRENTQCNT,ML 학습 / 추후 룰 추가 대비,?,
M16HUB.QUE.M16TOM14A.MESCURRENTQCNT,M16HUB,QUE,미사용 (수집만),M16HUB,M16TOM14A.MESCURRENTQCNT,ML 학습 / 추후 룰 추가 대비,?,
M16HUB.QUE.M16TOM14B.MESCURRENTQCNT,M16HUB,QUE,미사용 (수집만),M16HUB,M16TOM14B.MESCURRENTQCNT,ML 학습 / 추후 룰 추가 대비,?,
M16HUB.QUE.MLUD.3F_TO_M16A_MLUD_AI_CMD,M16HUB,QUE,미사용 (수집만),M16HUB,MLUD.3F_TO_M16A_MLUD_AI_CMD,ML 학습 / 추후 룰 추가 대비,?,
M16HUB.QUE.OHT.CURRENTOHTQCNT,M16HUB,QUE,흐름룰 HUB_OHT_QCNT,M16HUB,현재 OHT 반송 큐 수,HUB OHT 적체. 30분평균 대비 비율,?,?
M16HUB.QUE.OHT.OHTUTIL,M16HUB,QUE,R-D 보조,M16HUB,HUB OHT 사용률,OHT 가동률. 임계 ≥95%,?,?
M16HUB.QUE.STB.3F_TO_M16A_3F_STB_CMD,M16HUB,QUE,미사용 (수집만),M16HUB,STB.3F_TO_M16A_3F_STB_CMD,ML 학습 / 추후 룰 추가 대비,?,
M16HUB.QUE.TIME.AVGTOTALTIME,M16HUB,QUE,미사용 (수집만),M16HUB,TIME.AVGTOTALTIME,ML 학습 / 추후 룰 추가 대비,?,
M16HUB.QUE.TIME.AVGTOTALTIME1MIN,M16HUB,QUE,R-A',M16HUB,최근 1분 평균 반송시간 (분),M16HUB의 정체 시간 신호. 임계 ≥9분,?,?
M16HUB.STRATE.ALL.FABSTORAGERATIO,M16HUB,STRATE,R-D,M16HUB,FAB 전체 저장률 %,공간 막힘. 임계 ≥25%,?,?
M16HUB.STRATE.STB.3F_STORAGE_UTIL,M16HUB,STRATE,R-D 보조,M16HUB,HUBROOM STB 저장 사용률,STB 가득찼나. 임계 ≥99%,?,?
M16HUB.STRATE.STK.STORAGERATIO,M16HUB,STRATE,미사용 (수집만),M16HUB,STK.STORAGERATIO,ML 학습 / 추후 룰 추가 대비,?,
M16_PKT.OHT.ALERT.OHTMCPALARMCNT,M16_PKT,OHT,ML 피처,M16_PKT,OHT MCP 알람,,?,?
M16_PKT.QUE.ABN.AOTRANSDELAY,M16_PKT,QUE,ML 피처,M16_PKT,AO 지연 FOUP,,?,?
M16_PKT.QUE.OHT.OHTUTIL,M16_PKT,QUE,R-D,M16_PKT,M16_PKT OHT 사용률,임계 ≥95%,?,?
M16_PKT.QUE.TIME.AVGTOTALTIME1MIN,M16_PKT,QUE,R-A',M16_PKT,최근 1분 평균 반송시간,임계 ≥7.5분,?,?
M16_WT.OHT.ALERT.OHTMCPALARMCNT,M16_WT,OHT,ML 피처,M16_WT,OHT MCP 알람,,?,?
M16_WT.QUE.ABN.AOTRANSDELAY,M16_WT,QUE,ML 피처,M16_WT,AO 지연 FOUP,,?,?
M16_WT.QUE.OHT.OHTUTIL,M16_WT,QUE,R-D,M16_WT,M16_WT OHT 사용률,임계 ≥95%,?,?
M16_WT.QUE.TIME.AVGTOTALTIME1MIN,M16_WT,QUE,R-A',M16_WT,최근 1분 평균 반송시간,임계 ≥2.8분,?,?
