CRT_TM,M14.QUE.ALL.CURRENTQCNT,M14.QUE.ALL.CURRENTQCOMPLETED,M14.QUE.OHT.CURRENTOHTQCNT,M14.QUE.OHT.OHTUTIL,M14.QUE.LOAD.AVGLOADTIME,M14.QUE.ALL.TRANSPORT4MINOVERCNT,M14.OHT.STATECNT.DRIVING,M14.OHT.STATECNT.OBSANDBZSTOP,M14.OHT.STATECNT.CONGESTED,M14.OHT.STATECNT.PAUSE,M14.OHT.STATECNT.TIMEOUT
2026-04-14 08:30:00,1304,2801,874,,2.474,103,908,158,1,0,0
2026-04-14 08:31:00,1378,2831,932,,2.475,117,907,159,1,0,0
2026-04-14 08:32:00,1407,2834,975,,2.473,106,895,173,0,1,0
2026-04-14 08:33:00,1394,2879,990,,2.478,116,888,180,0,0,0
2026-04-14 08:34:00,1392,2875,957,,2.505,123,897,171,0,0,0
2026-04-14 08:35:00,1411,2914,976,,2.516,106,897,173,0,0,0
2026-04-14 08:36:00,1400,2920,955,,2.562,133,903,165,0,0,0
2026-04-14 08:37:00,1361,2932,941,,2.568,120,903,164,0,0,0
2026-04-14 08:38:00,1299,3003,894,,2.58,129,926,142,0,0,0
2026-04-14 08:39:00,1262,3035,872,,2.593,137,917,148,0,1,0
2026-04-14 08:40:00,1241,3048,853,,2.581,125,910,158,0,0,0
2026-04-14 08:41:00,1234,3039,838,,2.584,148,908,159,0,1,0
2026-04-14 08:42:00,1249,3035,851,,2.582,132,903,163,0,0,0
2026-04-14 08:43:00,1264,3023,871,,2.583,139,922,146,0,0,0
2026-04-14 08:44:00,1304,3025,898,,2.566,131,912,156,0,0,0
2026-04-14 08:45:00,1369,2997,938,,2.566,117,908,160,0,0,0
2026-04-14 08:46:00,1347,2994,914,,2.493,112,899,169,0,0,0
2026-04-14 08:47:00,1405,2962,939,,2.481,111,910,157,0,0,0
2026-04-14 08:48:00,1360,2934,883,,2.452,114,917,149,0,1,0
2026-04-14 08:49:00,1406,2909,922,,2.46,92,905,160,0,3,0
2026-04-14 08:50:00,1403,2889,948,,2.474,105,898,171,0,1,0
2026-04-14 08:51:00,1387,2925,928,,2.47,96,898,171,0,0,0
2026-04-14 08:52:00,1371,2951,932,,2.446,110,902,166,0,0,0
2026-04-14 08:53:00,1353,2965,898,,2.471,127,886,181,0,1,0
2026-04-14 08:54:00,1350,2977,898,,2.503,117,890,179,0,0,0
2026-04-14 08:55:00,1414,2968,946,,2.537,133,885,183,0,1,0
2026-04-14 08:56:00,1415,2971,959,,2.552,121,871,197,0,1,0
2026-04-14 08:57:00,1442,2993,980,,2.561,127,895,174,0,1,0
2026-04-14 08:58:00,1430,2969,984,,2.571,121,892,176,0,1,0
2026-04-14 08:59:00,1409,2993,979,,2.562,108,895,170,0,1,0
2026-04-14 09:00:00,1383,3016,952,,2.54,136,888,178,0,1,0
2026-04-14 09:01:00,1406,3018,929,,2.552,119,887,180,0,1,0
2026-04-14 09:02:00,1403,3019,935,,2.621,122,891,178,0,0,0
2026-04-14 09:03:00,1445,2994,980,,2.612,124,910,157,0,0,0
2026-04-14 09:04:00,1448,3002,996,,2.601,111,899,169,0,0,0
2026-04-14 09:05:00,1501,3006,1050,,2.572,125,883,183,0,0,0
2026-04-14 09:06:00,1484,3013,1031,,2.581,116,915,152,0,0,0
2026-04-14 09:07:00,1468,3000,1011,,2.604,139,922,148,0,1,0
2026-04-14 09:08:00,1432,3024,971,,2.636,150,901,168,0,1,0
2026-04-14 09:09:00,1407,3027,946,,2.636,129,916,155,0,0,0
2026-04-14 09:10:00,1426,3001,967,,2.681,165,901,168,0,0,0
2026-04-14 09:11:00,1442,2981,946,,2.679,151,908,160,0,0,0
2026-04-14 09:12:00,1407,3001,919,,2.681,162,896,172,0,1,0
2026-04-14 09:13:00,1393,3026,891,,2.705,165,897,169,0,2,0
2026-04-14 09:14:00,1337,3041,866,,2.708,152,924,145,0,0,0
2026-04-14 09:15:00,1330,3073,860,,2.69,158,909,159,0,0,0
2026-04-14 09:16:00,1309,3082,847,,2.68,139,912,156,0,0,0
2026-04-14 09:17:00,1347,3076,909,,2.663,147,889,180,0,0,0
2026-04-14 09:18:00,1388,3041,935,,2.638,141,890,176,0,0,0
2026-04-14 09:19:00,1369,3050,918,,2.637,118,901,165,0,0,0
2026-04-14 09:20:00,1343,3076,885,,2.579,124,904,163,0,0,0
2026-04-14 09:21:00,1380,3060,913,,2.568,108,899,171,0,0,0
2026-04-14 09:22:00,1361,3021,909,,2.526,117,902,165,1,0,0
2026-04-14 09:23:00,1368,3005,917,,2.516,127,887,183,1,0,0
2026-04-14 09:24:00,1346,2986,910,,2.519,112,893,174,1,0,0
2026-04-14 09:25:00,1357,2963,930,,2.54,120,902,165,2,0,0
2026-04-14 09:26:00,1311,2983,888,,2.534,108,889,177,1,0,0
2026-04-14 09:27:00,1298,3030,877,,2.536,118,896,173,1,0,0
2026-04-14 09:28:00,1290,3036,889,,2.53,125,896,170,1,1,0
2026-04-14 09:29:00,1254,3032,849,,2.533,133,895,169,1,1,0
2026-04-14 09:30:00,1264,3015,875,,2.555,114,911,155,0,2,0
2026-04-14 09:31:00,1317,2997,916,,2.558,130,910,155,0,2,0
2026-04-14 09:32:00,1337,2989,929,,2.573,114,899,167,0,0,0
2026-04-14 09:33:00,1342,2992,935,,2.56,121,890,177,0,0,0
2026-04-14 09:34:00,1333,2961,916,,2.558,123,888,173,0,0,0
2026-04-14 09:35:00,1354,2952,944,,2.54,108,877,186,0,1,0
2026-04-14 09:36:00,1354,2907,940,,2.555,136,899,161,0,1,0
2026-04-14 09:37:00,1364,2846,935,,2.557,122,896,167,0,0,0
2026-04-14 09:38:00,1346,2874,917,,2.604,132,883,177,1,0,0
2026-04-14 09:39:00,1331,2870,911,,2.61,146,885,173,1,1,0
2026-04-14 09:40:00,1300,2878,896,,2.635,128,874,189,1,0,0
2026-04-14 09:41:00,1351,2869,917,,2.644,154,877,180,1,0,0
2026-04-14 09:42:00,1358,2899,931,,2.624,138,900,156,1,2,0
2026-04-14 09:43:00,1364,2882,923,,2.635,155,904,157,1,0,0
2026-04-14 09:44:00,1362,2915,915,,2.643,163,910,152,0,0,0
2026-04-14 09:45:00,1455,2912,976,,2.67,176,921,138,0,0,1
2026-04-14 09:46:00,1420,2936,945,,2.726,151,918,140,0,1,1
2026-04-14 09:47:00,1433,2948,954,,2.71,164,924,135,0,0,1
2026-04-14 09:48:00,1401,2925,924,,2.694,159,901,158,0,0,1
2026-04-14 09:49:00,1412,2911,925,,2.698,157,912,147,0,1,0
2026-04-14 09:50:00,1407,2936,917,,2.706,163,890,167,0,1,0
2026-04-14 09:51:00,1430,2955,938,,2.717,149,881,179,0,2,0
2026-04-14 09:52:00,1398,2955,923,,2.723,149,877,183,0,3,0
2026-04-14 09:53:00,1423,2951,942,,2.711,153,877,181,0,2,0
2026-04-14 09:54:00,1415,2948,953,,2.702,134,886,172,0,0,0
2026-04-14 09:55:00,1446,2976,987,,2.684,149,870,190,0,0,0
2026-04-14 09:56:00,1423,2965,969,,2.637,125,905,155,0,1,0
2026-04-14 09:57:00,1428,2994,956,,2.665,139,906,151,1,1,0
2026-04-14 09:58:00,1399,2999,924,,2.642,139,896,165,1,0,0
2026-04-14 09:59:00,1390,3014,909,,2.637,119,905,155,1,0,0
2026-04-14 10:00:00,1372,2986,880,,2.605,138,904,157,1,0,0
2026-04-14 10:01:00,1428,2999,940,,2.583,128,905,154,1,0,0
2026-04-14 10:02:00,1428,2971,919,,2.59,134,908,152,0,0,0
2026-04-14 10:03:00,1446,2975,937,,2.588,125,906,153,0,0,0
2026-04-14 10:04:00,1414,2962,921,,2.614,137,900,160,0,1,0
2026-04-14 10:05:00,1448,2958,896,,2.636,140,889,172,1,0,0
2026-04-14 10:06:00,1474,2903,899,,2.64,127,872,187,2,0,0
2026-04-14 10:07:00,1482,2862,901,,2.619,137,874,182,2,0,1
2026-04-14 10:08:00,1468,2858,908,,2.632,149,877,181,3,0,1
2026-04-14 10:09:00,1479,2813,911,,2.619,139,880,179,3,0,0
2026-04-14 10:10:00,1478,2798,901,,2.627,127,884,173,3,1,0
2026-04-14 10:11:00,1552,2754,954,,2.631,129,887,170,0,2,0
2026-04-14 10:12:00,1534,2770,928,,2.644,134,901,159,0,1,0
2026-04-14 10:13:00,1543,2764,962,,2.685,142,930,131,0,0,0
2026-04-14 10:14:00,1517,2797,935,,2.678,127,902,156,0,0,0
2026-04-14 10:15:00,1568,2781,970,,2.657,144,906,152,0,0,0
2026-04-14 10:16:00,1556,2819,965,,2.678,127,908,151,0,0,0
2026-04-14 10:17:00,1566,2827,962,,2.693,133,899,159,0,1,0
2026-04-14 10:18:00,1590,2830,975,,2.695,141,899,163,0,0,0
2026-04-14 10:19:00,1611,2856,988,,2.711,132,902,157,0,0,0
2026-04-14 10:20:00,1582,2864,964,,2.721,152,903,157,0,0,0
2026-04-14 10:21:00,1653,2895,1016,,2.745,135,910,150,0,0,0
2026-04-14 10:22:00,1637,2890,1013,,2.708,148,901,157,0,0,1
2026-04-14 10:23:00,1671,2913,1033,,2.708,154,902,157,0,0,1
2026-04-14 10:24:00,1635,2883,1010,,2.707,134,900,159,0,1,1
2026-04-14 10:25:00,1627,2922,983,,2.726,150,885,177,0,0,0
2026-04-14 10:26:00,1595,2925,942,,2.729,139,887,175,0,0,0
2026-04-14 10:27:00,1606,2921,957,,2.756,162,880,177,0,1,0
2026-04-14 10:28:00,1594,2923,946,,2.76,173,899,161,0,0,0
2026-04-14 10:29:00,1561,2960,919,,2.775,153,901,160,0,0,0
2026-04-14 10:30:00,1566,2956,921,,2.802,187,909,153,0,0,0
2026-04-14 10:31:00,1592,2963,923,,2.793,168,910,151,0,0,0
2026-04-14 10:32:00,1580,2960,917,,2.811,172,914,146,0,0,1
2026-04-14 10:33:00,1557,2971,888,,2.799,167,901,158,0,0,1
2026-04-14 10:34:00,1543,2967,872,,2.773,151,907,155,0,0,0
2026-04-14 10:35:00,1591,2914,868,,2.748,159,890,168,0,0,0
2026-04-14 10:36:00,1596,2879,858,,2.703,136,895,164,0,0,0
2026-04-14 10:37:00,1632,2888,882,,2.67,143,912,147,0,0,0
2026-04-14 10:38:00,1626,2901,892,,2.662,135,913,148,0,0,0
2026-04-14 10:39:00,1674,2833,929,,2.628,113,911,147,0,0,1
2026-04-14 10:40:00,1647,2825,912,,2.584,130,885,174,0,0,1
2026-04-14 10:41:00,1683,2796,913,,2.575,115,909,150,0,0,1
2026-04-14 10:42:00,1681,2779,901,,2.549,126,896,161,0,0,1
2026-04-14 10:43:00,1695,2735,903,,2.549,127,874,183,0,1,0
2026-04-14 10:44:00,1690,2732,887,,2.555,129,883,176,0,0,0
2026-04-14 10:45:00,1733,2767,891,,2.558,112,913,147,0,0,0
2026-04-14 10:46:00,1748,2773,897,,2.574,121,915,145,0,0,0
2026-04-14 10:47:00,1740,2773,872,,2.563,108,892,167,0,2,0
2026-04-14 10:48:00,1706,2764,849,,2.549,118,901,153,0,3,0
2026-04-14 10:49:00,1717,2767,847,,2.562,119,926,130,0,1,1
2026-04-14 10:50:00,1725,2767,846,,2.567,109,919,138,0,1,1
2026-04-14 10:51:00,1795,2789,903,,2.551,125,880,176,0,1,1
2026-04-14 10:52:00,1794,2783,902,,2.577,112,917,141,0,1,0
2026-04-14 10:53:00,1837,2774,950,,2.568,117,889,166,2,1,0
2026-04-14 10:54:00,1831,2762,924,,2.557,118,878,180,1,1,0
2026-04-14 10:55:00,1830,2752,901,,2.561,121,886,170,1,2,0
2026-04-14 10:56:00,1800,2771,875,,2.557,114,890,164,0,3,0
2026-04-14 10:57:00,1886,2747,928,,2.556,115,907,151,0,1,0
2026-04-14 10:58:00,1877,2747,934,,2.547,123,926,131,0,1,0
2026-04-14 10:59:00,1868,2758,922,,2.567,126,910,149,0,1,1
2026-04-14 11:00:00,1849,2769,894,,2.601,122,890,168,0,1,0
2026-04-14 11:01:00,1926,2734,949,,2.59,111,897,161,0,1,0
2026-04-14 11:02:00,1910,2747,926,,2.594,118,870,188,0,1,0
2026-04-14 11:03:00,1926,2768,916,,2.588,130,894,164,0,1,0
2026-04-14 11:04:00,1912,2766,890,,2.612,120,894,162,0,2,1
2026-04-14 11:05:00,1941,2754,904,,2.629,139,887,169,0,1,1
2026-04-14 11:06:00,1950,2741,905,,2.65,126,879,181,0,1,0
2026-04-14 11:07:00,1958,2741,910,,2.673,136,879,182,0,0,0
2026-04-14 11:08:00,1942,2748,915,,2.703,132,881,180,0,0,0
2026-04-14 11:09:00,1923,2769,906,,2.68,121,913,144,0,0,0
2026-04-14 11:10:00,1915,2779,902,,2.665,140,890,169,0,0,0
2026-04-14 11:11:00,1946,2786,949,,2.678,124,905,155,0,0,0
2026-04-14 11:12:00,1921,2797,945,,2.669,142,893,165,0,0,0
2026-04-14 11:13:00,1986,2777,978,,2.695,134,879,179,0,0,0
2026-04-14 11:14:00,1963,2794,978,,2.701,119,892,167,0,0,0
2026-04-14 11:15:00,1955,2839,970,,2.687,135,886,174,0,0,0
2026-04-14 11:16:00,1944,2846,970,,2.681,119,891,169,0,0,0
2026-04-14 11:17:00,1952,2899,973,,2.703,136,911,148,0,0,0
2026-04-14 11:18:00,1936,2905,967,,2.694,133,900,160,0,0,0
2026-04-14 11:19:00,1893,2936,936,,2.704,149,907,154,0,0,0
2026-04-14 11:20:00,1902,2904,938,,2.718,135,911,148,0,0,0
2026-04-14 11:21:00,1919,2948,938,,2.736,143,886,174,0,0,0
2026-04-14 11:22:00,1920,2954,928,,2.755,158,875,184,0,1,0
2026-04-14 11:23:00,1907,2985,932,,2.765,172,884,174,0,2,0
2026-04-14 11:24:00,1883,2992,947,,2.746,160,894,163,0,0,0
2026-04-14 11:25:00,1841,2974,894,,2.745,168,909,149,0,0,0
2026-04-14 11:26:00,1822,2981,871,,2.74,150,893,164,0,0,0
2026-04-14 11:27:00,1836,2962,900,,2.698,158,896,162,0,0,0
2026-04-14 11:28:00,1841,2941,913,,2.679,157,904,155,0,0,0
2026-04-14 11:29:00,1852,2893,910,,2.687,154,921,137,0,0,0
2026-04-14 11:30:00,1807,2928,876,,2.666,135,917,140,0,0,0
2026-04-14 11:31:00,1880,2906,914,,2.644,132,915,144,0,0,0
2026-04-14 11:32:00,1860,2908,899,,2.606,118,922,140,0,0,0
2026-04-14 11:33:00,1891,2902,920,,2.568,127,900,157,0,0,0
2026-04-14 11:34:00,1892,2894,929,,2.578,128,906,154,0,0,0
2026-04-14 11:35:00,1893,2898,929,,2.588,112,908,153,0,0,0
2026-04-14 11:36:00,1897,2889,943,,2.588,130,908,152,0,0,0
2026-04-14 11:37:00,1863,2908,890,,2.601,113,903,155,0,0,1
2026-04-14 11:38:00,1862,2914,893,,2.626,132,917,144,0,0,1
2026-04-14 11:39:00,1886,2924,920,,2.63,139,913,146,0,0,0
2026-04-14 11:40:00,1868,2915,873,,2.639,130,897,159,0,0,0
2026-04-14 11:41:00,1880,2938,890,,2.637,148,912,148,0,0,0
2026-04-14 11:42:00,1867,2922,879,,2.643,136,915,142,0,0,0
2026-04-14 11:43:00,1809,2944,831,,2.659,141,915,144,0,1,0
2026-04-14 11:44:00,1817,2930,837,,2.66,145,913,147,0,1,0
2026-04-14 11:45:00,1859,2898,875,,2.662,142,910,146,0,1,0
2026-04-14 11:46:00,1877,2877,892,,2.667,123,898,163,0,1,0
2026-04-14 11:47:00,1855,2868,879,,2.653,117,900,158,0,1,0
2026-04-14 11:48:00,1867,2842,903,,2.616,107,906,153,0,1,0
2026-04-14 11:49:00,1831,2870,881,,2.586,111,914,145,0,1,0
2026-04-14 11:50:00,1834,2884,876,,2.561,116,902,157,0,1,0
2026-04-14 11:51:00,1857,2887,904,,2.57,98,912,146,0,0,0
2026-04-14 11:52:00,1884,2873,905,,2.574,108,899,161,0,0,0
2026-04-14 11:53:00,1919,2860,955,,2.552,111,900,157,0,0,0
2026-04-14 11:54:00,1885,2892,936,,2.544,100,901,159,0,0,0
2026-04-14 11:55:00,1901,2918,930,,2.542,112,898,163,1,0,0
2026-04-14 11:56:00,1861,2977,910,,2.522,102,895,161,0,1,0
2026-04-14 11:57:00,1883,2954,943,,2.504,113,889,168,0,2,0
2026-04-14 11:58:00,1861,2984,925,,2.528,123,924,135,0,0,0
2026-04-14 11:59:00,1866,2954,942,,2.568,110,898,159,0,1,0
2026-04-14 12:00:00,1870,2960,945,,2.574,132,896,165,0,0,0
2026-04-14 12:01:00,1839,2980,902,,2.588,113,899,160,0,0,0
2026-04-14 12:02:00,1812,3004,886,,2.615,130,895,164,0,0,0
2026-04-14 12:03:00,1807,3017,901,,2.623,129,910,149,0,0,0
2026-04-14 12:04:00,1780,2986,912,,2.635,121,913,145,0,1,0
2026-04-14 12:05:00,1831,2987,942,,2.634,142,897,159,0,1,0
2026-04-14 12:06:00,1794,2984,925,,2.668,132,913,144,0,1,0
2026-04-14 12:07:00,1814,2999,915,,2.705,137,903,155,0,0,0
2026-04-14 12:08:00,1787,2980,895,,2.69,139,909,150,0,0,0
2026-04-14 12:09:00,1802,2978,919,,2.669,128,905,153,0,0,0
2026-04-14 12:10:00,1737,2986,859,,2.666,134,914,145,0,1,0
2026-04-14 12:11:00,1745,2975,878,,2.668,121,927,132,0,0,0
2026-04-14 12:12:00,1727,2971,878,,2.646,130,946,112,0,0,0
2026-04-14 12:13:00,1710,2966,853,,2.659,129,941,118,0,0,0
2026-04-14 12:14:00,1652,2998,821,,2.628,109,941,119,0,0,0
2026-04-14 12:15:00,1657,2966,860,,2.607,127,918,141,0,0,0
2026-04-14 12:16:00,1695,2894,891,,2.585,116,892,167,0,0,0
2026-04-14 12:17:00,1662,2887,878,,2.591,112,899,162,0,0,0
2026-04-14 12:18:00,1612,2932,831,,2.598,122,910,149,0,0,0
2026-04-14 12:19:00,1592,2936,814,,2.589,130,901,158,0,0,0
2026-04-14 12:20:00,1581,2935,826,,2.597,113,903,155,0,0,0
2026-04-14 12:21:00,1602,2912,847,,2.572,121,887,170,0,0,0
2026-04-14 12:22:00,1564,2931,823,,2.536,112,897,160,0,0,0
2026-04-14 12:23:00,1598,2907,877,,2.53,119,887,171,0,1,1
2026-04-14 12:24:00,1614,2865,891,,2.532,120,892,165,0,0,0
2026-04-14 12:25:00,1566,2889,864,,2.545,125,906,152,0,1,0
2026-04-14 12:26:00,1573,2919,895,,2.53,114,901,156,0,0,0
2026-04-14 12:27:00,1589,2907,885,,2.513,118,890,168,0,1,0
2026-04-14 12:28:00,1564,2892,855,,2.502,114,907,152,0,0,0
2026-04-14 12:29:00,1595,2871,899,,2.509,122,892,167,0,0,0
2026-04-14 12:30:00,1553,2855,840,,2.497,113,904,154,0,0,0
2026-04-14 12:31:00,1556,2856,849,,2.532,131,905,154,0,1,0
2026-04-14 12:32:00,1586,2814,882,,2.561,118,902,159,0,0,0
2026-04-14 12:33:00,1626,2797,918,,2.529,122,893,165,0,1,0
2026-04-14 12:34:00,1594,2817,910,,2.53,130,901,155,0,1,1
2026-04-14 12:35:00,1612,2831,917,,2.544,112,883,178,0,0,1
2026-04-14 12:36:00,1593,2829,891,,2.573,129,882,174,0,2,0
2026-04-14 12:37:00,1592,2845,877,,2.567,117,905,152,0,2,0
2026-04-14 12:38:00,1597,2821,908,,2.589,126,912,146,0,2,0
2026-04-14 12:39:00,1596,2835,925,,2.584,128,906,152,0,1,0
2026-04-14 12:40:00,1577,2832,922,,2.598,112,919,140,0,1,0
2026-04-14 12:41:00,1605,2839,944,,2.588,138,911,148,0,1,0
2026-04-14 12:42:00,1565,2880,898,,2.593,131,912,147,0,0,0
2026-04-14 12:43:00,1524,2923,877,,2.623,134,909,147,0,1,0
2026-04-14 12:44:00,1494,2937,872,,2.651,141,912,149,0,0,0
2026-04-14 12:45:00,1498,2936,874,,2.641,129,902,156,0,0,0
2026-04-14 12:46:00,1493,2944,873,,2.653,144,908,150,0,1,0
2026-04-14 12:47:00,1494,2922,875,,2.675,133,902,158,0,2,0
2026-04-14 12:48:00,1500,2925,892,,2.655,134,897,164,0,1,0
2026-04-14 12:49:00,1502,2936,898,,2.652,129,907,150,0,1,0
2026-04-14 12:50:00,1501,2930,895,,2.659,136,916,143,0,1,0
2026-04-14 12:51:00,1526,2950,913,,2.653,121,920,138,0,1,0
2026-04-14 12:52:00,1519,2943,910,,2.642,131,919,143,0,1,0
2026-04-14 12:53:00,1514,2932,902,,2.661,135,901,157,0,1,0
2026-04-14 12:54:00,1484,2934,877,,2.638,136,898,161,0,0,0
2026-04-14 12:55:00,1482,2931,879,,2.628,120,883,175,0,0,0
2026-04-14 12:56:00,1483,2946,904,,2.605,127,904,155,0,1,0
2026-04-14 12:57:00,1472,2963,916,,2.596,129,895,162,0,2,0
2026-04-14 12:58:00,1441,2975,902,,2.582,128,889,169,0,1,0
2026-04-14 12:59:00,1413,2977,880,,2.581,116,891,166,1,0,0
2026-04-14 13:00:00,1410,2983,883,,2.561,130,898,161,0,0,0
2026-04-14 13:01:00,1440,2954,920,,2.55,112,900,158,0,0,0
2026-04-14 13:02:00,1453,2949,917,,2.567,123,898,161,0,0,0
2026-04-14 13:03:00,1441,2972,918,,2.56,124,898,161,0,0,1
2026-04-14 13:04:00,1429,2976,910,,2.539,109,914,149,0,0,0
2026-04-14 13:05:00,1445,2971,927,,2.521,121,915,143,0,1,0
2026-04-14 13:06:00,1448,2943,951,,2.534,109,911,149,0,0,0
2026-04-14 13:07:00,1431,2960,926,,2.542,115,921,140,0,1,0
2026-04-14 13:08:00,1428,2937,920,,2.55,117,901,159,0,0,0
2026-04-14 13:09:00,1412,2948,910,,2.558,123,896,163,0,0,0
2026-04-14 13:10:00,1378,2952,892,,2.522,107,900,160,0,0,0
2026-04-14 13:11:00,1430,2961,927,,2.551,113,891,167,0,0,0
2026-04-14 13:12:00,1441,2953,955,,2.539,122,886,175,0,0,0
2026-04-14 13:13:00,1450,2935,950,,2.533,129,902,160,0,0,0
2026-04-14 13:14:00,1423,2932,936,,2.572,116,908,154,0,0,0
2026-04-14 13:15:00,1401,2952,897,,2.581,124,908,153,0,0,0
2026-04-14 13:16:00,1376,2981,867,,2.563,114,893,164,0,0,0
2026-04-14 13:17:00,1363,2965,853,,2.552,122,903,156,0,1,0
2026-04-14 13:18:00,1365,2967,852,,2.563,126,930,128,0,0,0
2026-04-14 13:19:00,1376,2938,865,,2.55,109,931,129,0,0,0
2026-04-14 13:20:00,1374,2923,877,,2.581,123,903,157,0,0,0
2026-04-14 13:21:00,1354,2923,877,,2.566,107,922,140,0,0,0
2026-04-14 13:22:00,1353,2943,868,,2.573,117,920,140,0,0,0
2026-04-14 13:23:00,1326,2941,850,,2.552,124,917,144,0,0,0
2026-04-14 13:24:00,1324,2922,854,,2.554,115,911,145,0,0,0
2026-04-14 13:25:00,1323,2920,859,,2.546,118,904,157,0,0,0
2026-04-14 13:26:00,1321,2900,872,,2.54,106,891,167,0,1,0
2026-04-14 13:27:00,1343,2902,900,,2.531,105,911,147,0,0,0
2026-04-14 13:28:00,1347,2910,884,,2.517,116,904,154,0,1,0
2026-04-14 13:29:00,1297,2945,855,,2.519,123,911,149,0,0,0
2026-04-14 13:30:00,1265,2953,838,,2.522,129,890,168,0,1,0
2026-04-14 13:31:00,1301,2941,859,,2.547,119,901,157,0,0,0
2026-04-14 13:32:00,1284,2947,850,,2.548,126,915,147,0,1,0
2026-04-14 13:33:00,1311,2918,868,,2.572,129,914,145,0,1,0
2026-04-14 13:34:00,1286,2927,864,,2.557,123,916,143,0,0,0
2026-04-14 13:35:00,1301,2928,866,,2.549,135,897,162,0,0,0
2026-04-14 13:36:00,1280,2929,854,,2.532,124,906,154,0,0,0
2026-04-14 13:37:00,1335,2913,901,,2.544,125,904,154,0,1,0
2026-04-14 13:38:00,1342,2911,894,,2.528,118,910,151,0,0,0
2026-04-14 13:39:00,1290,2922,855,,2.542,120,904,156,0,0,0
2026-04-14 13:40:00,1233,2942,795,,2.528,102,908,153,0,0,0
2026-04-14 13:41:00,1260,2948,813,,2.496,104,904,157,0,0,0
2026-04-14 13:42:00,1280,2929,825,,2.48,104,915,146,0,0,0
2026-04-14 13:43:00,1305,2944,861,,2.49,110,904,157,0,1,0
2026-04-14 13:44:00,1300,2921,843,,2.479,101,899,162,0,0,0
2026-04-14 13:45:00,1351,2908,868,,2.473,103,911,143,0,2,0
2026-04-14 13:46:00,1368,2890,896,,2.475,94,916,143,0,0,0
2026-04-14 13:47:00,1365,2893,889,,2.452,109,909,150,0,0,0
2026-04-14 13:48:00,1301,2931,849,,2.479,108,899,166,0,0,0
2026-04-14 13:49:00,1296,2888,861,,2.459,94,900,158,0,0,0
2026-04-14 13:50:00,1327,2860,900,,2.481,114,904,156,0,0,0
2026-04-14 13:51:00,1408,2840,958,,2.487,104,904,158,0,0,0
2026-04-14 13:52:00,1396,2856,946,,2.47,110,898,163,0,0,0
2026-04-14 13:53:00,1369,2881,911,,2.453,121,897,162,0,1,0
2026-04-14 13:54:00,1359,2913,903,,2.462,111,912,149,0,0,0
2026-04-14 13:55:00,1375,2903,910,,2.48,129,929,132,0,0,0
2026-04-14 13:56:00,1336,2962,886,,2.515,116,909,148,0,1,0
2026-04-14 13:57:00,1331,2997,873,,2.534,120,905,155,0,0,1
2026-04-14 13:58:00,1294,2980,845,,2.531,121,907,152,0,0,0
2026-04-14 13:59:00,1280,3000,828,,2.544,123,915,143,0,0,0
2026-04-14 14:00:00,1249,3007,825,,2.542,127,912,151,0,0,0
2026-04-14 14:01:00,1277,3024,847,,2.527,115,890,169,0,0,0
2026-04-14 14:02:00,1290,2994,849,,2.556,125,909,151,0,0,1
2026-04-14 14:03:00,1322,2992,878,,2.569,132,908,152,0,0,1
2026-04-14 14:04:00,1342,2982,884,,2.583,117,911,150,0,0,1
2026-04-14 14:05:00,1373,2992,920,,2.612,123,897,164,0,0,0
2026-04-14 14:06:00,1390,2941,942,,2.58,116,886,174,0,0,0
2026-04-14 14:07:00,1365,2924,932,,2.585,121,900,159,0,0,0
2026-04-14 14:08:00,1358,2925,927,,2.588,130,909,149,0,0,0
2026-04-14 14:09:00,1337,2919,900,,2.603,139,898,163,0,0,0
2026-04-14 14:10:00,1330,2920,893,,2.583,127,914,147,0,0,0
2026-04-14 14:11:00,1326,2922,904,,2.608,139,898,161,0,0,0
2026-04-14 14:12:00,1357,2921,940,,2.62,123,924,136,0,1,0
2026-04-14 14:13:00,1363,2902,969,,2.601,131,908,151,0,1,0
2026-04-14 14:14:00,1386,2868,973,,2.593,131,919,139,0,1,0
2026-04-14 14:15:00,1373,2877,951,,2.565,145,906,154,0,0,0
2026-04-14 14:16:00,1341,2899,920,,2.598,130,900,159,0,0,0
2026-04-14 14:17:00,1312,2905,884,,2.62,135,895,165,0,0,0
2026-04-14 14:18:00,1295,2908,862,,2.65,140,901,158,0,0,0
2026-04-14 14:19:00,1248,2921,827,,2.643,146,910,148,0,0,0
2026-04-14 14:20:00,1253,2944,821,,2.654,133,900,158,0,0,0
2026-04-14 14:21:00,1296,2921,869,,2.667,155,882,176,0,0,0
2026-04-14 14:22:00,1307,2932,891,,2.663,137,887,169,0,2,0
2026-04-14 14:23:00,1326,2951,897,,2.656,149,899,159,0,2,0
2026-04-14 14:24:00,1306,2985,867,,2.65,153,884,174,0,1,0
2026-04-14 14:25:00,1348,2955,926,,2.656,146,891,168,1,2,0
2026-04-14 14:26:00,1336,2955,912,,2.632,127,909,151,0,0,0
2026-04-14 14:27:00,1309,2971,881,,2.6,127,894,163,0,0,1
2026-04-14 14:28:00,1291,2956,867,,2.579,133,900,160,0,1,0
2026-04-14 14:29:00,1272,2953,844,,2.565,130,911,146,0,0,0
2026-04-14 14:30:00,1249,2955,832,,2.56,128,926,135,0,1,0
2026-04-14 14:31:00,1269,2974,863,,2.528,111,928,134,0,1,0
2026-04-14 14:32:00,1268,2960,882,,2.498,120,919,140,0,1,0
2026-04-14 14:33:00,1270,2963,879,,2.497,119,929,128,0,0,0
2026-04-14 14:34:00,1256,2975,854,,2.505,126,915,146,0,0,0
2026-04-14 14:35:00,1260,2990,848,,2.491,114,909,148,0,0,0
2026-04-14 14:36:00,1292,2990,892,,2.5,117,914,145,0,1,0
2026-04-14 14:37:00,1293,2953,896,,2.485,100,907,154,0,0,0
2026-04-14 14:38:00,1249,2987,846,,2.449,105,910,150,0,0,0
2026-04-14 14:39:00,1220,2985,820,,2.437,108,898,161,0,0,0
2026-04-14 14:40:00,1221,2961,831,,2.43,117,899,159,0,0,0
2026-04-14 14:41:00,1237,2966,850,,2.429,104,904,155,0,0,0
2026-04-14 14:42:00,1257,2953,867,,2.433,103,911,150,0,0,0
2026-04-14 14:43:00,1220,2963,833,,2.456,102,895,168,0,0,0
2026-04-14 14:44:00,1203,2942,820,,2.426,102,907,152,0,0,0
2026-04-14 14:45:00,1173,2938,793,,2.4,93,924,135,0,0,0
2026-04-14 14:46:00,1141,2953,758,,2.403,117,903,158,0,0,0
2026-04-14 14:47:00,1193,2928,798,,2.404,105,905,155,0,1,0
2026-04-14 14:48:00,1196,2879,802,,2.429,111,923,134,0,1,1
2026-04-14 14:49:00,1233,2820,852,,2.425,104,897,159,0,1,1
2026-04-14 14:50:00,1200,2819,837,,2.412,108,915,147,0,0,0
2026-04-14 14:51:00,1210,2821,839,,2.401,95,921,138,0,0,0
2026-04-14 14:52:00,1180,2860,801,,2.421,103,908,152,0,0,0
2026-04-14 14:53:00,1173,2823,803,,2.398,108,899,161,0,0,0
2026-04-14 14:54:00,1160,2828,790,,2.396,110,905,155,0,0,0
2026-04-14 14:55:00,1113,2830,751,,2.417,98,898,163,0,0,0
2026-04-14 14:56:00,1078,2814,724,,2.428,98,884,177,0,0,0
2026-04-14 14:57:00,1118,2843,752,,2.436,104,876,185,0,0,0
2026-04-14 14:58:00,1157,2824,790,,2.402,108,880,180,0,0,1
2026-04-14 14:59:00,1161,2842,795,,2.438,100,892,166,0,1,0
2026-04-14 15:00:00,1125,2828,775,,2.442,107,907,151,0,0,0
2026-04-14 15:01:00,1170,2797,803,,2.447,92,917,141,0,1,0
2026-04-14 15:02:00,1170,2776,821,,2.426,97,904,155,0,1,0
2026-04-14 15:03:00,1197,2780,838,,2.426,100,901,158,0,1,0
2026-04-14 15:04:00,1181,2774,828,,2.408,88,909,149,0,1,0
2026-04-14 15:05:00,1238,2751,854,,2.396,100,921,139,0,0,0
2026-04-14 15:06:00,1206,2764,845,,2.393,89,912,149,0,0,0
2026-04-14 15:07:00,1215,2750,843,,2.382,93,930,130,0,0,0
2026-04-14 15:08:00,1223,2778,832,,2.418,101,908,153,0,0,0
2026-04-14 15:09:00,1216,2816,830,,2.416,98,910,149,0,0,0
2026-04-14 15:10:00,1194,2848,824,,2.402,106,901,160,0,0,0
2026-04-14 15:11:00,1263,2857,888,,2.406,99,896,164,0,0,0
2026-04-14 15:13:00,,,,,2.432,111,,,,,
2026-04-14 15:14:00,1207,2887,811,,2.452,97,,,,,
2026-04-14 15:15:00,1205,2915,825,,2.465,110,,,,,
2026-04-14 15:16:00,1200,2880,821,,2.469,94,912,147,0,0,1
2026-04-14 15:17:00,1256,2879,870,,2.477,83,908,153,0,0,0
2026-04-14 15:18:00,1252,2878,879,,2.47,76,912,148,0,0,0
2026-04-14 15:19:00,1203,2870,832,,2.444,65,902,158,0,0,0
2026-04-14 15:20:00,1177,2839,825,,2.48,53,904,156,0,0,0
2026-04-14 15:21:00,1224,2832,852,,2.485,112,907,154,0,0,0
2026-04-14 15:22:00,1189,2838,818,,2.471,103,916,146,0,1,0
2026-04-14 15:23:00,1232,2818,841,,2.446,94,899,161,0,0,0
2026-04-14 15:24:00,1263,2781,894,,2.445,101,885,176,0,0,0
2026-04-14 15:25:00,1235,2791,862,,2.433,112,898,164,0,0,0
2026-04-14 15:26:00,1206,2832,821,,2.427,96,908,153,0,0,0
2026-04-14 15:27:00,1218,2860,823,,2.429,99,918,144,0,0,0
2026-04-14 15:28:00,1211,2888,833,,2.414,90,920,139,0,1,0
2026-04-14 15:29:00,1206,2889,828,,2.401,92,912,149,0,0,0
2026-04-14 15:30:00,1187,2906,806,,2.397,93,918,143,0,0,0
2026-04-14 15:31:00,1206,2923,818,,2.374,81,920,141,0,0,0
2026-04-14 15:32:00,1218,2914,816,,2.358,80,917,144,0,0,0
2026-04-14 15:33:00,1259,2912,864,,2.349,90,896,161,0,0,0
2026-04-14 15:34:00,1271,2924,872,,2.35,84,908,154,0,1,0
2026-04-14 15:35:00,1259,2889,850,,2.348,70,904,156,0,0,0
2026-04-14 15:36:00,1269,2859,862,,2.339,70,902,158,0,0,0
2026-04-14 15:37:00,1306,2857,904,,2.333,79,911,152,0,0,0
2026-04-14 15:38:00,1299,2843,921,,2.345,88,901,159,0,0,0
2026-04-14 15:39:00,1277,2857,902,,2.362,81,905,156,0,0,0
2026-04-14 15:40:00,1248,2877,884,,2.365,97,921,138,0,0,0
2026-04-14 15:41:00,1257,2900,884,,2.399,91,910,151,0,0,0
2026-04-14 15:42:00,1285,2890,915,,2.436,94,896,164,0,0,0
2026-04-14 15:43:00,1270,2937,905,,2.46,95,901,159,0,1,0
2026-04-14 15:44:00,1226,2969,870,,2.458,87,899,161,0,1,0
2026-04-14 15:45:00,1190,2983,832,,2.464,102,902,159,0,0,0
2026-04-14 15:46:00,1181,2988,835,,2.475,90,897,164,0,0,0
2026-04-14 15:47:00,1242,2972,882,,2.458,93,914,148,0,0,0
2026-04-14 15:48:00,1243,2962,876,,2.455,95,903,159,0,0,0
2026-04-14 15:49:00,1252,2947,891,,2.472,93,909,152,0,0,1
2026-04-14 15:50:00,1257,2917,890,,2.464,100,903,158,0,0,0
2026-04-14 15:51:00,1303,2888,924,,2.458,90,907,153,0,0,0
2026-04-14 15:52:00,1304,2892,910,,2.452,98,906,155,0,0,0
2026-04-14 15:53:00,1332,2859,922,,2.462,116,900,160,0,0,0
2026-04-14 15:54:00,1321,2840,905,,2.492,124,884,172,0,1,1
2026-04-14 15:55:00,1297,2862,875,,2.52,116,883,176,0,0,1
2026-04-14 15:56:00,1283,2870,868,,2.523,124,905,156,1,0,0
2026-04-14 15:57:00,1277,2907,861,,2.556,127,907,153,0,1,0
2026-04-14 15:58:00,1298,2899,884,,2.56,129,920,141,1,0,0
2026-04-14 15:59:00,1325,2882,903,,2.527,118,902,161,1,1,0
2026-04-14 16:00:00,1315,2904,909,,2.544,133,904,155,0,1,0
2026-04-14 16:01:00,1353,2904,943,,2.552,119,900,158,1,1,0
2026-04-14 16:02:00,1323,2935,933,,2.541,116,896,165,1,0,0
2026-04-14 16:03:00,1321,2937,936,,2.545,120,894,164,0,1,0
2026-04-14 16:04:00,1273,2953,898,,2.525,122,899,160,0,1,0
2026-04-14 16:05:00,1229,2960,854,,2.528,131,907,155,0,1,0
2026-04-14 16:06:00,1250,2969,865,,2.545,120,912,149,0,1,0
2026-04-14 16:07:00,1278,2945,887,,2.564,127,903,157,0,0,0
2026-04-14 16:08:00,1272,2953,870,,2.574,138,907,152,0,0,0
2026-04-14 16:09:00,1285,2972,869,,2.592,149,901,157,0,2,0
2026-04-14 16:10:00,1317,2952,894,,2.606,150,883,178,0,0,0
2026-04-14 16:11:00,1318,2969,897,,2.63,139,886,174,0,0,0
2026-04-14 16:12:00,1271,2984,853,,2.635,136,896,163,0,1,0
2026-04-14 16:13:00,1245,3009,827,,2.598,133,880,178,0,1,0
2026-04-14 16:14:00,1196,3029,788,,2.589,138,901,157,0,2,0
2026-04-14 16:15:00,1194,3005,788,,2.566,134,908,150,0,1,0
2026-04-14 16:16:00,1219,2982,817,,2.55,118,928,132,0,0,0
2026-04-14 16:17:00,1223,2997,822,,2.524,119,906,151,0,0,0
2026-04-14 16:18:00,1248,2988,855,,2.505,114,924,138,0,0,0
2026-04-14 16:19:00,1307,2956,892,,2.494,105,919,141,0,0,1
2026-04-14 16:20:00,1362,2933,944,,2.469,92,906,156,0,0,0
2026-04-14 16:21:00,1367,2939,944,,2.432,121,897,162,0,2,0
2026-04-14 16:22:00,1348,2938,910,,2.435,110,902,155,0,3,0
2026-04-14 16:23:00,1344,2910,906,,2.468,111,909,152,0,0,0
2026-04-14 16:24:00,1353,2879,909,,2.47,113,898,164,0,0,0
2026-04-14 16:25:00,1369,2889,917,,2.478,125,913,148,0,1,0
2026-04-14 16:26:00,1356,2912,903,,2.488,130,922,136,0,1,0
2026-04-14 16:27:00,1384,2902,916,,2.496,118,937,123,0,1,0
2026-04-14 16:28:00,1393,2907,934,,2.518,124,936,124,0,1,0
2026-04-14 16:29:00,1395,2932,944,,2.519,129,923,138,0,1,0
2026-04-14 16:30:00,1383,2978,932,,2.523,136,906,155,0,0,0
2026-04-14 16:31:00,1431,2963,970,,2.539,115,926,133,0,0,0
2026-04-14 16:32:00,1436,2948,963,,2.553,120,899,161,0,0,0
2026-04-14 16:33:00,1444,2957,979,,2.55,123,893,168,0,0,0
2026-04-14 16:34:00,1453,2961,973,,2.554,121,883,174,0,0,0
2026-04-14 16:35:00,1475,2950,981,,2.556,122,900,160,0,0,0
2026-04-14 16:36:00,1467,2958,971,,2.543,102,916,144,0,0,0
2026-04-14 16:37:00,1476,2946,996,,2.533,111,912,148,0,1,0
2026-04-14 16:38:00,1437,2980,953,,2.526,130,915,145,0,0,0
2026-04-14 16:39:00,1426,3003,960,,2.571,136,917,143,0,1,0
2026-04-14 16:40:00,1416,3020,952,,2.596,138,919,143,0,0,0
2026-04-14 16:41:00,1455,3030,981,,2.594,130,926,135,0,0,0
2026-04-14 16:42:00,1438,3045,959,,2.606,136,896,161,0,1,0
2026-04-14 16:43:00,1458,3038,977,,2.584,144,875,182,0,1,0
2026-04-14 16:44:00,1462,3038,987,,2.606,150,902,158,0,1,0
2026-04-14 16:45:00,1458,3044,954,,2.604,148,885,176,0,0,0
2026-04-14 16:46:00,1415,3031,925,,2.613,137,902,161,0,1,0
2026-04-14 16:47:00,1437,3065,921,,2.62,137,898,161,0,1,0
2026-04-14 16:48:00,1403,3038,934,,2.618,133,898,163,0,1,0
2026-04-14 16:49:00,1400,3011,937,,2.593,135,910,151,0,1,0
2026-04-14 16:50:00,1417,2990,953,,2.586,130,909,155,0,0,0
2026-04-14 16:51:00,1451,2968,971,,2.59,120,892,167,0,0,0
2026-04-14 16:52:00,1453,2946,972,,2.576,123,907,154,0,0,0
2026-04-14 16:53:00,1429,2961,953,,2.609,125,904,155,0,0,0
2026-04-14 16:54:00,1403,2977,935,,2.59,130,895,166,0,0,0
2026-04-14 16:55:00,1440,2986,953,,2.594,116,894,168,0,0,0
2026-04-14 16:56:00,1448,2970,966,,2.607,132,907,152,0,0,0
2026-04-14 16:57:00,1414,2970,946,,2.617,115,903,157,0,0,0
2026-04-14 16:58:00,1373,2974,913,,2.605,125,910,152,0,0,0
2026-04-14 16:59:00,1386,2974,914,,2.625,124,919,142,0,1,0
2026-04-14 17:00:00,1391,2967,932,,2.611,127,894,167,0,1,1
