파생ID,low,high,enabled,n
M14A.q,1828.0,2011.0,True,46051
M14A.growth,0.055723,0.15,True,46013
M14A.time,3.021,3.38,True,46055
M14A.sla,22.636,29.19,True,46055
M14A.util_drop,3.4,6.43,True,46011
M14A.qjump,0.031017,1.031017,True,46011
M14A.loss,0.06,0.22,True,46002
M14A.deficit,0.072078,0.22,True,46051
M14A.route_HUB,192.0,297.0,True,46051
M14A.alt_HUB,2.0,10.0,True,46051
M14A.pio_HUB,2.0,8.0,True,46076
M14A.pio_M14B,11.0,20.0,True,46076
M14A.cnvtime_NORTH,10.102,21.707,True,46031
M14A.cnvq_NORTH,118.0,195.0,True,46051
M14A.cnvtime_SOUTH,5.8567,10.64088,True,46014
M14A.cnvq_SOUTH,75.0,113.0,True,46051
M14B.q,1382.0,1582.0,True,46051
M14B.growth,0.06367,0.15,True,46013
M14B.time,3.704,4.054,True,46055
M14B.sla,0.0,1.0,False,0
M14B.util_drop,3.24,6.129,True,46011
M14B.qjump,0.034426,1.034426,True,46011
M14B.loss,0.06,0.22,True,46002
M14B.deficit,0.06,0.22,True,46051
M14B.route_HUB,66.0,119.0,True,46051
M14B.alt_HUB,15.0,50.0,True,46051
M14B.pio_HUB,2.0,8.0,True,46076
M14B.route_M14A,392.0,555.0,True,46051
M14B.pio_M14A,8.0,22.0,True,46076
M16A.q,1940.0,2156.0,True,46051
M16A.growth,0.053258,0.15,True,46013
M16A.time,2.638,2.834,True,46043
M16A.sla,10.04,13.28,True,46055
M16A.util_drop,3.54,6.839,True,46011
M16A.qjump,0.028097,1.028097,True,46011
M16A.loss,0.06,0.22,True,46002
M16A.deficit,0.06,0.22,True,46051
M16A.route_HUB,547.0,612.0,True,46051
M16A.alt_HUB,391.0,443.0,True,46051
M16A.pio_HUB,6.0,29.0,True,46076
M16A.route_M16B,230.0,368.0,True,46051
M16A.pio_M16B,2.0,8.0,True,46076
M16B.q,870.0,978.0,True,46051
M16B.growth,0.091395,0.178028,True,46013
M16B.time,2.845,3.208,True,46043
M16B.sla,13.76,19.17,True,46055
M16B.util_drop,4.15,7.92,True,46011
M16B.qjump,0.054334,1.054334,True,46011
M16B.loss,0.06,0.22,True,46002
M16B.deficit,0.06,0.22,True,46051
M16B.route_M16A,216.0,249.0,True,46051
M16B.pio_M16A,2.0,8.0,True,46076
M16HUB.q,418.0,596.0,True,46051
M16HUB.growth,0.065375,0.15,True,46013
M16HUB.time,9.1221,14.16483,True,46040
M16HUB.sla,0.0,1.0,False,46055
M16HUB.loaded,1.007547,1.107547,True,46051
M16HUB.route_M14A,71.0,162.0,True,46051
M16HUB.pio_M14A,2.0,8.0,True,46076
M16HUB.route_M14B,67.0,137.0,True,46051
M16HUB.pio_M14B,2.0,8.0,True,46076
M16HUB.route_M16A,143.0,167.0,True,46051
M16HUB.pio_M16A,7.0,20.0,True,46076
M16HUB.route_MLUD,20.0,34.0,True,46051
M16HUB.pio_MLUD,2.0,11.0,True,46076
