기존ID,이해가능한기존명,개정명,변경취지
R-A,반송시간 이상,반송 지연 지속,각 FAB의 기존 시간 컬럼을 유지하고 연속 점수로 변환
R-A 지속,반송시간 장기 초과,반송 지연 지속에 포함,별도 중복 가산 대신 3분 중앙값
R-B / R-B 급증,반송 대기 증가 / 급증,미완료 물량 누적,수준·10분 증가율·생성대비 완료부족을 결합
R-C (M14A),남북 CNV 물량 편중,연결구간 지연·반입 실패,고정 70% 쏠림 대신 방향별 시간과 물량을 함께 확인
R-C (리프터),리프터 물량 불균형,단독 배점 제외,방향별 집계·대체 포트·수동 CNV 운용 차이를 고려
R-D,OHT 부하 / HUB 저장·출구 압박,미완료 물량 누적 등으로 분리,HUB 빈공간100은 정상 방향. 예약포함 저장률의 지속과 실제 반송 영향을 결합. MAXCAPA만으로 가점하지 않음
SLA,4분 초과 반송 증가,반송 지연 지속에 포함,같은 지연 현상은 MAX로 묶어 중복 완화
SORT,Sorter 대기 증가,점수.일반Sorter대기,FAB 점수와 분리; HUB에는 없음
MAXCAPA,반입 허용량 축소,운영 맥락·조치 이력,변경만으로 장애 가점하지 않음; 3F 6ABL TOTALMAXCAPA 예외
PIO,Port 내려놓기 실패,연결구간 지연·반입 실패,실제 측정 출발 영역·방향별 5분 건수/발생분수
FLOW,FAB 간 물량 증가,영역·경로별 물량 신호,ALL 통합 가산과 인접 FAB 자동 전파 제외
신규,OHT 가동률 급락·Queue 급증,같은 이름,과거5분 대비 두 지표가 동시에 급변할 때 즉시 반영
신규,처리 감소와 대기 증가,같은 이름,최근10분 JOB 완료량의 상대 감소와 대기/지연 동반
신규,적재 상태의 완료 공백,같은 이름(HUB),완료시간 0 지속 + 내부물량/적재OHT 동반
신규,최근5분 위험 급상승,같은 이름,보정 전 기본 점수 변화에만 최대10점
