원천표시명,원본CSV컬럼,상태,연결파생지표,결측분,고유값수,v1.1정의정정
원천.M16HUB.CNV.SENDFAB.TO_M14A_CURRENTQCNT,M16HUB.CNV.SENDFAB.TO_M14A_CURRENTQCNT,참고/미채택,,29,298,
원천.M16HUB.LFT.6ABL0111.2F_TO_3F_CURRENTQCNT,M16HUB.LFT.6ABL0111.2F_TO_3F_CURRENTQCNT,참고/미채택,,0,12,
원천.M16HUB.LFT.6ABL0111.2F_TO_6F_CURRENTQCNT,M16HUB.LFT.6ABL0111.2F_TO_6F_CURRENTQCNT,참고/미채택,,0,15,
원천.M16HUB.LFT.6ABL0111.3F_TO_2F_CURRENTQCNT,M16HUB.LFT.6ABL0111.3F_TO_2F_CURRENTQCNT,참고/미채택,,0,8,
원천.M16HUB.LFT.6ABL0111.3F_TO_6F_CURRENTQCNT,M16HUB.LFT.6ABL0111.3F_TO_6F_CURRENTQCNT,참고/미채택,,0,22,
원천.M16HUB.LFT.6ABL0111.6F_TO_2F_CURRENTQCNT,M16HUB.LFT.6ABL0111.6F_TO_2F_CURRENTQCNT,참고/미채택,,0,19,
원천.M16HUB.LFT.6ABL0111.6F_TO_3F_CURRENTQCNT,M16HUB.LFT.6ABL0111.6F_TO_3F_CURRENTQCNT,참고/미채택,,0,24,
원천.M16HUB.LFT.6ABL0111.TOTAL_CURRENTQCNT,M16HUB.LFT.6ABL0111.TOTAL_CURRENTQCNT,참고/미채택,,0,49,
원천.M16HUB.LFT.6ABL0112.2F_TO_3F_CURRENTQCNT,M16HUB.LFT.6ABL0112.2F_TO_3F_CURRENTQCNT,참고/미채택,,0,10,
원천.M16HUB.LFT.6ABL0112.2F_TO_6F_CURRENTQCNT,M16HUB.LFT.6ABL0112.2F_TO_6F_CURRENTQCNT,참고/미채택,,0,17,
원천.M16HUB.LFT.6ABL0112.3F_TO_2F_CURRENTQCNT,M16HUB.LFT.6ABL0112.3F_TO_2F_CURRENTQCNT,참고/미채택,,0,8,
원천.M16HUB.LFT.6ABL0112.3F_TO_6F_CURRENTQCNT,M16HUB.LFT.6ABL0112.3F_TO_6F_CURRENTQCNT,참고/미채택,,0,21,
원천.M16HUB.LFT.6ABL0112.6F_TO_2F_CURRENTQCNT,M16HUB.LFT.6ABL0112.6F_TO_2F_CURRENTQCNT,참고/미채택,,0,22,
원천.M16HUB.LFT.6ABL0112.6F_TO_3F_CURRENTQCNT,M16HUB.LFT.6ABL0112.6F_TO_3F_CURRENTQCNT,참고/미채택,,0,21,
원천.M16HUB.LFT.6ABL0112.TOTAL_CURRENTQCNT,M16HUB.LFT.6ABL0112.TOTAL_CURRENTQCNT,참고/미채택,,0,49,
원천.M16HUB.LFT.6ABL0121.2F_TO_3F_CURRENTQCNT,M16HUB.LFT.6ABL0121.2F_TO_3F_CURRENTQCNT,참고/미채택,,0,12,
원천.M16HUB.LFT.6ABL0121.2F_TO_6F_CURRENTQCNT,M16HUB.LFT.6ABL0121.2F_TO_6F_CURRENTQCNT,참고/미채택,,0,14,
원천.M16HUB.LFT.6ABL0121.3F_TO_2F_CURRENTQCNT,M16HUB.LFT.6ABL0121.3F_TO_2F_CURRENTQCNT,참고/미채택,,0,10,
원천.M16HUB.LFT.6ABL0121.3F_TO_6F_CURRENTQCNT,M16HUB.LFT.6ABL0121.3F_TO_6F_CURRENTQCNT,참고/미채택,,0,25,
원천.M16HUB.LFT.6ABL0121.6F_TO_2F_CURRENTQCNT,M16HUB.LFT.6ABL0121.6F_TO_2F_CURRENTQCNT,참고/미채택,,0,21,
원천.M16HUB.LFT.6ABL0121.6F_TO_3F_CURRENTQCNT,M16HUB.LFT.6ABL0121.6F_TO_3F_CURRENTQCNT,참고/미채택,,0,20,
원천.M16HUB.LFT.6ABL0121.TOTAL_CURRENTQCNT,M16HUB.LFT.6ABL0121.TOTAL_CURRENTQCNT,참고/미채택,,0,50,
원천.M16HUB.LFT.6ABL0122.2F_TO_3F_CURRENTQCNT,M16HUB.LFT.6ABL0122.2F_TO_3F_CURRENTQCNT,참고/미채택,,0,13,
원천.M16HUB.LFT.6ABL0122.2F_TO_6F_CURRENTQCNT,M16HUB.LFT.6ABL0122.2F_TO_6F_CURRENTQCNT,참고/미채택,,0,19,
원천.M16HUB.LFT.6ABL0122.3F_TO_2F_CURRENTQCNT,M16HUB.LFT.6ABL0122.3F_TO_2F_CURRENTQCNT,참고/미채택,,0,15,
원천.M16HUB.LFT.6ABL0122.3F_TO_6F_CURRENTQCNT,M16HUB.LFT.6ABL0122.3F_TO_6F_CURRENTQCNT,참고/미채택,,0,26,
원천.M16HUB.LFT.6ABL0122.6F_TO_2F_CURRENTQCNT,M16HUB.LFT.6ABL0122.6F_TO_2F_CURRENTQCNT,참고/미채택,,0,24,
원천.M16HUB.LFT.6ABL0122.6F_TO_3F_CURRENTQCNT,M16HUB.LFT.6ABL0122.6F_TO_3F_CURRENTQCNT,참고/미채택,,0,21,
원천.M16HUB.LFT.6ABL0122.TOTAL_CURRENTQCNT,M16HUB.LFT.6ABL0122.TOTAL_CURRENTQCNT,참고/미채택,,0,56,
원천.M16HUB.LFT.6ABL6011.2F_TO_3F_CURRENTQCNT,M16HUB.LFT.6ABL6011.2F_TO_3F_CURRENTQCNT,사용자 제외 / 변별력 없음,,0,1,
원천.M16HUB.LFT.6ABL6011.2F_TO_6F_CURRENTQCNT,M16HUB.LFT.6ABL6011.2F_TO_6F_CURRENTQCNT,사용자 제외,,0,2,
원천.M16HUB.LFT.6ABL6011.3F_TO_2F_CURRENTQCNT,M16HUB.LFT.6ABL6011.3F_TO_2F_CURRENTQCNT,사용자 제외,,0,3,
원천.M16HUB.LFT.6ABL6011.3F_TO_6F_CURRENTQCNT,M16HUB.LFT.6ABL6011.3F_TO_6F_CURRENTQCNT,참고/미채택,,0,33,
원천.M16HUB.LFT.6ABL6011.6F_TO_2F_CURRENTQCNT,M16HUB.LFT.6ABL6011.6F_TO_2F_CURRENTQCNT,사용자 제외 / 변별력 없음,,0,1,
원천.M16HUB.LFT.6ABL6011.6F_TO_3F_CURRENTQCNT,M16HUB.LFT.6ABL6011.6F_TO_3F_CURRENTQCNT,참고/미채택,,0,35,
원천.M16HUB.LFT.6ABL6011.TOTAL_CURRENTQCNT,M16HUB.LFT.6ABL6011.TOTAL_CURRENTQCNT,참고/미채택,,0,62,
원천.M16HUB.LFT.6ABL6012.2F_TO_3F_CURRENTQCNT,M16HUB.LFT.6ABL6012.2F_TO_3F_CURRENTQCNT,사용자 제외 / 변별력 없음,,0,1,
원천.M16HUB.LFT.6ABL6012.2F_TO_6F_CURRENTQCNT,M16HUB.LFT.6ABL6012.2F_TO_6F_CURRENTQCNT,사용자 제외 / 변별력 없음,,0,1,
원천.M16HUB.LFT.6ABL6012.3F_TO_2F_CURRENTQCNT,M16HUB.LFT.6ABL6012.3F_TO_2F_CURRENTQCNT,사용자 제외,,0,3,
원천.M16HUB.LFT.6ABL6012.3F_TO_6F_CURRENTQCNT,M16HUB.LFT.6ABL6012.3F_TO_6F_CURRENTQCNT,참고/미채택,,0,30,
원천.M16HUB.LFT.6ABL6012.6F_TO_2F_CURRENTQCNT,M16HUB.LFT.6ABL6012.6F_TO_2F_CURRENTQCNT,사용자 제외 / 변별력 없음,,0,1,
원천.M16HUB.LFT.6ABL6012.6F_TO_3F_CURRENTQCNT,M16HUB.LFT.6ABL6012.6F_TO_3F_CURRENTQCNT,참고/미채택,,0,40,
원천.M16HUB.LFT.6ABL6012.TOTAL_CURRENTQCNT,M16HUB.LFT.6ABL6012.TOTAL_CURRENTQCNT,참고/미채택,,0,59,
원천.M16HUB.LFT.6ABL6021.2F_TO_3F_CURRENTQCNT,M16HUB.LFT.6ABL6021.2F_TO_3F_CURRENTQCNT,사용자 제외 / 변별력 없음,,0,1,
원천.M16HUB.LFT.6ABL6021.2F_TO_6F_CURRENTQCNT,M16HUB.LFT.6ABL6021.2F_TO_6F_CURRENTQCNT,사용자 제외 / 변별력 없음,,0,1,
원천.M16HUB.LFT.6ABL6021.3F_TO_2F_CURRENTQCNT,M16HUB.LFT.6ABL6021.3F_TO_2F_CURRENTQCNT,사용자 제외,,0,2,
원천.M16HUB.LFT.6ABL6021.3F_TO_6F_CURRENTQCNT,M16HUB.LFT.6ABL6021.3F_TO_6F_CURRENTQCNT,참고/미채택,,0,33,
원천.M16HUB.LFT.6ABL6021.6F_TO_2F_CURRENTQCNT,M16HUB.LFT.6ABL6021.6F_TO_2F_CURRENTQCNT,사용자 제외 / 변별력 없음,,0,1,
원천.M16HUB.LFT.6ABL6021.6F_TO_3F_CURRENTQCNT,M16HUB.LFT.6ABL6021.6F_TO_3F_CURRENTQCNT,참고/미채택,,0,30,
원천.M16HUB.LFT.6ABL6021.TOTAL_CURRENTQCNT,M16HUB.LFT.6ABL6021.TOTAL_CURRENTQCNT,참고/미채택,,0,55,
원천.M16HUB.LFT.6ABL6022.2F_TO_3F_CURRENTQCNT,M16HUB.LFT.6ABL6022.2F_TO_3F_CURRENTQCNT,사용자 제외,,0,2,
원천.M16HUB.LFT.6ABL6022.2F_TO_6F_CURRENTQCNT,M16HUB.LFT.6ABL6022.2F_TO_6F_CURRENTQCNT,사용자 제외 / 변별력 없음,,0,1,
원천.M16HUB.LFT.6ABL6022.3F_TO_2F_CURRENTQCNT,M16HUB.LFT.6ABL6022.3F_TO_2F_CURRENTQCNT,사용자 제외,,0,3,
원천.M16HUB.LFT.6ABL6022.3F_TO_6F_CURRENTQCNT,M16HUB.LFT.6ABL6022.3F_TO_6F_CURRENTQCNT,참고/미채택,,0,28,
원천.M16HUB.LFT.6ABL6022.6F_TO_2F_CURRENTQCNT,M16HUB.LFT.6ABL6022.6F_TO_2F_CURRENTQCNT,사용자 제외 / 변별력 없음,,0,1,
원천.M16HUB.LFT.6ABL6022.6F_TO_3F_CURRENTQCNT,M16HUB.LFT.6ABL6022.6F_TO_3F_CURRENTQCNT,참고/미채택,,0,35,
원천.M16HUB.LFT.6ABL6022.TOTAL_CURRENTQCNT,M16HUB.LFT.6ABL6022.TOTAL_CURRENTQCNT,참고/미채택,,0,56,
원천.M16HUB.LFT.6ABL6031.2F_TO_3F_CURRENTQCNT,M16HUB.LFT.6ABL6031.2F_TO_3F_CURRENTQCNT,사용자 제외 / 변별력 없음,,0,1,
원천.M16HUB.LFT.6ABL6031.2F_TO_6F_CURRENTQCNT,M16HUB.LFT.6ABL6031.2F_TO_6F_CURRENTQCNT,사용자 제외 / 변별력 없음,,0,1,
원천.M16HUB.LFT.6ABL6031.3F_TO_2F_CURRENTQCNT,M16HUB.LFT.6ABL6031.3F_TO_2F_CURRENTQCNT,사용자 제외,,0,4,
원천.M16HUB.LFT.6ABL6031.3F_TO_6F_CURRENTQCNT,M16HUB.LFT.6ABL6031.3F_TO_6F_CURRENTQCNT,참고/미채택,,0,22,
원천.M16HUB.LFT.6ABL6031.6F_TO_2F_CURRENTQCNT,M16HUB.LFT.6ABL6031.6F_TO_2F_CURRENTQCNT,사용자 제외 / 변별력 없음,,0,1,
원천.M16HUB.LFT.6ABL6031.6F_TO_3F_CURRENTQCNT,M16HUB.LFT.6ABL6031.6F_TO_3F_CURRENTQCNT,참고/미채택,,0,23,
원천.M16HUB.LFT.6ABL6031.TOTAL_CURRENTQCNT,M16HUB.LFT.6ABL6031.TOTAL_CURRENTQCNT,참고/미채택,,0,41,
원천.M16HUB.LFT.6ABL6032.2F_TO_3F_CURRENTQCNT,M16HUB.LFT.6ABL6032.2F_TO_3F_CURRENTQCNT,사용자 제외 / 변별력 없음,,0,1,
원천.M16HUB.LFT.6ABL6032.3F_TO_2F_CURRENTQCNT,M16HUB.LFT.6ABL6032.3F_TO_2F_CURRENTQCNT,사용자 제외,,0,3,
원천.M16HUB.LFT.6ABL6032.3F_TO_6F_CURRENTQCNT,M16HUB.LFT.6ABL6032.3F_TO_6F_CURRENTQCNT,참고/미채택,,0,18,
원천.M16HUB.LFT.6ABL6032.6F_TO_2F_CURRENTQCNT,M16HUB.LFT.6ABL6032.6F_TO_2F_CURRENTQCNT,사용자 제외 / 변별력 없음,,0,1,
원천.M16HUB.LFT.6ABL6032.6F_TO_3F_CURRENTQCNT,M16HUB.LFT.6ABL6032.6F_TO_3F_CURRENTQCNT,참고/미채택,,0,28,
원천.M16HUB.LFT.6ABL6032.TOTAL_CURRENTQCNT,M16HUB.LFT.6ABL6032.TOTAL_CURRENTQCNT,참고/미채택,,0,42,
원천.M16HUB.LFT.SENDFAB.TO_M14B_CURRENTQCNT,M16HUB.LFT.SENDFAB.TO_M14B_CURRENTQCNT,참고/미채택,,29,357,
원천.M16HUB.LFT.SENDFAB.TO_M16A_CURRENTQCNT,M16HUB.LFT.SENDFAB.TO_M16A_CURRENTQCNT,참고/미채택,,29,311,
원천.M16HUB.LFT.SENDFAB.TO_M16E_CURRENTQCNT,M16HUB.LFT.SENDFAB.TO_M16E_CURRENTQCNT,참고/미채택,,29,37,
원천.M16HUB.OHT.ALERT.OHTMCPALARMCNT,M16HUB.OHT.ALERT.OHTMCPALARMCNT,참고/미채택,,29,3,
원천.M16HUB.QUE.ABN.AOTRANSDELAY,M16HUB.QUE.ABN.AOTRANSDELAY,참고/미채택 / 변별력 없음,,36870,1,
원천.M16HUB.QUE.ALL.3F_CMD,M16HUB.QUE.ALL.3F_CMD,이번 룰 점수 입력,파생.M16HUB.운용대수 대비 적재OHT 비율,29,140,
원천.M16HUB.QUE.ALL.3F_TO_3F_MLUD_JOB,M16HUB.QUE.ALL.3F_TO_3F_MLUD_JOB,참고/미채택,,29,117,
원천.M16HUB.QUE.ALL.3F_TO_M14A_3F_JOB,M16HUB.QUE.ALL.3F_TO_M14A_3F_JOB,이번 룰 점수 입력,파생.M16HUB.M14A행 현재물량,29,237,
원천.M16HUB.QUE.ALL.3F_TO_M14B_7F_JOB,M16HUB.QUE.ALL.3F_TO_M14B_7F_JOB,이번 룰 점수 입력,파생.M16HUB.M14B행 현재물량,29,210,
원천.M16HUB.QUE.ALL.3F_TO_M16A_2F_JOB,M16HUB.QUE.ALL.3F_TO_M16A_2F_JOB,참고/미채택,,29,21,
원천.M16HUB.QUE.ALL.3F_TO_M16A_6F_JOB,M16HUB.QUE.ALL.3F_TO_M16A_6F_JOB,이번 룰 점수 입력,파생.M16HUB.M16A행 현재물량,29,142,
원천.M16HUB.QUE.ALL.CURRENTQCNT,M16HUB.QUE.ALL.CURRENTQCNT,사용자 제외,,29,762,
원천.M16HUB.QUE.ALL.CURRENTQCOMPLETED,M16HUB.QUE.ALL.CURRENTQCOMPLETED,사용자 제외,,29,280,
원천.M16HUB.QUE.ALL.CURRENTQCREATED,M16HUB.QUE.ALL.CURRENTQCREATED,사용자 제외,,29,325,
원천.M16HUB.QUE.ALL.CURRENT_M16A_3F_JOB,M16HUB.QUE.ALL.CURRENT_M16A_3F_JOB,사용자 제외,,29,480,
원천.M16HUB.QUE.ALL.CURRENT_M16A_3F_JOB_2,M16HUB.QUE.ALL.CURRENT_M16A_3F_JOB_2,이번 룰 점수 입력,파생.M16HUB.현재 영역 물량 ; 파생.M16HUB.최근10분 물량 증가율,29,517,
원천.M16HUB.QUE.ALL.FABTRANSJOBCNT,M16HUB.QUE.ALL.FABTRANSJOBCNT,참고/미채택,,0,605,
원천.M16HUB.QUE.ALL.M16HUBTOM14MANUAL_CURRENTQCNT,M16HUB.QUE.ALL.M16HUBTOM14MANUAL_CURRENTQCNT,참고/미채택,,29,119,
원천.M16HUB.QUE.ALL.TRANSPORT4MINOVERCNT,M16HUB.QUE.ALL.TRANSPORT4MINOVERCNT,참고/미채택 / 변별력 없음,,27,1,
원천.M16HUB.QUE.ALL.TRANSPORT4MINOVERRATIO,M16HUB.QUE.ALL.TRANSPORT4MINOVERRATIO,참고/미채택 / 변별력 없음,,27,1,
원천.M16HUB.QUE.ALL.TRANSPORT4MINOVERTIMEAVG,M16HUB.QUE.ALL.TRANSPORT4MINOVERTIMEAVG,참고/미채택 / 변별력 없음,,27,1,
원천.M16HUB.QUE.CNV.3F_CNV_MAXCAPA,M16HUB.QUE.CNV.3F_CNV_MAXCAPA,참고/미채택,,29,13,
원천.M16HUB.QUE.CNV.3F_TO_M14A_CNV_AI_CMD,M16HUB.QUE.CNV.3F_TO_M14A_CNV_AI_CMD,참고/미채택,,29,94,
원천.M16HUB.QUE.LFT.3F_LFT_MAXCAPA,M16HUB.QUE.LFT.3F_LFT_MAXCAPA,참고/미채택,,29,14,
원천.M16HUB.QUE.LFT.3F_M14BLFT_MAXCAPA,M16HUB.QUE.LFT.3F_M14BLFT_MAXCAPA,참고/미채택,,29,10,
원천.M16HUB.QUE.LFT.3F_TO_M14B_LFT_AI_CMD,M16HUB.QUE.LFT.3F_TO_M14B_LFT_AI_CMD,참고/미채택,,29,70,
원천.M16HUB.QUE.LFT.3F_TO_M16A_LFT_AI_CMD,M16HUB.QUE.LFT.3F_TO_M16A_LFT_AI_CMD,참고/미채택,,29,130,
원천.M16HUB.QUE.LOAD.AVGLOADTIME,M16HUB.QUE.LOAD.AVGLOADTIME,전 기간 결측,,46080,0,
원천.M16HUB.QUE.M14ATOM16.MESCURRENTQCNT,M16HUB.QUE.M14ATOM16.MESCURRENTQCNT,전 기간 결측,,46080,0,
원천.M16HUB.QUE.M14BTOM16.MESCURRENTQCNT,M16HUB.QUE.M14BTOM16.MESCURRENTQCNT,전 기간 결측,,46080,0,
원천.M16HUB.QUE.M14TOM16.MESCURRENTQCNT,M16HUB.QUE.M14TOM16.MESCURRENTQCNT,참고/미채택,,0,449,
원천.M16HUB.QUE.M16TOM14.MESCURRENTQCNT,M16HUB.QUE.M16TOM14.MESCURRENTQCNT,참고/미채택,,0,543,
원천.M16HUB.QUE.M16TOM14A.MESCURRENTQCNT,M16HUB.QUE.M16TOM14A.MESCURRENTQCNT,참고/미채택,,0,310,
원천.M16HUB.QUE.M16TOM14B.MESCURRENTQCNT,M16HUB.QUE.M16TOM14B.MESCURRENTQCNT,참고/미채택,,0,359,
원천.M16HUB.QUE.MLUD.3F_TO_M16A_MLUD_AI_CMD,M16HUB.QUE.MLUD.3F_TO_M16A_MLUD_AI_CMD,이번 룰 점수 입력,파생.M16HUB.MLUD행 현재물량,29,82,
원천.M16HUB.QUE.OHT.CURRENTOHTQCNT,M16HUB.QUE.OHT.CURRENTOHTQCNT,이번 룰 점수 입력,파생.M16HUB.운용대수 대비 적재OHT 비율,29,143,
원천.M16HUB.QUE.OHT.OHTUTIL,M16HUB.QUE.OHT.OHTUTIL,참고/미채택,,29,388,
원천.HUB STB행 적재OHT 수,M16HUB.QUE.STB.3F_TO_M16A_3F_STB_CMD,참고: 직접 배점 제외,,29,43,STB로 FOUP 운반 중인 CMD 수. MAXCAPA 외 사유도 포함。
원천.M16HUB.QUE.TIME.AVGTOTALTIME,M16HUB.QUE.TIME.AVGTOTALTIME,참고/미채택,,27,2957,
원천.M16HUB.QUE.TIME.AVGTOTALTIME1MIN,M16HUB.QUE.TIME.AVGTOTALTIME1MIN,이번 룰 점수 입력,파생.M16HUB.완료반송시간 3분 중앙값,98,9613,
원천.HUB 예약포함 저장률(%),M16HUB.STRATE.ALL.FABSTORAGERATIO,채택: HUB 예약포함 저장대기,파생.HUB 저장대기 지속강도,27,71,예약(Reserved) 포함 HUBROOM 저장률. 높은 값=저장공간 부담 증가。
원천.HUB STB 빈공간 비율(%),M16HUB.STRATE.STB.3F_STORAGE_UTIL,참고: 직접 배점 제외,,24,100,빈 공간 비율. 예약 포함 저장률과 합이 항상100 아님. 변환·결측 대체 금지。
원천.HUB STK 비율(사용 제외),M16HUB.STRATE.STK.STORAGERATIO,사용 제외: HUB에 STK 없음,,27,1,원천 이력은 보존하되 계산·판정 입력에서 제외。
원천.M14.CNV.SENDFAB.TO_M16HUB_CURRENTQCNT,M14.CNV.SENDFAB.TO_M16HUB_CURRENTQCNT,참고/미채택,,29,360,
원천.M14.OHT.STATECNT.ABNORMAL,M14.OHT.STATECNT.ABNORMAL,위치 정보 부재로 배점 제외,,53,3,
원천.M14.OHT.STATECNT.CONGESTED,M14.OHT.STATECNT.CONGESTED,위치 정보 부재로 배점 제외,,53,47,
원천.M14.OHT.STATECNT.HTSTOP,M14.OHT.STATECNT.HTSTOP,위치 정보 부재로 배점 제외,,53,59,
원천.M14.OHT.STATECNT.OBSANDBZSTOP,M14.OHT.STATECNT.OBSANDBZSTOP,위치 정보 부재로 배점 제외,,53,153,
원천.M14.QUE.ABN.AOTRANSDELAY,M14.QUE.ABN.AOTRANSDELAY,참고/미채택,,36870,8,
원천.M14.QUE.ALL.3F_TO_HUB_JOB,M14.QUE.ALL.3F_TO_HUB_JOB,이번 룰 점수 입력,파생.M14A.HUB행 현재물량,29,362,
원천.M14.QUE.ALL.3F_TO_HUB_JOB_ALT,M14.QUE.ALL.3F_TO_HUB_JOB_ALT,이번 룰 점수 입력,파생.M14A.HUB행 ALT대기,29,26,
원천.M14.QUE.ALL.CURRENTQCNT,M14.QUE.ALL.CURRENTQCNT,이번 룰 점수 입력,파생.M14A.현재 영역 물량 ; 파생.M14A.최근10분 물량 증가율 ; 파생.M14A.직전5분 대비 Queue 증가율,29,1044,
원천.M14.QUE.ALL.CURRENTQCOMPLETED,M14.QUE.ALL.CURRENTQCOMPLETED,이번 룰 점수 입력,파생.M14A.과거처리수준 대비 완료감소율 ; 파생.M14A.최근10분 생성대비 완료부족률,29,645,
원천.M14.QUE.ALL.CURRENTQCREATED,M14.QUE.ALL.CURRENTQCREATED,이번 룰 점수 입력,파생.M14A.최근10분 생성대비 완료부족률,29,612,
원천.M14.QUE.ALL.TOTALCNVCURRENTQCNT,M14.QUE.ALL.TOTALCNVCURRENTQCNT,참고/미채택,,0,576,
원천.M14.QUE.ALL.TRANSPORT4MINOVERCNT,M14.QUE.ALL.TRANSPORT4MINOVERCNT,참고/미채택,,27,293,
원천.M14.QUE.ALL.TRANSPORT4MINOVERRATIO,M14.QUE.ALL.TRANSPORT4MINOVERRATIO,이번 룰 점수 입력,파생.M14A.4분초과율 3분 중앙값,27,2355,
원천.M14.QUE.ALL.TRANSPORT4MINOVERTIMEAVG,M14.QUE.ALL.TRANSPORT4MINOVERTIMEAVG,참고/미채택,,27,213,
원천.M14.QUE.CNV.3F_CNV_MAXCAPA,M14.QUE.CNV.3F_CNV_MAXCAPA,참고/미채택,,29,20,
원천.M14.QUE.CNV.ALLTONORTHCNVCURRENTQCNT,M14.QUE.CNV.ALLTONORTHCNVCURRENTQCNT,참고/미채택,,0,228,
원천.M14.QUE.CNV.ALLTOSOUTHCNVCURRENTQCNT,M14.QUE.CNV.ALLTOSOUTHCNVCURRENTQCNT,참고/미채택,,0,196,
원천.M14.QUE.CNV.M14ATOM16ACURRNETQCNT,M14.QUE.CNV.M14ATOM16ACURRNETQCNT,참고/미채택,,0,400,
원천.M14.QUE.CNV.M14ATOM16CURRNETQCNT,M14.QUE.CNV.M14ATOM16CURRNETQCNT,참고/미채택,,0,442,
원천.M14.QUE.CNV.M14ATONORTHCURRENTQCNT,M14.QUE.CNV.M14ATONORTHCURRENTQCNT,이번 룰 점수 입력,파생.M14A.NORTH CNV향 물량,29,249,
원천.M14.QUE.CNV.M14ATOSOUTHCURRENTQCNT,M14.QUE.CNV.M14ATOSOUTHCURRENTQCNT,이번 룰 점수 입력,파생.M14A.SOUTH CNV향 물량,29,229,
원천.M14.QUE.CNV.NORTHCNVTOALLCURRENTQCNT,M14.QUE.CNV.NORTHCNVTOALLCURRENTQCNT,참고/미채택,,0,158,
원천.M14.QUE.CNV.NORTHCNVTOM14TIME,M14.QUE.CNV.NORTHCNVTOM14TIME,참고/미채택,,27,4090,
원천.M14.QUE.CNV.NORTHCNVTOM14TIME1MIN,M14.QUE.CNV.NORTHCNVTOM14TIME1MIN,참고/미채택,,27,9759,
원천.M14.QUE.CNV.NORTHCURRENTQCNT,M14.QUE.CNV.NORTHCURRENTQCNT,참고/미채택,,29,160,
원천.M14.QUE.CNV.NORTHM14TOCNVTIME,M14.QUE.CNV.NORTHM14TOCNVTIME,참고/미채택,,27,8329,
원천.M14.QUE.CNV.NORTHM14TOCNVTIME1MIN,M14.QUE.CNV.NORTHM14TOCNVTIME1MIN,이번 룰 점수 입력,파생.M14A.NORTH CNV향 반송시간,27,11703,
원천.M14.QUE.CNV.SOUTHCNVTOALLCURRENTQCNT,M14.QUE.CNV.SOUTHCNVTOALLCURRENTQCNT,참고/미채택,,0,158,
원천.M14.QUE.CNV.SOUTHCNVTOM14TIME,M14.QUE.CNV.SOUTHCNVTOM14TIME,참고/미채택,,27,4042,
원천.M14.QUE.CNV.SOUTHCNVTOM14TIME1MIN,M14.QUE.CNV.SOUTHCNVTOM14TIME1MIN,참고/미채택,,27,9687,
원천.M14.QUE.CNV.SOUTHCURRENTQCNT,M14.QUE.CNV.SOUTHCURRENTQCNT,참고/미채택,,29,148,
원천.M14.QUE.CNV.SOUTHM14TOCNVTIME,M14.QUE.CNV.SOUTHM14TOCNVTIME,참고/미채택,,27,3652,
원천.M14.QUE.CNV.SOUTHM14TOCNVTIME1MIN,M14.QUE.CNV.SOUTHM14TOCNVTIME1MIN,이번 룰 점수 입력,파생.M14A.SOUTH CNV향 반송시간,27,7642,
원천.M14.QUE.LOAD.AVGLOADTIME,M14.QUE.LOAD.AVGLOADTIME,참고/미채택,,27,1343,
원천.M14.QUE.LOAD.AVGLOADTIME1MIN,M14.QUE.LOAD.AVGLOADTIME1MIN,이번 룰 점수 입력,파생.M14A.완료반송시간 3분 중앙값,27,1657,
원천.M14.QUE.OHT.3F_TO_HUB_CMD,M14.QUE.OHT.3F_TO_HUB_CMD,참고/미채택,,29,91,
원천.M14.QUE.OHT.OHTUTIL,M14.QUE.OHT.OHTUTIL,이번 룰 점수 입력,파생.M14A.직전5분 대비 OHT가동률 하락폭,29,1656,
원천.M14.QUE.SFAB.SENDTOM16,M14.QUE.SFAB.SENDTOM16,참고/미채택,,0,44,
원천.M14.SORTER.ABN.CUSORTERWAITCOUNTOVER,M14.SORTER.ABN.CUSORTERWAITCOUNTOVER,제외: CU Sorter 별개 장비; 이번 버전 미평가,,29,432,
원천.M14.SORTER.ABN.SORTERWAITCOUNTOVER,M14.SORTER.ABN.SORTERWAITCOUNTOVER,이번 룰 점수 입력,파생.M14A.normal Sorter대기 5분중앙값,29,923,
원천.M14B.LFT.4ABLD111.4F_TO_7F_CURRENTQCNT,M14B.LFT.4ABLD111.4F_TO_7F_CURRENTQCNT,참고/미채택,,0,18,
원천.M14B.LFT.4ABLD111.7F_TO_4F_CURRENTQCNT,M14B.LFT.4ABLD111.7F_TO_4F_CURRENTQCNT,참고/미채택,,0,16,
원천.M14B.LFT.4ABLD111.TOTAL_CURRENTQCNT,M14B.LFT.4ABLD111.TOTAL_CURRENTQCNT,참고/미채택,,0,31,
원천.M14B.LFT.4ABLD112.4F_TO_7F_CURRENTQCNT,M14B.LFT.4ABLD112.4F_TO_7F_CURRENTQCNT,참고/미채택,,0,17,
원천.M14B.LFT.4ABLD112.7F_TO_4F_CURRENTQCNT,M14B.LFT.4ABLD112.7F_TO_4F_CURRENTQCNT,참고/미채택,,0,16,
원천.M14B.LFT.4ABLD112.TOTAL_CURRENTQCNT,M14B.LFT.4ABLD112.TOTAL_CURRENTQCNT,참고/미채택,,0,27,
원천.M14B.LFT.4ABLD121.4F_TO_7F_CURRENTQCNT,M14B.LFT.4ABLD121.4F_TO_7F_CURRENTQCNT,참고/미채택,,0,18,
원천.M14B.LFT.4ABLD121.7F_TO_4F_CURRENTQCNT,M14B.LFT.4ABLD121.7F_TO_4F_CURRENTQCNT,참고/미채택,,0,17,
원천.M14B.LFT.4ABLD121.TOTAL_CURRENTQCNT,M14B.LFT.4ABLD121.TOTAL_CURRENTQCNT,참고/미채택,,0,28,
원천.M14B.LFT.4ABLD122.4F_TO_7F_CURRENTQCNT,M14B.LFT.4ABLD122.4F_TO_7F_CURRENTQCNT,참고/미채택,,0,16,
원천.M14B.LFT.4ABLD122.7F_TO_4F_CURRENTQCNT,M14B.LFT.4ABLD122.7F_TO_4F_CURRENTQCNT,참고/미채택,,0,16,
원천.M14B.LFT.4ABLD122.TOTAL_CURRENTQCNT,M14B.LFT.4ABLD122.TOTAL_CURRENTQCNT,참고/미채택,,0,24,
원천.M14B.LFT.4ABLD131.4F_TO_7F_CURRENTQCNT,M14B.LFT.4ABLD131.4F_TO_7F_CURRENTQCNT,참고/미채택,,0,16,
원천.M14B.LFT.4ABLD131.7F_TO_4F_CURRENTQCNT,M14B.LFT.4ABLD131.7F_TO_4F_CURRENTQCNT,참고/미채택,,0,16,
원천.M14B.LFT.4ABLD131.TOTAL_CURRENTQCNT,M14B.LFT.4ABLD131.TOTAL_CURRENTQCNT,참고/미채택,,0,24,
원천.M14B.LFT.4ABLD132.4F_TO_7F_CURRENTQCNT,M14B.LFT.4ABLD132.4F_TO_7F_CURRENTQCNT,참고/미채택,,0,17,
원천.M14B.LFT.4ABLD132.7F_TO_4F_CURRENTQCNT,M14B.LFT.4ABLD132.7F_TO_4F_CURRENTQCNT,참고/미채택,,0,16,
원천.M14B.LFT.4ABLD132.TOTAL_CURRENTQCNT,M14B.LFT.4ABLD132.TOTAL_CURRENTQCNT,참고/미채택,,0,22,
원천.M14B.LFT.SENDFAB.TO_M14A_CURRENTQCNT,M14B.LFT.SENDFAB.TO_M14A_CURRENTQCNT,이번 룰 점수 입력,파생.M14B.M14A행 현재물량,29,679,
원천.M14B.LFT.SENDFAB.TO_M16HUB_CURRENTQCNT,M14B.LFT.SENDFAB.TO_M16HUB_CURRENTQCNT,참고/미채택,,29,300,
원천.M14B.OHT.ALERT.OHTMCPALARMCNT,M14B.OHT.ALERT.OHTMCPALARMCNT,참고/미채택,,29,4,
원천.M14B.QUE.ABN.AOTRANSDELAY,M14B.QUE.ABN.AOTRANSDELAY,참고/미채택,,36870,3,
원천.M14B.QUE.ALL.7F_TO_HUB_JOB,M14B.QUE.ALL.7F_TO_HUB_JOB,이번 룰 점수 입력,파생.M14B.HUB행 현재물량,29,267,
원천.M14B.QUE.ALL.7F_TO_HUB_JOB_ALT,M14B.QUE.ALL.7F_TO_HUB_JOB_ALT,이번 룰 점수 입력,파생.M14B.HUB행 ALT대기,29,219,
원천.M14B.QUE.ALL.CURRENTQCNT,M14B.QUE.ALL.CURRENTQCNT,이번 룰 점수 입력,파생.M14B.현재 영역 물량 ; 파생.M14B.최근10분 물량 증가율 ; 파생.M14B.직전5분 대비 Queue 증가율,29,924,
원천.M14B.QUE.ALL.CURRENTQCOMPLETED,M14B.QUE.ALL.CURRENTQCOMPLETED,이번 룰 점수 입력,파생.M14B.과거처리수준 대비 완료감소율 ; 파생.M14B.최근10분 생성대비 완료부족률,29,545,
원천.M14B.QUE.ALL.CURRENTQCREATED,M14B.QUE.ALL.CURRENTQCREATED,이번 룰 점수 입력,파생.M14B.최근10분 생성대비 완료부족률,29,680,
원천.M14B.QUE.LFT.ALLTOLFTCURRENTQCNT,M14B.QUE.LFT.ALLTOLFTCURRENTQCNT,참고/미채택,,0,318,
원천.M14B.QUE.LFT.LFTTOALLCURRENTQCNT,M14B.QUE.LFT.LFTTOALLCURRENTQCNT,참고/미채택,,0,107,
원천.M14B.QUE.LFT.M14BTOM16ACURRNETQCNT,M14B.QUE.LFT.M14BTOM16ACURRNETQCNT,참고/미채택,,0,341,
원천.M14B.QUE.LOAD.AVGLOADTIME,M14B.QUE.LOAD.AVGLOADTIME,참고/미채택,,27,963,
원천.M14B.QUE.LOAD.AVGLOADTIME1MIN,M14B.QUE.LOAD.AVGLOADTIME1MIN,참고/미채택,,27,2058,
원천.M14B.QUE.LOAD.CURRENTLOADQCNT,M14B.QUE.LOAD.CURRENTLOADQCNT,참고/미채택,,29,201,
원천.M14B.QUE.OHT.7F_TO_HUB_CMD,M14B.QUE.OHT.7F_TO_HUB_CMD,참고/미채택,,29,48,
원천.M14B.QUE.OHT.CURRENTOHTQCNT,M14B.QUE.OHT.CURRENTOHTQCNT,참고/미채택,,29,356,
원천.M14B.QUE.OHT.OHTUTIL,M14B.QUE.OHT.OHTUTIL,이번 룰 점수 입력,파생.M14B.직전5분 대비 OHT가동률 하락폭,29,2206,
원천.M14B.QUE.SENDFAB.VERTICALQUEUECOUNT,M14B.QUE.SENDFAB.VERTICALQUEUECOUNT,참고/미채택,,29,588,
원천.M14B.QUE.TIME.AVGTOTALTIME,M14B.QUE.TIME.AVGTOTALTIME,참고/미채택,,27,1058,
원천.M14B.QUE.TIME.AVGTOTALTIME1MIN,M14B.QUE.TIME.AVGTOTALTIME1MIN,이번 룰 점수 입력,파생.M14B.완료반송시간 3분 중앙값,29,1909,
원천.M14B.SORTER.ABN.CUSORTERWAITCOUNTOVER,M14B.SORTER.ABN.CUSORTERWAITCOUNTOVER,제외: CU Sorter 별개 장비; 이번 버전 미평가,,29,374,
원천.M14B.SORTER.ABN.SORTERWAITCOUNTOVER,M14B.SORTER.ABN.SORTERWAITCOUNTOVER,이번 룰 점수 입력,파생.M14B.normal Sorter대기 5분중앙값,29,755,
원천.M14B.SORTER.ABN.SORTERWAITCOUNTOVER_B01,M14B.SORTER.ABN.SORTERWAITCOUNTOVER_B01,참고/미채택,,29,2,
원천.M16A.LFT.SENDFAB.TO_M16B_CURRENTQCNT,M16A.LFT.SENDFAB.TO_M16B_CURRENTQCNT,이번 룰 점수 입력,파생.M16A.M16B행 현재물량,29,530,
원천.M16A.LFT.SENDFAB.TO_M16E_CURRENTQCNT,M16A.LFT.SENDFAB.TO_M16E_CURRENTQCNT,참고/미채택,,29,100,
원천.M16A.LFT.SENDFAB.TO_M16HUB_CURRENTQCNT,M16A.LFT.SENDFAB.TO_M16HUB_CURRENTQCNT,참고/미채택,,29,640,
원천.M16A.QUE.ABN.AOTRANSDELAY,M16A.QUE.ABN.AOTRANSDELAY,참고/미채택,,36870,3,
원천.M16A.QUE.ALL.2F_TO_6F_JOB,M16A.QUE.ALL.2F_TO_6F_JOB,참고/미채택,,29,74,
원천.M16A.QUE.ALL.2F_TO_HUB_JOB,M16A.QUE.ALL.2F_TO_HUB_JOB,참고/미채택,,29,45,
원천.M16A.QUE.ALL.2F_TO_HUB_JOB_ALT,M16A.QUE.ALL.2F_TO_HUB_JOB_ALT,참고/미채택,,29,18,
원천.M16A.QUE.ALL.6F_TO_2F_JOB,M16A.QUE.ALL.6F_TO_2F_JOB,참고/미채택,,29,72,
원천.M16A.QUE.ALL.6F_TO_HUB_JOB,M16A.QUE.ALL.6F_TO_HUB_JOB,이번 룰 점수 입력,파생.M16A.HUB행 현재물량,29,627,
원천.M16A.QUE.ALL.6F_TO_HUB_JOB_ALT,M16A.QUE.ALL.6F_TO_HUB_JOB_ALT,이번 룰 점수 입력,파생.M16A.HUB행 ALT대기,29,522,
원천.M16A.QUE.ALL.CURRENTQCNT,M16A.QUE.ALL.CURRENTQCNT,이번 룰 점수 입력,파생.M16A.현재 영역 물량 ; 파생.M16A.최근10분 물량 증가율 ; 파생.M16A.직전5분 대비 Queue 증가율,29,1209,
원천.M16A.QUE.ALL.CURRENTQCOMPLETED,M16A.QUE.ALL.CURRENTQCOMPLETED,이번 룰 점수 입력,파생.M16A.과거처리수준 대비 완료감소율 ; 파생.M16A.최근10분 생성대비 완료부족률,29,495,
원천.M16A.QUE.ALL.CURRENTQCREATED,M16A.QUE.ALL.CURRENTQCREATED,이번 룰 점수 입력,파생.M16A.최근10분 생성대비 완료부족률,29,559,
원천.M16A.QUE.ALL.TRANSPORT4MINOVERCNT,M16A.QUE.ALL.TRANSPORT4MINOVERCNT,참고/미채택,,27,153,
원천.M16A.QUE.ALL.TRANSPORT4MINOVERRATIO,M16A.QUE.ALL.TRANSPORT4MINOVERRATIO,이번 룰 점수 입력,파생.M16A.4분초과율 3분 중앙값,27,1316,
원천.M16A.QUE.ALL.TRANSPORT4MINOVERTIMEAVG,M16A.QUE.ALL.TRANSPORT4MINOVERTIMEAVG,참고/미채택,,27,374,
원천.M16A.QUE.CNV.ALLTONORTHCNVCURRENTQCNT,M16A.QUE.CNV.ALLTONORTHCNVCURRENTQCNT,참고/미채택,,0,89,
원천.M16A.QUE.CNV.ALLTOSOUTHCNVCURRENTQCNT,M16A.QUE.CNV.ALLTOSOUTHCNVCURRENTQCNT,참고/미채택,,0,67,
원천.M16A.QUE.CNV.M16ATOM14ACURRNETQCNT,M16A.QUE.CNV.M16ATOM14ACURRNETQCNT,참고/미채택,,0,258,
원천.M16A.QUE.CNV.M16ATOM14BCURRNETQCNT,M16A.QUE.CNV.M16ATOM14BCURRNETQCNT,참고/미채택,,0,370,
원천.M16A.QUE.CNV.M16TOM14ACURRNETQCNT,M16A.QUE.CNV.M16TOM14ACURRNETQCNT,참고/미채택,,0,378,
원천.M16A.QUE.CNV.M16TOM14BCURRNETQCNT,M16A.QUE.CNV.M16TOM14BCURRNETQCNT,참고/미채택,,0,383,
원천.M16A.QUE.CNV.NORTHCNVTOALLCURRENTQCNT,M16A.QUE.CNV.NORTHCNVTOALLCURRENTQCNT,참고/미채택,,0,106,
원천.M16A.QUE.CNV.SOUTHCNVTOALLCURRENTQCNT,M16A.QUE.CNV.SOUTHCNVTOALLCURRENTQCNT,참고/미채택,,0,106,
원천.M16A.QUE.LFT.2F_LFT_MAXCAPA,M16A.QUE.LFT.2F_LFT_MAXCAPA,참고/미채택,,29,4,
원천.M16A.QUE.LFT.6F_LFT_MAXCAPA,M16A.QUE.LFT.6F_LFT_MAXCAPA,참고/미채택,,29,50,
원천.M16A.QUE.LFT.ALLTOLFTCURRENTQCNT,M16A.QUE.LFT.ALLTOLFTCURRENTQCNT,참고/미채택,,0,355,
원천.M16A.QUE.LFT.LFTTOALLCURRENTQCNT,M16A.QUE.LFT.LFTTOALLCURRENTQCNT,참고/미채택,,0,144,
원천.M16A.QUE.LOAD.AVGFOUPLOADTIME,M16A.QUE.LOAD.AVGFOUPLOADTIME,참고/미채택,,27,765,
원천.M16A.QUE.LOAD.AVGLOADTIME1MIN,M16A.QUE.LOAD.AVGLOADTIME1MIN,이번 룰 점수 입력,파생.M16A.완료반송시간 3분 중앙값,84,1163,
원천.M16A.QUE.LOAD.CURRENTLOADQCNT,M16A.QUE.LOAD.CURRENTLOADQCNT,참고/미채택,,29,163,
원천.M16A.QUE.OHT.2F_TO_HUB_CMD,M16A.QUE.OHT.2F_TO_HUB_CMD,참고/미채택,,29,41,
원천.M16A.QUE.OHT.6F_TO_HUB_CMD,M16A.QUE.OHT.6F_TO_HUB_CMD,참고/미채택,,29,105,
원천.M16A.QUE.OHT.CURRENTOHTQCNT,M16A.QUE.OHT.CURRENTOHTQCNT,참고/미채택,,29,371,
원천.M16A.QUE.OHT.OHTUTIL,M16A.QUE.OHT.OHTUTIL,이번 룰 점수 입력,파생.M16A.직전5분 대비 OHT가동률 하락폭,29,2222,
원천.M16A.SORTER.ABN.CUSORTERWAITCOUNTOVER,M16A.SORTER.ABN.CUSORTERWAITCOUNTOVER,제외: CU Sorter 별개 장비; 이번 버전 미평가,,180,159,
원천.M16A.SORTER.ABN.SORTERWAITCOUNTOVER,M16A.SORTER.ABN.SORTERWAITCOUNTOVER,이번 룰 점수 입력,파생.M16A.normal Sorter대기 5분중앙값,29,189,
원천.M16B.LFT.SENDFAB.TO_M16A_CURRENTQCNT,M16B.LFT.SENDFAB.TO_M16A_CURRENTQCNT,이번 룰 점수 입력,파생.M16B.M16A행 현재물량,29,218,
원천.M16B.QUE.ABN.AOTRANSDELAY,M16B.QUE.ABN.AOTRANSDELAY,참고/미채택,,36870,3,
원천.M16B.QUE.ALL.10F_TO_HUB_JOB,M16B.QUE.ALL.10F_TO_HUB_JOB,참고/미채택,,29,75,
원천.M16B.QUE.ALL.CURRENTQCNT,M16B.QUE.ALL.CURRENTQCNT,이번 룰 점수 입력,파생.M16B.현재 영역 물량 ; 파생.M16B.최근10분 물량 증가율 ; 파생.M16B.직전5분 대비 Queue 증가율,29,536,
원천.M16B.QUE.ALL.CURRENTQCOMPLETED,M16B.QUE.ALL.CURRENTQCOMPLETED,이번 룰 점수 입력,파생.M16B.과거처리수준 대비 완료감소율 ; 파생.M16B.최근10분 생성대비 완료부족률,29,515,
원천.M16B.QUE.ALL.CURRENTQCREATED,M16B.QUE.ALL.CURRENTQCREATED,이번 룰 점수 입력,파생.M16B.최근10분 생성대비 완료부족률,29,531,
원천.M16B.QUE.ALL.TRANSPORT4MINOVERCNT,M16B.QUE.ALL.TRANSPORT4MINOVERCNT,참고/미채택,,27,237,
원천.M16B.QUE.ALL.TRANSPORT4MINOVERRATIO,M16B.QUE.ALL.TRANSPORT4MINOVERRATIO,이번 룰 점수 입력,파생.M16B.4분초과율 3분 중앙값,27,1742,
원천.M16B.QUE.ALL.TRANSPORT4MINOVERTIMEAVG,M16B.QUE.ALL.TRANSPORT4MINOVERTIMEAVG,참고/미채택,,27,239,
원천.M16B.QUE.LOAD.AVGFOUPLOADTIME,M16B.QUE.LOAD.AVGFOUPLOADTIME,참고/미채택,,27,1026,
원천.M16B.QUE.LOAD.AVGLOADTIME1MIN,M16B.QUE.LOAD.AVGLOADTIME1MIN,이번 룰 점수 입력,파생.M16B.완료반송시간 3분 중앙값,55,1628,
원천.M16B.QUE.LOAD.CURRENTLOADQCNT,M16B.QUE.LOAD.CURRENTLOADQCNT,참고/미채택,,29,234,
원천.M16B.QUE.OHT.CURRENTOHTQCNT,M16B.QUE.OHT.CURRENTOHTQCNT,참고/미채택,,29,412,
원천.M16B.QUE.OHT.OHTUTIL,M16B.QUE.OHT.OHTUTIL,이번 룰 점수 입력,파생.M16B.직전5분 대비 OHT가동률 하락폭,29,2742,
원천.M16B.SORTER.ABN.CUSORTERWAITCOUNTOVER,M16B.SORTER.ABN.CUSORTERWAITCOUNTOVER,제외: CU Sorter 별개 장비; 이번 버전 미평가,,180,159,
원천.M16B.SORTER.ABN.SORTERWAITCOUNTOVER,M16B.SORTER.ABN.SORTERWAITCOUNTOVER,이번 룰 점수 입력,파생.M16B.normal Sorter대기 5분중앙값,29,109,
원천.M16.CNV.SENDFAB.TO_M16WT_CURRENTQCNT,M16.CNV.SENDFAB.TO_M16WT_CURRENTQCNT,참고/미채택,,25,50,
원천.M16.QUE.SFAB.COMPLETEQUEUETOTAL,M16.QUE.SFAB.COMPLETEQUEUETOTAL,참고/미채택,,0,47,
원천.M16.QUE.SFAB.COMPLETETOM10,M16.QUE.SFAB.COMPLETETOM10,참고/미채택,,0,22,
원천.M16.QUE.SFAB.COMPLETETOM14,M16.QUE.SFAB.COMPLETETOM14,참고/미채택,,0,36,
원천.M16.QUE.SFAB.RECEIVEQUEUETOTAL,M16.QUE.SFAB.RECEIVEQUEUETOTAL,참고/미채택,,0,33,
원천.M16.QUE.SFAB.RETURNQUEUETOTAL,M16.QUE.SFAB.RETURNQUEUETOTAL,참고/미채택,,0,26,
원천.M16.QUE.SFAB.RETURNTOM10,M16.QUE.SFAB.RETURNTOM10,참고/미채택,,0,2,
원천.M16.QUE.SFAB.RETURNTOM14,M16.QUE.SFAB.RETURNTOM14,참고/미채택,,0,24,
원천.M16.QUE.SFAB.SENDQUEUETOTAL,M16.QUE.SFAB.SENDQUEUETOTAL,참고/미채택,,0,69,
원천.M16.QUE.SFAB.SENDTOM10,M16.QUE.SFAB.SENDTOM10,참고/미채택,,0,35,
원천.M16.QUE.SFAB.SENDTOM14,M16.QUE.SFAB.SENDTOM14,참고/미채택,,0,48,
원천.M16_PKT.OHT.ALERT.OHTMCPALARMCNT,M16_PKT.OHT.ALERT.OHTMCPALARMCNT,사용자 제외,,29,3,
원천.M16_PKT.QUE.ABN.AOTRANSDELAY,M16_PKT.QUE.ABN.AOTRANSDELAY,사용자 제외,,36870,4,
원천.M16_PKT.QUE.OHT.OHTUTIL,M16_PKT.QUE.OHT.OHTUTIL,사용자 제외,,29,98,
원천.M16_PKT.QUE.TIME.AVGTOTALTIME1MIN,M16_PKT.QUE.TIME.AVGTOTALTIME1MIN,사용자 제외,,27,3852,
원천.M16_WT.OHT.ALERT.OHTMCPALARMCNT,M16_WT.OHT.ALERT.OHTMCPALARMCNT,사용자 제외,,29,3,
원천.M16_WT.QUE.ABN.AOTRANSDELAY,M16_WT.QUE.ABN.AOTRANSDELAY,사용자 제외,,36870,3,
원천.M16_WT.QUE.OHT.OHTUTIL,M16_WT.QUE.OHT.OHTUTIL,사용자 제외,,29,331,
원천.M16_WT.QUE.TIME.AVGTOTALTIME1MIN,M16_WT.QUE.TIME.AVGTOTALTIME1MIN,사용자 제외,,532,2207,
원천.M16HUB->MLUD_PIOERROR_DEPOSITED,M16HUB->MLUD_PIOERROR_DEPOSITED,이번 룰 점수 입력,파생.M16HUB.MLUD행 PIO 최근5분 합,0,7,
원천.M16HUB->M14B_PIOERROR_DEPOSITED,M16HUB->M14B_PIOERROR_DEPOSITED,이번 룰 점수 입력,파생.M16HUB.M14B행 PIO 최근5분 합,0,5,
원천.M16HUB<-M14B_PIOERROR_DEPOSITED,M16HUB<-M14B_PIOERROR_DEPOSITED,이번 룰 점수 입력,파생.M14B.HUB행 PIO 최근5분 합,0,9,
원천.M16HUB->M14A_PIOERROR_DEPOSITED,M16HUB->M14A_PIOERROR_DEPOSITED,이번 룰 점수 입력,파생.M16HUB.M14A행 PIO 최근5분 합,0,6,
원천.M16HUB<-M14A_PIOERROR_DEPOSITED,M16HUB<-M14A_PIOERROR_DEPOSITED,이번 룰 점수 입력,파생.M14A.HUB행 PIO 최근5분 합,0,7,
원천.M16HUB->M16A_PIOERROR_DEPOSITED,M16HUB->M16A_PIOERROR_DEPOSITED,이번 룰 점수 입력,파생.M16HUB.M16A행 PIO 최근5분 합,0,11,
원천.M16HUB<-M16A_PIOERROR_DEPOSITED,M16HUB<-M16A_PIOERROR_DEPOSITED,이번 룰 점수 입력,파생.M16A.HUB행 PIO 최근5분 합,0,16,
원천.M16A->M16B_PIOERROR_DEPOSITED,M16A->M16B_PIOERROR_DEPOSITED,이번 룰 점수 입력,파생.M16A.M16B행 PIO 최근5분 합,0,5,
원천.M16B->M16A_PIOERROR_DEPOSITED,M16B->M16A_PIOERROR_DEPOSITED,이번 룰 점수 입력,파생.M16B.M16A행 PIO 최근5분 합,0,5,
원천.M14A->M14B_PIOERROR_DEPOSITED,M14A->M14B_PIOERROR_DEPOSITED,이번 룰 점수 입력,파생.M14A.M14B행 PIO 최근5분 합,0,11,
원천.M14A<-M14B_PIOERROR_DEPOSITED,M14A<-M14B_PIOERROR_DEPOSITED,이번 룰 점수 입력,파생.M14B.M14A행 PIO 최근5분 합,0,13,
원천.M14A->M10A_PIOERROR_DEPOSITED,M14A->M10A_PIOERROR_DEPOSITED,참고/미채택 / 변별력 없음,,0,1,
