file,datetime,date,time,stage,stage_name,prev_stage,transition,reason
90min.csv,2026-05-07 00:00,2026-05-07,00:00,,이벤트없음,,,
90min.csv,2026-05-07 00:01,2026-05-07,00:01,1,1단계 조기경보,0,0→1,1MIN ≥9분이 2회
90min.csv,2026-05-07 00:02,2026-05-07,00:02,1,1단계 조기경보,1,,1MIN ≥9분이 2회
90min.csv,2026-05-07 00:03,2026-05-07,00:03,1,1단계 조기경보,1,,1MIN ≥9분이 2회
90min.csv,2026-05-07 00:04,2026-05-07,00:04,1,1단계 조기경보,1,,1MIN ≥9분이 2회
90min.csv,2026-05-07 00:05,2026-05-07,00:05,1,1단계 조기경보,1,,1MIN ≥9분이 2회
90min.csv,2026-05-07 00:06,2026-05-07,00:06,1,1단계 조기경보,1,,1MIN ≥9분이 2회
90min.csv,2026-05-07 00:07,2026-05-07,00:07,1,1단계 조기경보,1,,1MIN ≥9분이 3회
90min.csv,2026-05-07 00:08,2026-05-07,00:08,1,1단계 조기경보,1,,1MIN ≥9분이 3회
90min.csv,2026-05-07 00:09,2026-05-07,00:09,1,1단계 조기경보,1,,1MIN ≥9분이 4회
90min.csv,2026-05-07 00:10,2026-05-07,00:10,1,1단계 조기경보,1,,1MIN ≥9분이 4회
90min.csv,2026-05-07 00:11,2026-05-07,00:11,1,1단계 조기경보,1,,1MIN ≥9분이 4회
90min.csv,2026-05-07 00:12,2026-05-07,00:12,1,1단계 조기경보,1,,1MIN ≥9분이 4회
90min.csv,2026-05-07 00:13,2026-05-07,00:13,1,1단계 조기경보,1,,1MIN ≥9분이 5회
90min.csv,2026-05-07 00:14,2026-05-07,00:14,1,1단계 조기경보,1,,1MIN ≥9분이 5회
90min.csv,2026-05-07 00:15,2026-05-07,00:15,1,1단계 조기경보,1,,1MIN ≥9분이 5회
90min.csv,2026-05-07 00:16,2026-05-07,00:16,1,1단계 조기경보,1,,1MIN ≥9분이 5회
90min.csv,2026-05-07 00:17,2026-05-07,00:17,1,1단계 조기경보,1,,1MIN ≥9분이 5회
90min.csv,2026-05-07 00:18,2026-05-07,00:18,1,1단계 조기경보,1,,1MIN ≥9분이 5회
90min.csv,2026-05-07 00:19,2026-05-07,00:19,1,1단계 조기경보,1,,1MIN ≥9분이 5회
90min.csv,2026-05-07 00:20,2026-05-07,00:20,1,1단계 조기경보,1,,1MIN ≥9분이 5회
90min.csv,2026-05-07 00:21,2026-05-07,00:21,1,1단계 조기경보,1,,1MIN ≥9분이 5회
90min.csv,2026-05-07 00:22,2026-05-07,00:22,1,1단계 조기경보,1,,1MIN ≥9분이 5회
90min.csv,2026-05-07 00:23,2026-05-07,00:23,1,1단계 조기경보,1,,1MIN ≥9분이 5회
90min.csv,2026-05-07 00:24,2026-05-07,00:24,1,1단계 조기경보,1,,1MIN ≥9분이 5회
90min.csv,2026-05-07 00:25,2026-05-07,00:25,1,1단계 조기경보,1,,1MIN ≥9분이 5회
90min.csv,2026-05-07 00:26,2026-05-07,00:26,1,1단계 조기경보,1,,1MIN ≥9분이 5회
90min.csv,2026-05-07 00:27,2026-05-07,00:27,1,1단계 조기경보,1,,1MIN ≥9분이 5회
90min.csv,2026-05-07 00:28,2026-05-07,00:28,2,2단계 주의보,1,1→2,M14→M16 +30 (10분간 fast)
90min.csv,2026-05-07 00:29,2026-05-07,00:29,1,1단계 조기경보,2,2→1,1MIN ≥9분이 5회
90min.csv,2026-05-07 00:30,2026-05-07,00:30,2,2단계 주의보,1,1→2,M14→M16 +30 (10분간 fast)
90min.csv,2026-05-07 00:31,2026-05-07,00:31,2,2단계 주의보,2,,M14→M16 +46 (10분간 fast)
90min.csv,2026-05-07 00:32,2026-05-07,00:32,2,2단계 주의보,2,,M14→M16 +41 (10분간 fast)
90min.csv,2026-05-07 00:33,2026-05-07,00:33,2,2단계 주의보,2,,M14→M16 +39 (10분간 fast)
90min.csv,2026-05-07 00:34,2026-05-07,00:34,2,2단계 주의보,2,,M14→M16 +34 (10분간 fast)
90min.csv,2026-05-07 00:35,2026-05-07,00:35,2,2단계 주의보,2,,M14→M16 +42 (10분간 fast)
90min.csv,2026-05-07 00:36,2026-05-07,00:36,2,2단계 주의보,2,,M14→M16 +47 (10분간 fast)
90min.csv,2026-05-07 00:37,2026-05-07,00:37,1,1단계 조기경보,2,2→1,1MIN ≥9분이 3회
90min.csv,2026-05-07 00:38,2026-05-07,00:38,1,1단계 조기경보,1,,1MIN ≥9분이 4회
90min.csv,2026-05-07 00:39,2026-05-07,00:39,1,1단계 조기경보,1,,1MIN ≥9분이 3회
90min.csv,2026-05-07 00:40,2026-05-07,00:40,1,1단계 조기경보,1,,1MIN ≥9분이 3회
90min.csv,2026-05-07 00:41,2026-05-07,00:41,1,1단계 조기경보,1,,1MIN ≥9분이 2회
90min.csv,2026-05-07 00:42,2026-05-07,00:42,1,1단계 조기경보,1,,1MIN ≥9분이 2회
90min.csv,2026-05-07 00:43,2026-05-07,00:43,1,1단계 조기경보,1,,1MIN ≥9분이 2회
90min.csv,2026-05-07 00:44,2026-05-07,00:44,1,1단계 조기경보,1,,1MIN ≥9분이 2회
90min.csv,2026-05-07 00:45,2026-05-07,00:45,1,1단계 조기경보,1,,1MIN ≥9분이 2회
90min.csv,2026-05-07 00:46,2026-05-07,00:46,1,1단계 조기경보,1,,1MIN ≥6분 지속
90min.csv,2026-05-07 00:47,2026-05-07,00:47,1,1단계 조기경보,1,,1MIN ≥9분이 2회
90min.csv,2026-05-07 00:48,2026-05-07,00:48,1,1단계 조기경보,1,,1MIN ≥6분 지속
90min.csv,2026-05-07 00:49,2026-05-07,00:49,1,1단계 조기경보,1,,1MIN ≥9분이 2회
90min.csv,2026-05-07 00:50,2026-05-07,00:50,1,1단계 조기경보,1,,1MIN ≥9분이 2회
90min.csv,2026-05-07 00:51,2026-05-07,00:51,1,1단계 조기경보,1,,1MIN ≥9분이 2회
90min.csv,2026-05-07 00:52,2026-05-07,00:52,2,2단계 주의보,1,1→2,M14→M16 +33 (10분간 fast)
90min.csv,2026-05-07 00:53,2026-05-07,00:53,2,2단계 주의보,2,,M14→M16 +33 (10분간 fast)
90min.csv,2026-05-07 00:54,2026-05-07,00:54,2,2단계 주의보,2,,M14→M16 +53 (10분간 fast)
90min.csv,2026-05-07 00:55,2026-05-07,00:55,2,2단계 주의보,2,,M14→M16 +70 (10분간 fast)
90min.csv,2026-05-07 00:56,2026-05-07,00:56,2,2단계 주의보,2,,M14→M16 +71 (10분간 fast)
90min.csv,2026-05-07 00:57,2026-05-07,00:57,2,2단계 주의보,2,,M14→M16 +72 (10분간 fast)
90min.csv,2026-05-07 00:58,2026-05-07,00:58,2,2단계 주의보,2,,M14→M16 +72 (10분간 fast)
90min.csv,2026-05-07 00:59,2026-05-07,00:59,2,2단계 주의보,2,,M14→M16 +45 (10분간 fast)
90min.csv,2026-05-07 01:00,2026-05-07,01:00,1,1단계 조기경보,2,2→1,1MIN ≥9분이 2회
90min.csv,2026-05-07 01:01,2026-05-07,01:01,1,1단계 조기경보,1,,1MIN ≥9분이 2회
90min.csv,2026-05-07 01:02,2026-05-07,01:02,1,1단계 조기경보,1,,1MIN ≥9분이 2회
90min.csv,2026-05-07 01:03,2026-05-07,01:03,1,1단계 조기경보,1,,1MIN ≥9분이 2회
90min.csv,2026-05-07 01:04,2026-05-07,01:04,1,1단계 조기경보,1,,1MIN ≥9분이 2회
90min.csv,2026-05-07 01:05,2026-05-07,01:05,1,1단계 조기경보,1,,1MIN ≥9분이 2회
90min.csv,2026-05-07 01:06,2026-05-07,01:06,1,1단계 조기경보,1,,1MIN ≥9분이 2회
90min.csv,2026-05-07 01:07,2026-05-07,01:07,1,1단계 조기경보,1,,1MIN ≥6분 지속
90min.csv,2026-05-07 01:08,2026-05-07,01:08,1,1단계 조기경보,1,,1MIN ≥6분 지속
90min.csv,2026-05-07 01:09,2026-05-07,01:09,1,1단계 조기경보,1,,1MIN ≥6분 지속
90min.csv,2026-05-07 01:10,2026-05-07,01:10,1,1단계 조기경보,1,,1MIN ≥6분 지속
90min.csv,2026-05-07 01:11,2026-05-07,01:11,1,1단계 조기경보,1,,1MIN ≥6분 지속
90min.csv,2026-05-07 01:12,2026-05-07,01:12,,이벤트없음,,,
90min.csv,2026-05-07 01:13,2026-05-07,01:13,2,2단계 주의보,0,0→2,M14→M16 +30 (10분간 fast)
90min.csv,2026-05-07 01:14,2026-05-07,01:14,2,2단계 주의보,2,,M14→M16 +46 (10분간 fast)
90min.csv,2026-05-07 01:15,2026-05-07,01:15,2,2단계 주의보,2,,M14→M16 +39 (10분간 fast)
90min.csv,2026-05-07 01:16,2026-05-07,01:16,2,2단계 주의보,2,,M14→M16 +42 (10분간 fast)
90min.csv,2026-05-07 01:17,2026-05-07,01:17,,이벤트없음,,,
90min.csv,2026-05-07 01:18,2026-05-07,01:18,,이벤트없음,,,
90min.csv,2026-05-07 01:19,2026-05-07,01:19,,이벤트없음,,,
90min.csv,2026-05-07 01:20,2026-05-07,01:20,1,1단계 조기경보,0,0→1,1MIN ≥6분 지속
90min.csv,2026-05-07 01:21,2026-05-07,01:21,1,1단계 조기경보,1,,1MIN ≥6분 지속
90min.csv,2026-05-07 01:22,2026-05-07,01:22,1,1단계 조기경보,1,,1MIN ≥6분 지속
90min.csv,2026-05-07 01:23,2026-05-07,01:23,1,1단계 조기경보,1,,1MIN ≥6분 지속
90min.csv,2026-05-07 01:24,2026-05-07,01:24,1,1단계 조기경보,1,,1MIN ≥6분 지속
90min.csv,2026-05-07 01:25,2026-05-07,01:25,,이벤트없음,,,
90min.csv,2026-05-07 01:26,2026-05-07,01:26,,이벤트없음,,,
90min.csv,2026-05-07 01:27,2026-05-07,01:27,,이벤트없음,,,
90min.csv,2026-05-07 01:28,2026-05-07,01:28,,이벤트없음,,,
90min.csv,2026-05-07 01:29,2026-05-07,01:29,,이벤트없음,,,
90min.csv,2026-05-07 01:30,2026-05-07,01:30,,이벤트없음,,,
90min.csv,2026-05-07 01:31,2026-05-07,01:31,1,1단계 조기경보,0,0→1,1MIN ≥6분 지속
90min.csv,2026-05-07 01:32,2026-05-07,01:32,,이벤트없음,,,
90min.csv,2026-05-07 01:33,2026-05-07,01:33,1,1단계 조기경보,0,0→1,1MIN ≥6분 지속
90min.csv,2026-05-07 01:34,2026-05-07,01:34,,이벤트없음,,,
90min.csv,2026-05-07 01:35,2026-05-07,01:35,,이벤트없음,,,
90min.csv,2026-05-07 01:36,2026-05-07,01:36,,이벤트없음,,,
90min.csv,2026-05-07 01:37,2026-05-07,01:37,,이벤트없음,,,
90min.csv,2026-05-07 01:38,2026-05-07,01:38,,이벤트없음,,,
90min.csv,2026-05-07 01:39,2026-05-07,01:39,,이벤트없음,,,
90min.csv,2026-05-07 01:40,2026-05-07,01:40,2,2단계 주의보,0,0→2,M14→M16 +41 (10분간 fast)
90min.csv,2026-05-07 01:41,2026-05-07,01:41,,이벤트없음,,,
90min.csv,2026-05-07 01:42,2026-05-07,01:42,2,2단계 주의보,0,0→2,M14→M16 +35 (10분간 fast)
90min.csv,2026-05-07 01:43,2026-05-07,01:43,2,2단계 주의보,2,,M14→M16 +31 (10분간 fast)
90min.csv,2026-05-07 01:44,2026-05-07,01:44,2,2단계 주의보,2,,M14→M16 +39 (10분간 fast)
90min.csv,2026-05-07 01:45,2026-05-07,01:45,,이벤트없음,,,
90min.csv,2026-05-07 01:46,2026-05-07,01:46,2,2단계 주의보,0,0→2,M14→M16 +32 (10분간 fast)
90min.csv,2026-05-07 01:47,2026-05-07,01:47,2,2단계 주의보,2,,M14→M16 +41 (10분간 fast)
90min.csv,2026-05-07 01:48,2026-05-07,01:48,2,2단계 주의보,2,,M14→M16 +33 (10분간 fast)
90min.csv,2026-05-07 01:49,2026-05-07,01:49,2,2단계 주의보,2,,M14→M16 +32 (10분간 fast)
90min.csv,2026-05-07 01:50,2026-05-07,01:50,,이벤트없음,,,
90min.csv,2026-05-07 01:51,2026-05-07,01:51,,이벤트없음,,,
90min.csv,2026-05-07 01:52,2026-05-07,01:52,,이벤트없음,,,
90min.csv,2026-05-07 01:53,2026-05-07,01:53,,이벤트없음,,,
90min.csv,2026-05-07 01:54,2026-05-07,01:54,,이벤트없음,,,
90min.csv,2026-05-07 01:55,2026-05-07,01:55,,이벤트없음,,,
90min.csv,2026-05-07 01:56,2026-05-07,01:56,,이벤트없음,,,
90min.csv,2026-05-07 01:57,2026-05-07,01:57,,이벤트없음,,,
90min.csv,2026-05-07 01:58,2026-05-07,01:58,,이벤트없음,,,
90min.csv,2026-05-07 01:59,2026-05-07,01:59,,이벤트없음,,,
90min.csv,2026-05-07 02:00,2026-05-07,02:00,,이벤트없음,,,
90min.csv,2026-05-07 02:01,2026-05-07,02:01,,이벤트없음,,,
90min.csv,2026-05-07 02:02,2026-05-07,02:02,,이벤트없음,,,
90min.csv,2026-05-07 02:03,2026-05-07,02:03,,이벤트없음,,,
90min.csv,2026-05-07 02:04,2026-05-07,02:04,,이벤트없음,,,
90min.csv,2026-05-07 02:05,2026-05-07,02:05,,이벤트없음,,,
90min.csv,2026-05-07 02:06,2026-05-07,02:06,,이벤트없음,,,
90min.csv,2026-05-07 02:07,2026-05-07,02:07,,이벤트없음,,,
90min.csv,2026-05-07 02:08,2026-05-07,02:08,1,1단계 조기경보,0,0→1,1MIN ≥6분 지속
90min.csv,2026-05-07 02:09,2026-05-07,02:09,,이벤트없음,,,
90min.csv,2026-05-07 02:10,2026-05-07,02:10,,이벤트없음,,,
90min.csv,2026-05-07 02:11,2026-05-07,02:11,2,2단계 주의보,0,0→2,M14→M16 +36 (10분간 fast)
90min.csv,2026-05-07 02:12,2026-05-07,02:12,2,2단계 주의보,2,,M14→M16 +32 (10분간 fast)
90min.csv,2026-05-07 02:13,2026-05-07,02:13,2,2단계 주의보,2,,M14→M16 +41 (10분간 fast)
90min.csv,2026-05-07 02:14,2026-05-07,02:14,2,2단계 주의보,2,,M14→M16 +56 (10분간 fast)
90min.csv,2026-05-07 02:15,2026-05-07,02:15,2,2단계 주의보,2,,M14→M16 +44 (10분간 fast)
90min.csv,2026-05-07 02:16,2026-05-07,02:16,2,2단계 주의보,2,,M14→M16 +30 (10분간 fast)
90min.csv,2026-05-07 02:17,2026-05-07,02:17,2,2단계 주의보,2,,M14→M16 +37 (10분간 fast)
90min.csv,2026-05-07 02:18,2026-05-07,02:18,2,2단계 주의보,2,,M14→M16 +31 (10분간 fast)
90min.csv,2026-05-07 02:19,2026-05-07,02:19,,이벤트없음,,,
90min.csv,2026-05-07 02:20,2026-05-07,02:20,,이벤트없음,,,
90min.csv,2026-05-07 02:21,2026-05-07,02:21,1,1단계 조기경보,0,0→1,1MIN ≥6분 지속
90min.csv,2026-05-07 02:22,2026-05-07,02:22,,이벤트없음,,,
90min.csv,2026-05-07 02:23,2026-05-07,02:23,1,1단계 조기경보,0,0→1,1MIN ≥6분 지속
90min.csv,2026-05-07 02:24,2026-05-07,02:24,1,1단계 조기경보,1,,1MIN ≥6분 지속
90min.csv,2026-05-07 02:25,2026-05-07,02:25,1,1단계 조기경보,1,,1MIN ≥6분 지속
90min.csv,2026-05-07 02:26,2026-05-07,02:26,1,1단계 조기경보,1,,1MIN ≥6분 지속
90min.csv,2026-05-07 02:27,2026-05-07,02:27,1,1단계 조기경보,1,,1MIN ≥6분 지속
90min.csv,2026-05-07 02:28,2026-05-07,02:28,1,1단계 조기경보,1,,1MIN ≥6분 지속
90min.csv,2026-05-07 02:29,2026-05-07,02:29,1,1단계 조기경보,1,,1MIN ≥6분 지속
90min.csv,2026-05-07 02:30,2026-05-07,02:30,1,1단계 조기경보,1,,1MIN ≥6분 지속
90min.csv,2026-05-07 02:31,2026-05-07,02:31,1,1단계 조기경보,1,,1MIN ≥6분 지속
90min.csv,2026-05-07 02:32,2026-05-07,02:32,1,1단계 조기경보,1,,1MIN ≥6분 지속
90min.csv,2026-05-07 02:33,2026-05-07,02:33,1,1단계 조기경보,1,,1MIN ≥6분 지속
90min.csv,2026-05-07 02:34,2026-05-07,02:34,1,1단계 조기경보,1,,1MIN ≥6분 지속
90min.csv,2026-05-07 02:35,2026-05-07,02:35,1,1단계 조기경보,1,,1MIN ≥6분 지속
90min.csv,2026-05-07 02:36,2026-05-07,02:36,1,1단계 조기경보,1,,1MIN ≥6분 지속
90min.csv,2026-05-07 02:37,2026-05-07,02:37,1,1단계 조기경보,1,,1MIN ≥6분 지속
90min.csv,2026-05-07 02:38,2026-05-07,02:38,1,1단계 조기경보,1,,1MIN ≥6분 지속
90min.csv,2026-05-07 02:39,2026-05-07,02:39,1,1단계 조기경보,1,,1MIN ≥6분 지속
90min.csv,2026-05-07 02:40,2026-05-07,02:40,1,1단계 조기경보,1,,1MIN ≥6분 지속
90min.csv,2026-05-07 02:41,2026-05-07,02:41,1,1단계 조기경보,1,,1MIN ≥6분 지속
90min.csv,2026-05-07 02:42,2026-05-07,02:42,1,1단계 조기경보,1,,1MIN ≥6분 지속
90min.csv,2026-05-07 02:43,2026-05-07,02:43,1,1단계 조기경보,1,,1MIN ≥6분 지속
90min.csv,2026-05-07 02:44,2026-05-07,02:44,1,1단계 조기경보,1,,1MIN ≥6분 지속
90min.csv,2026-05-07 02:45,2026-05-07,02:45,2,2단계 주의보,1,1→2,M14→M16 +31 (10분간 fast)
90min.csv,2026-05-07 02:46,2026-05-07,02:46,2,2단계 주의보,2,,M14→M16 +49 (10분간 fast)
90min.csv,2026-05-07 02:47,2026-05-07,02:47,2,2단계 주의보,2,,M14→M16 +45 (10분간 fast)
90min.csv,2026-05-07 02:48,2026-05-07,02:48,2,2단계 주의보,2,,M14→M16 +47 (10분간 fast)
90min.csv,2026-05-07 02:49,2026-05-07,02:49,2,2단계 주의보,2,,M14→M16 +39 (10분간 fast)
90min.csv,2026-05-07 02:50,2026-05-07,02:50,1,1단계 조기경보,2,2→1,1MIN ≥6분 지속
90min.csv,2026-05-07 02:51,2026-05-07,02:51,1,1단계 조기경보,1,,1MIN ≥6분 지속
90min.csv,2026-05-07 02:52,2026-05-07,02:52,1,1단계 조기경보,1,,1MIN ≥6분 지속
90min.csv,2026-05-07 02:53,2026-05-07,02:53,1,1단계 조기경보,1,,1MIN ≥6분 지속
90min.csv,2026-05-07 02:54,2026-05-07,02:54,1,1단계 조기경보,1,,1MIN ≥6분 지속
90min.csv,2026-05-07 02:55,2026-05-07,02:55,1,1단계 조기경보,1,,1MIN ≥6분 지속
90min.csv,2026-05-07 02:56,2026-05-07,02:56,,이벤트없음,,,
90min.csv,2026-05-07 02:57,2026-05-07,02:57,1,1단계 조기경보,0,0→1,1MIN ≥9분이 2회
90min.csv,2026-05-07 02:58,2026-05-07,02:58,1,1단계 조기경보,1,,1MIN ≥9분이 2회
90min.csv,2026-05-07 02:59,2026-05-07,02:59,1,1단계 조기경보,1,,1MIN ≥9분이 3회
90min.csv,2026-05-07 03:00,2026-05-07,03:00,1,1단계 조기경보,1,,1MIN ≥9분이 3회
90min.csv,2026-05-07 03:01,2026-05-07,03:01,1,1단계 조기경보,1,,1MIN ≥9분이 3회
90min.csv,2026-05-07 03:02,2026-05-07,03:02,1,1단계 조기경보,1,,1MIN ≥9분이 3회
90min.csv,2026-05-07 03:03,2026-05-07,03:03,1,1단계 조기경보,1,,1MIN ≥9분이 3회
90min.csv,2026-05-07 03:04,2026-05-07,03:04,1,1단계 조기경보,1,,1MIN ≥9분이 3회
90min.csv,2026-05-07 03:05,2026-05-07,03:05,1,1단계 조기경보,1,,1MIN ≥9분이 3회
90min.csv,2026-05-07 03:06,2026-05-07,03:06,1,1단계 조기경보,1,,1MIN ≥9분이 3회
90min.csv,2026-05-07 03:07,2026-05-07,03:07,1,1단계 조기경보,1,,1MIN ≥9분이 3회
90min.csv,2026-05-07 03:08,2026-05-07,03:08,1,1단계 조기경보,1,,1MIN ≥9분이 3회
90min.csv,2026-05-07 03:09,2026-05-07,03:09,1,1단계 조기경보,1,,1MIN ≥9분이 2회
90min.csv,2026-05-07 03:10,2026-05-07,03:10,1,1단계 조기경보,1,,1MIN ≥9분이 2회
90min.csv,2026-05-07 03:11,2026-05-07,03:11,1,1단계 조기경보,1,,1MIN ≥9분이 2회
90min.csv,2026-05-07 03:12,2026-05-07,03:12,1,1단계 조기경보,1,,1MIN ≥9분이 2회
90min.csv,2026-05-07 03:13,2026-05-07,03:13,1,1단계 조기경보,1,,1MIN ≥6분 지속
90min.csv,2026-05-07 03:14,2026-05-07,03:14,,이벤트없음,,,
90min.csv,2026-05-07 03:15,2026-05-07,03:15,,이벤트없음,,,
90min.csv,2026-05-07 03:16,2026-05-07,03:16,,이벤트없음,,,
90min.csv,2026-05-07 03:17,2026-05-07,03:17,,이벤트없음,,,
90min.csv,2026-05-07 03:18,2026-05-07,03:18,,이벤트없음,,,
90min.csv,2026-05-07 03:19,2026-05-07,03:19,,이벤트없음,,,
90min.csv,2026-05-07 03:20,2026-05-07,03:20,,이벤트없음,,,
90min.csv,2026-05-07 03:21,2026-05-07,03:21,,이벤트없음,,,
90min.csv,2026-05-07 03:22,2026-05-07,03:22,,이벤트없음,,,
90min.csv,2026-05-07 03:23,2026-05-07,03:23,,이벤트없음,,,
90min.csv,2026-05-07 03:24,2026-05-07,03:24,,이벤트없음,,,
90min.csv,2026-05-07 03:25,2026-05-07,03:25,,이벤트없음,,,
90min.csv,2026-05-07 03:26,2026-05-07,03:26,,이벤트없음,,,
90min.csv,2026-05-07 03:27,2026-05-07,03:27,,이벤트없음,,,
90min.csv,2026-05-07 03:28,2026-05-07,03:28,,이벤트없음,,,
90min.csv,2026-05-07 03:29,2026-05-07,03:29,,이벤트없음,,,
90min.csv,2026-05-07 03:30,2026-05-07,03:30,,이벤트없음,,,
90min.csv,2026-05-07 03:31,2026-05-07,03:31,,이벤트없음,,,
90min.csv,2026-05-07 03:32,2026-05-07,03:32,,이벤트없음,,,
90min.csv,2026-05-07 03:33,2026-05-07,03:33,,이벤트없음,,,
90min.csv,2026-05-07 03:34,2026-05-07,03:34,,이벤트없음,,,
90min.csv,2026-05-07 03:35,2026-05-07,03:35,,이벤트없음,,,
90min.csv,2026-05-07 03:36,2026-05-07,03:36,,이벤트없음,,,
90min.csv,2026-05-07 03:37,2026-05-07,03:37,,이벤트없음,,,
90min.csv,2026-05-07 03:38,2026-05-07,03:38,2,2단계 주의보,0,0→2,M14→M16 +30 (10분간 fast)
90min.csv,2026-05-07 03:39,2026-05-07,03:39,,이벤트없음,,,
90min.csv,2026-05-07 03:40,2026-05-07,03:40,,이벤트없음,,,
90min.csv,2026-05-07 03:41,2026-05-07,03:41,,이벤트없음,,,
90min.csv,2026-05-07 03:42,2026-05-07,03:42,,이벤트없음,,,
90min.csv,2026-05-07 03:43,2026-05-07,03:43,,이벤트없음,,,
90min.csv,2026-05-07 03:44,2026-05-07,03:44,,이벤트없음,,,
90min.csv,2026-05-07 03:45,2026-05-07,03:45,,이벤트없음,,,
90min.csv,2026-05-07 03:46,2026-05-07,03:46,1,1단계 조기경보,0,0→1,1MIN ≥6분 지속
90min.csv,2026-05-07 03:47,2026-05-07,03:47,,이벤트없음,,,
90min.csv,2026-05-07 03:48,2026-05-07,03:48,1,1단계 조기경보,0,0→1,1MIN ≥6분 지속
90min.csv,2026-05-07 03:49,2026-05-07,03:49,,이벤트없음,,,
90min.csv,2026-05-07 03:50,2026-05-07,03:50,1,1단계 조기경보,0,0→1,1MIN ≥6분 지속
90min.csv,2026-05-07 03:51,2026-05-07,03:51,,이벤트없음,,,
90min.csv,2026-05-07 03:52,2026-05-07,03:52,1,1단계 조기경보,0,0→1,1MIN ≥6분 지속
90min.csv,2026-05-07 03:53,2026-05-07,03:53,,이벤트없음,,,
90min.csv,2026-05-07 03:54,2026-05-07,03:54,1,1단계 조기경보,0,0→1,1MIN ≥6분 지속
90min.csv,2026-05-07 03:55,2026-05-07,03:55,,이벤트없음,,,
90min.csv,2026-05-07 03:56,2026-05-07,03:56,1,1단계 조기경보,0,0→1,1MIN ≥6분 지속
90min.csv,2026-05-07 03:57,2026-05-07,03:57,1,1단계 조기경보,1,,1MIN ≥6분 지속
90min.csv,2026-05-07 03:58,2026-05-07,03:58,1,1단계 조기경보,1,,1MIN ≥6분 지속
90min.csv,2026-05-07 03:59,2026-05-07,03:59,1,1단계 조기경보,1,,1MIN ≥6분 지속
90min.csv,2026-05-07 04:00,2026-05-07,04:00,1,1단계 조기경보,1,,1MIN ≥6분 지속
90min.csv,2026-05-07 04:01,2026-05-07,04:01,1,1단계 조기경보,1,,1MIN ≥6분 지속
90min.csv,2026-05-07 04:02,2026-05-07,04:02,1,1단계 조기경보,1,,1MIN ≥6분 지속
90min.csv,2026-05-07 04:03,2026-05-07,04:03,1,1단계 조기경보,1,,1MIN ≥6분 지속
90min.csv,2026-05-07 04:04,2026-05-07,04:04,1,1단계 조기경보,1,,1MIN ≥6분 지속
90min.csv,2026-05-07 04:05,2026-05-07,04:05,,이벤트없음,,,
90min.csv,2026-05-07 04:06,2026-05-07,04:06,1,1단계 조기경보,0,0→1,1MIN ≥6분 지속
90min.csv,2026-05-07 04:07,2026-05-07,04:07,,이벤트없음,,,
90min.csv,2026-05-07 04:08,2026-05-07,04:08,1,1단계 조기경보,0,0→1,1MIN ≥9분이 2회
90min.csv,2026-05-07 04:09,2026-05-07,04:09,1,1단계 조기경보,1,,1MIN ≥9분이 2회
90min.csv,2026-05-07 04:10,2026-05-07,04:10,2,2단계 주의보,1,1→2,M14→M16 +33 (10분간 fast)
90min.csv,2026-05-07 04:11,2026-05-07,04:11,1,1단계 조기경보,2,2→1,1MIN ≥9분이 3회
90min.csv,2026-05-07 04:12,2026-05-07,04:12,1,1단계 조기경보,1,,1MIN ≥9분이 3회
90min.csv,2026-05-07 04:13,2026-05-07,04:13,1,1단계 조기경보,1,,1MIN ≥9분이 4회
90min.csv,2026-05-07 04:14,2026-05-07,04:14,1,1단계 조기경보,1,,1MIN ≥9분이 4회
90min.csv,2026-05-07 04:15,2026-05-07,04:15,1,1단계 조기경보,1,,1MIN ≥9분이 4회
90min.csv,2026-05-07 04:16,2026-05-07,04:16,1,1단계 조기경보,1,,1MIN ≥9분이 3회
90min.csv,2026-05-07 04:17,2026-05-07,04:17,1,1단계 조기경보,1,,1MIN ≥9분이 4회
90min.csv,2026-05-07 04:18,2026-05-07,04:18,1,1단계 조기경보,1,,1MIN ≥9분이 3회
90min.csv,2026-05-07 04:19,2026-05-07,04:19,1,1단계 조기경보,1,,1MIN ≥9분이 4회
90min.csv,2026-05-07 04:20,2026-05-07,04:20,1,1단계 조기경보,1,,1MIN ≥9분이 3회
90min.csv,2026-05-07 04:21,2026-05-07,04:21,1,1단계 조기경보,1,,1MIN ≥9분이 4회
90min.csv,2026-05-07 04:22,2026-05-07,04:22,1,1단계 조기경보,1,,1MIN ≥9분이 4회
90min.csv,2026-05-07 04:23,2026-05-07,04:23,1,1단계 조기경보,1,,1MIN ≥9분이 4회
90min.csv,2026-05-07 04:24,2026-05-07,04:24,1,1단계 조기경보,1,,1MIN ≥9분이 4회
90min.csv,2026-05-07 04:25,2026-05-07,04:25,1,1단계 조기경보,1,,1MIN ≥9분이 4회
90min.csv,2026-05-07 04:26,2026-05-07,04:26,1,1단계 조기경보,1,,1MIN ≥9분이 4회
90min.csv,2026-05-07 04:27,2026-05-07,04:27,1,1단계 조기경보,1,,1MIN ≥9분이 4회
90min.csv,2026-05-07 04:28,2026-05-07,04:28,1,1단계 조기경보,1,,1MIN ≥9분이 4회
90min.csv,2026-05-07 04:29,2026-05-07,04:29,1,1단계 조기경보,1,,1MIN ≥9분이 4회
90min.csv,2026-05-07 04:30,2026-05-07,04:30,1,1단계 조기경보,1,,1MIN ≥9분이 4회
90min.csv,2026-05-07 04:31,2026-05-07,04:31,1,1단계 조기경보,1,,1MIN ≥9분이 3회
90min.csv,2026-05-07 04:32,2026-05-07,04:32,1,1단계 조기경보,1,,1MIN ≥9분이 3회
90min.csv,2026-05-07 04:33,2026-05-07,04:33,1,1단계 조기경보,1,,1MIN ≥9분이 2회
90min.csv,2026-05-07 04:34,2026-05-07,04:34,1,1단계 조기경보,1,,1MIN ≥9분이 2회
90min.csv,2026-05-07 04:35,2026-05-07,04:35,1,1단계 조기경보,1,,1MIN ≥9분이 2회
90min.csv,2026-05-07 04:36,2026-05-07,04:36,1,1단계 조기경보,1,,1MIN ≥9분이 2회
90min.csv,2026-05-07 04:37,2026-05-07,04:37,,이벤트없음,,,
90min.csv,2026-05-07 04:38,2026-05-07,04:38,,이벤트없음,,,
90min.csv,2026-05-07 04:39,2026-05-07,04:39,,이벤트없음,,,
90min.csv,2026-05-07 04:40,2026-05-07,04:40,,이벤트없음,,,
90min.csv,2026-05-07 04:41,2026-05-07,04:41,,이벤트없음,,,
90min.csv,2026-05-07 04:42,2026-05-07,04:42,,이벤트없음,,,
90min.csv,2026-05-07 04:43,2026-05-07,04:43,,이벤트없음,,,
90min.csv,2026-05-07 04:44,2026-05-07,04:44,,이벤트없음,,,
90min.csv,2026-05-07 04:45,2026-05-07,04:45,,이벤트없음,,,
90min.csv,2026-05-07 04:46,2026-05-07,04:46,,이벤트없음,,,
90min.csv,2026-05-07 04:47,2026-05-07,04:47,,이벤트없음,,,
90min.csv,2026-05-07 04:48,2026-05-07,04:48,,이벤트없음,,,
90min.csv,2026-05-07 04:49,2026-05-07,04:49,,이벤트없음,,,
90min.csv,2026-05-07 04:50,2026-05-07,04:50,,이벤트없음,,,
90min.csv,2026-05-07 04:51,2026-05-07,04:51,2,2단계 주의보,0,0→2,M14→M16 +30 (10분간 fast)
90min.csv,2026-05-07 04:52,2026-05-07,04:52,,이벤트없음,,,
90min.csv,2026-05-07 04:53,2026-05-07,04:53,2,2단계 주의보,0,0→2,M14→M16 +38 (10분간 fast)
90min.csv,2026-05-07 04:54,2026-05-07,04:54,2,2단계 주의보,2,,M14→M16 +36 (10분간 fast)
90min.csv,2026-05-07 04:55,2026-05-07,04:55,2,2단계 주의보,2,,M14→M16 +37 (10분간 fast)
90min.csv,2026-05-07 04:56,2026-05-07,04:56,2,2단계 주의보,2,,M14→M16 +51 (10분간 fast)
90min.csv,2026-05-07 04:57,2026-05-07,04:57,,이벤트없음,,,
90min.csv,2026-05-07 04:58,2026-05-07,04:58,,이벤트없음,,,
90min.csv,2026-05-07 04:59,2026-05-07,04:59,,이벤트없음,,,
90min.csv,2026-05-07 05:00,2026-05-07,05:00,,이벤트없음,,,
90min.csv,2026-05-07 05:01,2026-05-07,05:01,,이벤트없음,,,
90min.csv,2026-05-07 05:02,2026-05-07,05:02,,이벤트없음,,,
90min.csv,2026-05-07 05:03,2026-05-07,05:03,,이벤트없음,,,
90min.csv,2026-05-07 05:04,2026-05-07,05:04,,이벤트없음,,,
90min.csv,2026-05-07 05:05,2026-05-07,05:05,,이벤트없음,,,
90min.csv,2026-05-07 05:06,2026-05-07,05:06,,이벤트없음,,,
90min.csv,2026-05-07 05:07,2026-05-07,05:07,,이벤트없음,,,
90min.csv,2026-05-07 05:08,2026-05-07,05:08,,이벤트없음,,,
90min.csv,2026-05-07 05:09,2026-05-07,05:09,,이벤트없음,,,
90min.csv,2026-05-07 05:10,2026-05-07,05:10,,이벤트없음,,,
90min.csv,2026-05-07 05:11,2026-05-07,05:11,2,2단계 주의보,0,0→2,M14→M16 +33 (10분간 fast)
90min.csv,2026-05-07 05:12,2026-05-07,05:12,2,2단계 주의보,2,,M14→M16 +45 (10분간 fast)
90min.csv,2026-05-07 05:13,2026-05-07,05:13,2,2단계 주의보,2,,M14→M16 +42 (10분간 fast)
90min.csv,2026-05-07 05:14,2026-05-07,05:14,2,2단계 주의보,2,,M14→M16 +38 (10분간 fast)
90min.csv,2026-05-07 05:15,2026-05-07,05:15,2,2단계 주의보,2,,M14→M16 +43 (10분간 fast)
90min.csv,2026-05-07 05:16,2026-05-07,05:16,2,2단계 주의보,2,,M14→M16 +39 (10분간 fast)
90min.csv,2026-05-07 05:17,2026-05-07,05:17,,이벤트없음,,,
90min.csv,2026-05-07 05:18,2026-05-07,05:18,,이벤트없음,,,
90min.csv,2026-05-07 05:19,2026-05-07,05:19,,이벤트없음,,,
90min.csv,2026-05-07 05:20,2026-05-07,05:20,,이벤트없음,,,
90min.csv,2026-05-07 05:21,2026-05-07,05:21,,이벤트없음,,,
90min.csv,2026-05-07 05:22,2026-05-07,05:22,,이벤트없음,,,
90min.csv,2026-05-07 05:23,2026-05-07,05:23,,이벤트없음,,,
90min.csv,2026-05-07 05:24,2026-05-07,05:24,,이벤트없음,,,
90min.csv,2026-05-07 05:25,2026-05-07,05:25,,이벤트없음,,,
90min.csv,2026-05-07 05:26,2026-05-07,05:26,,이벤트없음,,,
90min.csv,2026-05-07 05:27,2026-05-07,05:27,,이벤트없음,,,
90min.csv,2026-05-07 05:28,2026-05-07,05:28,,이벤트없음,,,
90min.csv,2026-05-07 05:29,2026-05-07,05:29,,이벤트없음,,,
90min.csv,2026-05-07 05:30,2026-05-07,05:30,,이벤트없음,,,
90min.csv,2026-05-07 05:31,2026-05-07,05:31,,이벤트없음,,,
90min.csv,2026-05-07 05:32,2026-05-07,05:32,,이벤트없음,,,
90min.csv,2026-05-07 05:33,2026-05-07,05:33,,이벤트없음,,,
90min.csv,2026-05-07 05:34,2026-05-07,05:34,,이벤트없음,,,
90min.csv,2026-05-07 05:35,2026-05-07,05:35,,이벤트없음,,,
90min.csv,2026-05-07 05:36,2026-05-07,05:36,,이벤트없음,,,
90min.csv,2026-05-07 05:37,2026-05-07,05:37,,이벤트없음,,,
90min.csv,2026-05-07 05:38,2026-05-07,05:38,,이벤트없음,,,
90min.csv,2026-05-07 05:39,2026-05-07,05:39,,이벤트없음,,,
90min.csv,2026-05-07 05:40,2026-05-07,05:40,,이벤트없음,,,
90min.csv,2026-05-07 05:41,2026-05-07,05:41,,이벤트없음,,,
90min.csv,2026-05-07 05:42,2026-05-07,05:42,,이벤트없음,,,
90min.csv,2026-05-07 05:43,2026-05-07,05:43,,이벤트없음,,,
90min.csv,2026-05-07 05:44,2026-05-07,05:44,,이벤트없음,,,
90min.csv,2026-05-07 05:45,2026-05-07,05:45,,이벤트없음,,,
90min.csv,2026-05-07 05:46,2026-05-07,05:46,,이벤트없음,,,
90min.csv,2026-05-07 05:47,2026-05-07,05:47,,이벤트없음,,,
90min.csv,2026-05-07 05:48,2026-05-07,05:48,,이벤트없음,,,
90min.csv,2026-05-07 05:49,2026-05-07,05:49,1,1단계 조기경보,0,0→1,1MIN ≥6분 지속
90min.csv,2026-05-07 05:50,2026-05-07,05:50,1,1단계 조기경보,1,,1MIN ≥6분 지속
90min.csv,2026-05-07 05:51,2026-05-07,05:51,1,1단계 조기경보,1,,1MIN ≥6분 지속
90min.csv,2026-05-07 05:52,2026-05-07,05:52,,이벤트없음,,,
90min.csv,2026-05-07 05:53,2026-05-07,05:53,,이벤트없음,,,
90min.csv,2026-05-07 05:54,2026-05-07,05:54,,이벤트없음,,,
90min.csv,2026-05-07 05:55,2026-05-07,05:55,,이벤트없음,,,
90min.csv,2026-05-07 05:56,2026-05-07,05:56,1,1단계 조기경보,0,0→1,1MIN ≥6분 지속
90min.csv,2026-05-07 05:57,2026-05-07,05:57,1,1단계 조기경보,1,,1MIN ≥6분 지속
90min.csv,2026-05-07 05:58,2026-05-07,05:58,1,1단계 조기경보,1,,1MIN ≥6분 지속
90min.csv,2026-05-07 05:59,2026-05-07,05:59,1,1단계 조기경보,1,,1MIN ≥6분 지속
90min.csv,2026-05-07 06:00,2026-05-07,06:00,1,1단계 조기경보,1,,1MIN ≥6분 지속
90min.csv,2026-05-07 06:01,2026-05-07,06:01,1,1단계 조기경보,1,,1MIN ≥6분 지속
90min.csv,2026-05-07 06:02,2026-05-07,06:02,1,1단계 조기경보,1,,1MIN ≥6분 지속
90min.csv,2026-05-07 06:03,2026-05-07,06:03,1,1단계 조기경보,1,,1MIN ≥6분 지속
90min.csv,2026-05-07 06:04,2026-05-07,06:04,1,1단계 조기경보,1,,1MIN ≥6분 지속
90min.csv,2026-05-07 06:05,2026-05-07,06:05,1,1단계 조기경보,1,,1MIN ≥6분 지속
90min.csv,2026-05-07 06:06,2026-05-07,06:06,1,1단계 조기경보,1,,1MIN ≥6분 지속
90min.csv,2026-05-07 06:07,2026-05-07,06:07,1,1단계 조기경보,1,,1MIN ≥6분 지속
90min.csv,2026-05-07 06:08,2026-05-07,06:08,1,1단계 조기경보,1,,1MIN ≥6분 지속
90min.csv,2026-05-07 06:09,2026-05-07,06:09,1,1단계 조기경보,1,,1MIN ≥6분 지속
90min.csv,2026-05-07 06:10,2026-05-07,06:10,1,1단계 조기경보,1,,1MIN ≥6분 지속
90min.csv,2026-05-07 06:11,2026-05-07,06:11,1,1단계 조기경보,1,,1MIN ≥6분 지속
90min.csv,2026-05-07 06:12,2026-05-07,06:12,1,1단계 조기경보,1,,1MIN ≥6분 지속
90min.csv,2026-05-07 06:13,2026-05-07,06:13,1,1단계 조기경보,1,,1MIN ≥9분이 2회
90min.csv,2026-05-07 06:14,2026-05-07,06:14,1,1단계 조기경보,1,,1MIN ≥6분 지속
90min.csv,2026-05-07 06:15,2026-05-07,06:15,1,1단계 조기경보,1,,1MIN ≥6분 지속
90min.csv,2026-05-07 06:16,2026-05-07,06:16,1,1단계 조기경보,1,,1MIN ≥6분 지속
90min.csv,2026-05-07 06:17,2026-05-07,06:17,1,1단계 조기경보,1,,1MIN ≥9분이 2회
90min.csv,2026-05-07 06:18,2026-05-07,06:18,1,1단계 조기경보,1,,1MIN ≥9분이 2회
90min.csv,2026-05-07 06:19,2026-05-07,06:19,1,1단계 조기경보,1,,1MIN ≥9분이 3회
90min.csv,2026-05-07 06:20,2026-05-07,06:20,1,1단계 조기경보,1,,1MIN ≥9분이 3회
90min.csv,2026-05-07 06:21,2026-05-07,06:21,1,1단계 조기경보,1,,1MIN ≥9분이 3회
90min.csv,2026-05-07 06:22,2026-05-07,06:22,1,1단계 조기경보,1,,1MIN ≥9분이 3회
90min.csv,2026-05-07 06:23,2026-05-07,06:23,1,1단계 조기경보,1,,1MIN ≥9분이 2회
90min.csv,2026-05-07 06:24,2026-05-07,06:24,1,1단계 조기경보,1,,1MIN ≥9분이 2회
90min.csv,2026-05-07 06:25,2026-05-07,06:25,1,1단계 조기경보,1,,1MIN ≥9분이 2회
90min.csv,2026-05-07 06:26,2026-05-07,06:26,1,1단계 조기경보,1,,1MIN ≥9분이 2회
90min.csv,2026-05-07 06:27,2026-05-07,06:27,1,1단계 조기경보,1,,1MIN ≥6분 지속
90min.csv,2026-05-07 06:28,2026-05-07,06:28,1,1단계 조기경보,1,,1MIN ≥6분 지속
90min.csv,2026-05-07 06:29,2026-05-07,06:29,1,1단계 조기경보,1,,1MIN ≥6분 지속
90min.csv,2026-05-07 06:30,2026-05-07,06:30,1,1단계 조기경보,1,,1MIN ≥6분 지속
90min.csv,2026-05-07 06:31,2026-05-07,06:31,,이벤트없음,,,
90min.csv,2026-05-07 06:32,2026-05-07,06:32,,이벤트없음,,,
90min.csv,2026-05-07 06:33,2026-05-07,06:33,,이벤트없음,,,
90min.csv,2026-05-07 06:34,2026-05-07,06:34,,이벤트없음,,,
90min.csv,2026-05-07 06:35,2026-05-07,06:35,,이벤트없음,,,
90min.csv,2026-05-07 06:36,2026-05-07,06:36,,이벤트없음,,,
90min.csv,2026-05-07 06:37,2026-05-07,06:37,,이벤트없음,,,
90min.csv,2026-05-07 06:38,2026-05-07,06:38,,이벤트없음,,,
90min.csv,2026-05-07 06:39,2026-05-07,06:39,,이벤트없음,,,
90min.csv,2026-05-07 06:40,2026-05-07,06:40,2,2단계 주의보,0,0→2,M14→M16 +65 (10분간 fast)
90min.csv,2026-05-07 06:41,2026-05-07,06:41,2,2단계 주의보,2,,M14→M16 +39 (10분간 fast)
90min.csv,2026-05-07 06:42,2026-05-07,06:42,2,2단계 주의보,2,,M14→M16 +31 (10분간 fast)
90min.csv,2026-05-07 06:43,2026-05-07,06:43,2,2단계 주의보,2,,M14→M16 +33 (10분간 fast)
90min.csv,2026-05-07 06:44,2026-05-07,06:44,,이벤트없음,,,
90min.csv,2026-05-07 06:45,2026-05-07,06:45,2,2단계 주의보,0,0→2,M14→M16 +32 (10분간 fast)
90min.csv,2026-05-07 06:46,2026-05-07,06:46,,이벤트없음,,,
90min.csv,2026-05-07 06:47,2026-05-07,06:47,,이벤트없음,,,
90min.csv,2026-05-07 06:48,2026-05-07,06:48,,이벤트없음,,,
90min.csv,2026-05-07 06:49,2026-05-07,06:49,,이벤트없음,,,
90min.csv,2026-05-07 06:50,2026-05-07,06:50,,이벤트없음,,,
90min.csv,2026-05-07 06:51,2026-05-07,06:51,,이벤트없음,,,
90min.csv,2026-05-07 06:52,2026-05-07,06:52,,이벤트없음,,,
90min.csv,2026-05-07 06:53,2026-05-07,06:53,,이벤트없음,,,
90min.csv,2026-05-07 06:54,2026-05-07,06:54,,이벤트없음,,,
90min.csv,2026-05-07 06:55,2026-05-07,06:55,,이벤트없음,,,
90min.csv,2026-05-07 06:56,2026-05-07,06:56,1,1단계 조기경보,0,0→1,1MIN ≥6분 지속
90min.csv,2026-05-07 06:57,2026-05-07,06:57,1,1단계 조기경보,1,,1MIN ≥6분 지속
90min.csv,2026-05-07 06:58,2026-05-07,06:58,1,1단계 조기경보,1,,1MIN ≥6분 지속
90min.csv,2026-05-07 06:59,2026-05-07,06:59,1,1단계 조기경보,1,,1MIN ≥6분 지속
90min.csv,2026-05-07 07:00,2026-05-07,07:00,1,1단계 조기경보,1,,1MIN ≥6분 지속
90min.csv,2026-05-07 07:01,2026-05-07,07:01,1,1단계 조기경보,1,,1MIN ≥6분 지속
90min.csv,2026-05-07 07:02,2026-05-07,07:02,1,1단계 조기경보,1,,1MIN ≥6분 지속
90min.csv,2026-05-07 07:03,2026-05-07,07:03,1,1단계 조기경보,1,,1MIN ≥6분 지속
90min.csv,2026-05-07 07:04,2026-05-07,07:04,1,1단계 조기경보,1,,1MIN ≥6분 지속
90min.csv,2026-05-07 07:05,2026-05-07,07:05,1,1단계 조기경보,1,,1MIN ≥6분 지속
90min.csv,2026-05-07 07:06,2026-05-07,07:06,1,1단계 조기경보,1,,1MIN ≥6분 지속
90min.csv,2026-05-07 07:07,2026-05-07,07:07,2,2단계 주의보,1,1→2,M14→M16 +33 (10분간 fast)
90min.csv,2026-05-07 07:08,2026-05-07,07:08,2,2단계 주의보,2,,M14→M16 +37 (10분간 fast)
90min.csv,2026-05-07 07:09,2026-05-07,07:09,2,2단계 주의보,2,,M14→M16 +50 (10분간 fast)
90min.csv,2026-05-07 07:10,2026-05-07,07:10,2,2단계 주의보,2,,M14→M16 +56 (10분간 fast)
90min.csv,2026-05-07 07:11,2026-05-07,07:11,2,2단계 주의보,2,,M14→M16 +44 (10분간 fast)
90min.csv,2026-05-07 07:12,2026-05-07,07:12,2,2단계 주의보,2,,M14→M16 +55 (10분간 fast)
90min.csv,2026-05-07 07:13,2026-05-07,07:13,2,2단계 주의보,2,,M14→M16 +52 (10분간 fast)
90min.csv,2026-05-07 07:14,2026-05-07,07:14,1,1단계 조기경보,2,2→1,1MIN ≥6분 지속
90min.csv,2026-05-07 07:15,2026-05-07,07:15,1,1단계 조기경보,1,,1MIN ≥6분 지속
90min.csv,2026-05-07 07:16,2026-05-07,07:16,1,1단계 조기경보,1,,1MIN ≥6분 지속
90min.csv,2026-05-07 07:17,2026-05-07,07:17,1,1단계 조기경보,1,,1MIN ≥6분 지속
90min.csv,2026-05-07 07:18,2026-05-07,07:18,1,1단계 조기경보,1,,1MIN ≥6분 지속
90min.csv,2026-05-07 07:19,2026-05-07,07:19,1,1단계 조기경보,1,,1MIN ≥6분 지속
90min.csv,2026-05-07 07:20,2026-05-07,07:20,1,1단계 조기경보,1,,1MIN ≥6분 지속
90min.csv,2026-05-07 07:21,2026-05-07,07:21,1,1단계 조기경보,1,,1MIN ≥6분 지속
90min.csv,2026-05-07 07:22,2026-05-07,07:22,1,1단계 조기경보,1,,1MIN ≥6분 지속
90min.csv,2026-05-07 07:23,2026-05-07,07:23,1,1단계 조기경보,1,,1MIN ≥6분 지속
90min.csv,2026-05-07 07:24,2026-05-07,07:24,1,1단계 조기경보,1,,1MIN ≥6분 지속
90min.csv,2026-05-07 07:25,2026-05-07,07:25,1,1단계 조기경보,1,,1MIN ≥6분 지속
90min.csv,2026-05-07 07:26,2026-05-07,07:26,2,2단계 주의보,1,1→2,M14→M16 +33 (10분간 fast)
90min.csv,2026-05-07 07:27,2026-05-07,07:27,2,2단계 주의보,2,,M14→M16 +31 (10분간 fast)
90min.csv,2026-05-07 07:28,2026-05-07,07:28,1,1단계 조기경보,2,2→1,1MIN ≥6분 지속
90min.csv,2026-05-07 07:29,2026-05-07,07:29,1,1단계 조기경보,1,,1MIN ≥6분 지속
90min.csv,2026-05-07 07:30,2026-05-07,07:30,1,1단계 조기경보,1,,1MIN ≥6분 지속
90min.csv,2026-05-07 07:31,2026-05-07,07:31,1,1단계 조기경보,1,,1MIN ≥9분이 2회
90min.csv,2026-05-07 07:32,2026-05-07,07:32,1,1단계 조기경보,1,,1MIN ≥9분이 2회
90min.csv,2026-05-07 07:33,2026-05-07,07:33,1,1단계 조기경보,1,,1MIN ≥9분이 2회
90min.csv,2026-05-07 07:34,2026-05-07,07:34,1,1단계 조기경보,1,,1MIN ≥9분이 2회
90min.csv,2026-05-07 07:35,2026-05-07,07:35,2,2단계 주의보,1,1→2,M14→M16 +36 (10분간 fast)
90min.csv,2026-05-07 07:36,2026-05-07,07:36,2,2단계 주의보,2,,M14→M16 +32 (10분간 fast)
90min.csv,2026-05-07 07:37,2026-05-07,07:37,2,2단계 주의보,2,,M14→M16 +39 (10분간 fast)
90min.csv,2026-05-07 07:38,2026-05-07,07:38,2,2단계 주의보,2,,M14→M16 +49 (10분간 fast)
90min.csv,2026-05-07 07:39,2026-05-07,07:39,2,2단계 주의보,2,,M14→M16 +48 (10분간 fast)
90min.csv,2026-05-07 07:40,2026-05-07,07:40,2,2단계 주의보,2,,M14→M16 +42 (10분간 fast)
90min.csv,2026-05-07 07:41,2026-05-07,07:41,2,2단계 주의보,2,,M14→M16 +40 (10분간 fast)
90min.csv,2026-05-07 07:42,2026-05-07,07:42,2,2단계 주의보,2,,M14→M16 +30 (10분간 fast)
90min.csv,2026-05-07 07:43,2026-05-07,07:43,1,1단계 조기경보,2,2→1,1MIN ≥9분이 4회
90min.csv,2026-05-07 07:44,2026-05-07,07:44,1,1단계 조기경보,1,,1MIN ≥9분이 4회
90min.csv,2026-05-07 07:45,2026-05-07,07:45,1,1단계 조기경보,1,,1MIN ≥9분이 4회
90min.csv,2026-05-07 07:46,2026-05-07,07:46,1,1단계 조기경보,1,,1MIN ≥9분이 3회
90min.csv,2026-05-07 07:47,2026-05-07,07:47,1,1단계 조기경보,1,,1MIN ≥9분이 4회
90min.csv,2026-05-07 07:48,2026-05-07,07:48,1,1단계 조기경보,1,,1MIN ≥9분이 5회
90min.csv,2026-05-07 07:49,2026-05-07,07:49,1,1단계 조기경보,1,,1MIN ≥9분이 5회
90min.csv,2026-05-07 07:50,2026-05-07,07:50,1,1단계 조기경보,1,,1MIN ≥9분이 5회
90min.csv,2026-05-07 07:51,2026-05-07,07:51,1,1단계 조기경보,1,,1MIN ≥9분이 4회
90min.csv,2026-05-07 07:52,2026-05-07,07:52,1,1단계 조기경보,1,,1MIN ≥9분이 3회
90min.csv,2026-05-07 07:53,2026-05-07,07:53,1,1단계 조기경보,1,,1MIN ≥9분이 3회
90min.csv,2026-05-07 07:54,2026-05-07,07:54,2,2단계 주의보,1,1→2,M14→M16 +30 (10분간 fast)
90min.csv,2026-05-07 07:55,2026-05-07,07:55,2,2단계 주의보,2,,M14→M16 +46 (10분간 fast)
90min.csv,2026-05-07 07:56,2026-05-07,07:56,2,2단계 주의보,2,,M14→M16 +64 (10분간 fast)
90min.csv,2026-05-07 07:57,2026-05-07,07:57,2,2단계 주의보,2,,M14→M16 +40 (10분간 fast)
90min.csv,2026-05-07 07:58,2026-05-07,07:58,2,2단계 주의보,2,,M14→M16 +42 (10분간 fast)
90min.csv,2026-05-07 07:59,2026-05-07,07:59,2,2단계 주의보,2,,M14→M16 +50 (10분간 fast)
90min.csv,2026-05-07 08:00,2026-05-07,08:00,2,2단계 주의보,2,,M14→M16 +40 (10분간 fast)
90min.csv,2026-05-07 08:01,2026-05-07,08:01,1,1단계 조기경보,2,2→1,1MIN ≥9분이 2회
90min.csv,2026-05-07 08:02,2026-05-07,08:02,1,1단계 조기경보,1,,1MIN ≥9분이 2회
90min.csv,2026-05-07 08:03,2026-05-07,08:03,1,1단계 조기경보,1,,1MIN ≥9분이 2회
90min.csv,2026-05-07 08:04,2026-05-07,08:04,1,1단계 조기경보,1,,1MIN ≥9분이 2회
90min.csv,2026-05-07 08:05,2026-05-07,08:05,1,1단계 조기경보,1,,1MIN ≥9분이 2회
90min.csv,2026-05-07 08:06,2026-05-07,08:06,1,1단계 조기경보,1,,1MIN ≥9분이 2회
90min.csv,2026-05-07 08:07,2026-05-07,08:07,1,1단계 조기경보,1,,1MIN ≥9분이 2회
90min.csv,2026-05-07 08:08,2026-05-07,08:08,1,1단계 조기경보,1,,1MIN ≥6분 지속
90min.csv,2026-05-07 08:09,2026-05-07,08:09,1,1단계 조기경보,1,,1MIN ≥6분 지속
90min.csv,2026-05-07 08:10,2026-05-07,08:10,1,1단계 조기경보,1,,1MIN ≥6분 지속
90min.csv,2026-05-07 08:11,2026-05-07,08:11,1,1단계 조기경보,1,,1MIN ≥6분 지속
90min.csv,2026-05-07 08:12,2026-05-07,08:12,1,1단계 조기경보,1,,1MIN ≥6분 지속
90min.csv,2026-05-07 08:13,2026-05-07,08:13,1,1단계 조기경보,1,,1MIN ≥6분 지속
90min.csv,2026-05-07 08:14,2026-05-07,08:14,1,1단계 조기경보,1,,1MIN ≥9분이 2회
90min.csv,2026-05-07 08:15,2026-05-07,08:15,1,1단계 조기경보,1,,1MIN ≥9분이 3회
90min.csv,2026-05-07 08:16,2026-05-07,08:16,1,1단계 조기경보,1,,1MIN ≥9분이 4회
90min.csv,2026-05-07 08:17,2026-05-07,08:17,1,1단계 조기경보,1,,1MIN ≥9분이 4회
90min.csv,2026-05-07 08:18,2026-05-07,08:18,1,1단계 조기경보,1,,1MIN ≥9분이 5회
90min.csv,2026-05-07 08:19,2026-05-07,08:19,1,1단계 조기경보,1,,1MIN ≥9분이 5회
90min.csv,2026-05-07 08:20,2026-05-07,08:20,1,1단계 조기경보,1,,1MIN ≥9분이 6회
90min.csv,2026-05-07 08:21,2026-05-07,08:21,1,1단계 조기경보,1,,1MIN ≥9분이 6회
90min.csv,2026-05-07 08:22,2026-05-07,08:22,1,1단계 조기경보,1,,1MIN ≥9분이 6회
90min.csv,2026-05-07 08:23,2026-05-07,08:23,1,1단계 조기경보,1,,1MIN ≥9분이 5회
90min.csv,2026-05-07 08:24,2026-05-07,08:24,1,1단계 조기경보,1,,1MIN ≥9분이 4회
90min.csv,2026-05-07 08:25,2026-05-07,08:25,1,1단계 조기경보,1,,1MIN ≥9분이 4회
90min.csv,2026-05-07 08:26,2026-05-07,08:26,1,1단계 조기경보,1,,1MIN ≥9분이 3회
90min.csv,2026-05-07 08:27,2026-05-07,08:27,1,1단계 조기경보,1,,1MIN ≥9분이 3회
90min.csv,2026-05-07 08:28,2026-05-07,08:28,1,1단계 조기경보,1,,1MIN ≥9분이 3회
90min.csv,2026-05-07 08:29,2026-05-07,08:29,1,1단계 조기경보,1,,1MIN ≥9분이 3회
90min.csv,2026-05-07 08:30,2026-05-07,08:30,1,1단계 조기경보,1,,1MIN ≥9분이 3회
90min.csv,2026-05-07 08:31,2026-05-07,08:31,1,1단계 조기경보,1,,1MIN ≥9분이 4회
90min.csv,2026-05-07 08:32,2026-05-07,08:32,1,1단계 조기경보,1,,1MIN ≥9분이 5회
90min.csv,2026-05-07 08:33,2026-05-07,08:33,1,1단계 조기경보,1,,1MIN ≥9분이 5회
90min.csv,2026-05-07 08:34,2026-05-07,08:34,1,1단계 조기경보,1,,1MIN ≥9분이 6회
90min.csv,2026-05-07 08:35,2026-05-07,08:35,1,1단계 조기경보,1,,1MIN ≥9분이 5회
90min.csv,2026-05-07 08:36,2026-05-07,08:36,1,1단계 조기경보,1,,1MIN ≥9분이 5회
90min.csv,2026-05-07 08:37,2026-05-07,08:37,1,1단계 조기경보,1,,1MIN ≥9분이 5회
90min.csv,2026-05-07 08:38,2026-05-07,08:38,1,1단계 조기경보,1,,1MIN ≥9분이 5회
90min.csv,2026-05-07 08:39,2026-05-07,08:39,1,1단계 조기경보,1,,1MIN ≥9분이 5회
90min.csv,2026-05-07 08:40,2026-05-07,08:40,1,1단계 조기경보,1,,1MIN ≥9분이 4회
90min.csv,2026-05-07 08:41,2026-05-07,08:41,1,1단계 조기경보,1,,1MIN ≥9분이 3회
90min.csv,2026-05-07 08:42,2026-05-07,08:42,1,1단계 조기경보,1,,1MIN ≥9분이 2회
90min.csv,2026-05-07 08:43,2026-05-07,08:43,1,1단계 조기경보,1,,1MIN ≥9분이 2회
90min.csv,2026-05-07 08:44,2026-05-07,08:44,1,1단계 조기경보,1,,1MIN ≥6분 지속
90min.csv,2026-05-07 08:45,2026-05-07,08:45,2,2단계 주의보,1,1→2,M14→M16 +34 (10분간 fast)
90min.csv,2026-05-07 08:46,2026-05-07,08:46,1,1단계 조기경보,2,2→1,1MIN ≥6분 지속
90min.csv,2026-05-07 08:47,2026-05-07,08:47,2,2단계 주의보,1,1→2,M14→M16 +32 (10분간 fast)
90min.csv,2026-05-07 08:48,2026-05-07,08:48,2,2단계 주의보,2,,M14→M16 +41 (10분간 fast)
90min.csv,2026-05-07 08:49,2026-05-07,08:49,2,2단계 주의보,2,,M14→M16 +51 (10분간 fast)
90min.csv,2026-05-07 08:50,2026-05-07,08:50,2,2단계 주의보,2,,M14→M16 +58 (10분간 fast)
90min.csv,2026-05-07 08:51,2026-05-07,08:51,2,2단계 주의보,2,,M14→M16 +41 (10분간 fast)
90min.csv,2026-05-07 08:52,2026-05-07,08:52,2,2단계 주의보,2,,M14→M16 +34 (10분간 fast)
90min.csv,2026-05-07 08:53,2026-05-07,08:53,1,1단계 조기경보,2,2→1,1MIN ≥6분 지속
90min.csv,2026-05-07 08:54,2026-05-07,08:54,1,1단계 조기경보,1,,1MIN ≥6분 지속
90min.csv,2026-05-07 08:55,2026-05-07,08:55,1,1단계 조기경보,1,,1MIN ≥6분 지속
90min.csv,2026-05-07 08:56,2026-05-07,08:56,1,1단계 조기경보,1,,1MIN ≥6분 지속
90min.csv,2026-05-07 08:57,2026-05-07,08:57,1,1단계 조기경보,1,,1MIN ≥6분 지속
90min.csv,2026-05-07 08:58,2026-05-07,08:58,1,1단계 조기경보,1,,1MIN ≥6분 지속
90min.csv,2026-05-07 08:59,2026-05-07,08:59,1,1단계 조기경보,1,,1MIN ≥6분 지속
90min.csv,2026-05-07 09:00,2026-05-07,09:00,1,1단계 조기경보,1,,1MIN ≥6분 지속
90min.csv,2026-05-07 09:01,2026-05-07,09:01,1,1단계 조기경보,1,,1MIN ≥6분 지속
90min.csv,2026-05-07 09:02,2026-05-07,09:02,1,1단계 조기경보,1,,1MIN ≥6분 지속
90min.csv,2026-05-07 09:03,2026-05-07,09:03,1,1단계 조기경보,1,,1MIN ≥6분 지속
90min.csv,2026-05-07 09:04,2026-05-07,09:04,1,1단계 조기경보,1,,1MIN ≥6분 지속
90min.csv,2026-05-07 09:05,2026-05-07,09:05,1,1단계 조기경보,1,,1MIN ≥9분이 2회
90min.csv,2026-05-07 09:06,2026-05-07,09:06,1,1단계 조기경보,1,,1MIN ≥9분이 2회
90min.csv,2026-05-07 09:07,2026-05-07,09:07,1,1단계 조기경보,1,,1MIN ≥9분이 3회
90min.csv,2026-05-07 09:08,2026-05-07,09:08,1,1단계 조기경보,1,,1MIN ≥9분이 3회
90min.csv,2026-05-07 09:09,2026-05-07,09:09,1,1단계 조기경보,1,,1MIN ≥9분이 3회
90min.csv,2026-05-07 09:10,2026-05-07,09:10,1,1단계 조기경보,1,,1MIN ≥9분이 2회
90min.csv,2026-05-07 09:11,2026-05-07,09:11,1,1단계 조기경보,1,,1MIN ≥9분이 2회
90min.csv,2026-05-07 09:12,2026-05-07,09:12,1,1단계 조기경보,1,,1MIN ≥9분이 2회
90min.csv,2026-05-07 09:13,2026-05-07,09:13,1,1단계 조기경보,1,,1MIN ≥9분이 2회
90min.csv,2026-05-07 09:14,2026-05-07,09:14,1,1단계 조기경보,1,,1MIN ≥9분이 3회
90min.csv,2026-05-07 09:15,2026-05-07,09:15,1,1단계 조기경보,1,,1MIN ≥9분이 3회
90min.csv,2026-05-07 09:16,2026-05-07,09:16,1,1단계 조기경보,1,,1MIN ≥9분이 4회
90min.csv,2026-05-07 09:17,2026-05-07,09:17,1,1단계 조기경보,1,,1MIN ≥9분이 4회
90min.csv,2026-05-07 09:18,2026-05-07,09:18,1,1단계 조기경보,1,,1MIN ≥9분이 4회
90min.csv,2026-05-07 09:19,2026-05-07,09:19,1,1단계 조기경보,1,,1MIN ≥9분이 4회
90min.csv,2026-05-07 09:20,2026-05-07,09:20,1,1단계 조기경보,1,,1MIN ≥9분이 5회
90min.csv,2026-05-07 09:21,2026-05-07,09:21,2,2단계 주의보,1,1→2,M14→M16 +46 (10분간 fast)
90min.csv,2026-05-07 09:22,2026-05-07,09:22,2,2단계 주의보,2,,M14→M16 +48 (10분간 fast)
90min.csv,2026-05-07 09:23,2026-05-07,09:23,2,2단계 주의보,2,,M14→M16 +48 (10분간 fast)
90min.csv,2026-05-07 09:24,2026-05-07,09:24,2,2단계 주의보,2,,M14→M16 +38 (10분간 fast)
90min.csv,2026-05-07 09:25,2026-05-07,09:25,2,2단계 주의보,2,,M14→M16 +38 (10분간 fast)
90min.csv,2026-05-07 09:26,2026-05-07,09:26,1,1단계 조기경보,2,2→1,1MIN ≥9분이 4회
90min.csv,2026-05-07 09:27,2026-05-07,09:27,1,1단계 조기경보,1,,1MIN ≥9분이 4회
90min.csv,2026-05-07 09:28,2026-05-07,09:28,1,1단계 조기경보,1,,1MIN ≥9분이 5회
90min.csv,2026-05-07 09:29,2026-05-07,09:29,1,1단계 조기경보,1,,1MIN ≥9분이 5회
90min.csv,2026-05-07 09:30,2026-05-07,09:30,1,1단계 조기경보,1,,1MIN ≥9분이 5회
90min.csv,2026-05-07 09:31,2026-05-07,09:31,1,1단계 조기경보,1,,1MIN ≥9분이 5회
90min.csv,2026-05-07 09:32,2026-05-07,09:32,1,1단계 조기경보,1,,1MIN ≥9분이 5회
90min.csv,2026-05-07 09:33,2026-05-07,09:33,1,1단계 조기경보,1,,1MIN ≥9분이 4회
90min.csv,2026-05-07 09:34,2026-05-07,09:34,1,1단계 조기경보,1,,1MIN ≥9분이 3회
90min.csv,2026-05-07 09:35,2026-05-07,09:35,1,1단계 조기경보,1,,1MIN ≥9분이 3회
90min.csv,2026-05-07 09:36,2026-05-07,09:36,1,1단계 조기경보,1,,1MIN ≥9분이 3회
90min.csv,2026-05-07 09:37,2026-05-07,09:37,1,1단계 조기경보,1,,1MIN ≥9분이 2회
90min.csv,2026-05-07 09:38,2026-05-07,09:38,1,1단계 조기경보,1,,1MIN ≥6분 지속
90min.csv,2026-05-07 09:39,2026-05-07,09:39,1,1단계 조기경보,1,,1MIN ≥6분 지속
90min.csv,2026-05-07 09:40,2026-05-07,09:40,1,1단계 조기경보,1,,1MIN ≥6분 지속
90min.csv,2026-05-07 09:41,2026-05-07,09:41,1,1단계 조기경보,1,,1MIN ≥6분 지속
90min.csv,2026-05-07 09:42,2026-05-07,09:42,1,1단계 조기경보,1,,1MIN ≥6분 지속
90min.csv,2026-05-07 09:43,2026-05-07,09:43,1,1단계 조기경보,1,,1MIN ≥6분 지속
90min.csv,2026-05-07 09:44,2026-05-07,09:44,1,1단계 조기경보,1,,1MIN ≥6분 지속
90min.csv,2026-05-07 09:45,2026-05-07,09:45,1,1단계 조기경보,1,,1MIN ≥6분 지속
90min.csv,2026-05-07 09:46,2026-05-07,09:46,1,1단계 조기경보,1,,1MIN ≥6분 지속
90min.csv,2026-05-07 09:47,2026-05-07,09:47,,이벤트없음,,,
90min.csv,2026-05-07 09:48,2026-05-07,09:48,1,1단계 조기경보,0,0→1,1MIN ≥6분 지속
90min.csv,2026-05-07 09:49,2026-05-07,09:49,,이벤트없음,,,
90min.csv,2026-05-07 09:50,2026-05-07,09:50,1,1단계 조기경보,0,0→1,1MIN ≥6분 지속
90min.csv,2026-05-07 09:51,2026-05-07,09:51,,이벤트없음,,,
90min.csv,2026-05-07 09:52,2026-05-07,09:52,,이벤트없음,,,
90min.csv,2026-05-07 09:53,2026-05-07,09:53,,이벤트없음,,,
90min.csv,2026-05-07 09:54,2026-05-07,09:54,1,1단계 조기경보,0,0→1,1MIN ≥6분 지속
90min.csv,2026-05-07 09:55,2026-05-07,09:55,1,1단계 조기경보,1,,1MIN ≥6분 지속
90min.csv,2026-05-07 09:56,2026-05-07,09:56,1,1단계 조기경보,1,,1MIN ≥6분 지속
90min.csv,2026-05-07 09:57,2026-05-07,09:57,1,1단계 조기경보,1,,1MIN ≥6분 지속
90min.csv,2026-05-07 09:58,2026-05-07,09:58,1,1단계 조기경보,1,,1MIN ≥6분 지속
90min.csv,2026-05-07 09:59,2026-05-07,09:59,2,2단계 주의보,1,1→2,M14→M16 +37 (10분간 fast)
90min.csv,2026-05-07 10:00,2026-05-07,10:00,2,2단계 주의보,2,,M14→M16 +48 (10분간 fast)
90min.csv,2026-05-07 10:01,2026-05-07,10:01,2,2단계 주의보,2,,M14→M16 +64 (10분간 fast)
90min.csv,2026-05-07 10:02,2026-05-07,10:02,2,2단계 주의보,2,,M14→M16 +65 (10분간 fast)
90min.csv,2026-05-07 10:03,2026-05-07,10:03,2,2단계 주의보,2,,M14→M16 +58 (10분간 fast)
90min.csv,2026-05-07 10:04,2026-05-07,10:04,2,2단계 주의보,2,,M14→M16 +48 (10분간 fast)
90min.csv,2026-05-07 10:05,2026-05-07,10:05,2,2단계 주의보,2,,M14→M16 +40 (10분간 fast)
90min.csv,2026-05-07 10:06,2026-05-07,10:06,1,1단계 조기경보,2,2→1,1MIN ≥6분 지속
90min.csv,2026-05-07 10:07,2026-05-07,10:07,1,1단계 조기경보,1,,1MIN ≥6분 지속
90min.csv,2026-05-07 10:08,2026-05-07,10:08,1,1단계 조기경보,1,,1MIN ≥6분 지속
90min.csv,2026-05-07 10:09,2026-05-07,10:09,,이벤트없음,,,
90min.csv,2026-05-07 10:10,2026-05-07,10:10,1,1단계 조기경보,0,0→1,1MIN ≥6분 지속
90min.csv,2026-05-07 10:11,2026-05-07,10:11,1,1단계 조기경보,1,,1MIN ≥6분 지속
90min.csv,2026-05-07 10:12,2026-05-07,10:12,,이벤트없음,,,
90min.csv,2026-05-07 10:13,2026-05-07,10:13,,이벤트없음,,,
90min.csv,2026-05-07 10:14,2026-05-07,10:14,,이벤트없음,,,
90min.csv,2026-05-07 10:15,2026-05-07,10:15,,이벤트없음,,,
90min.csv,2026-05-07 10:16,2026-05-07,10:16,,이벤트없음,,,
90min.csv,2026-05-07 10:17,2026-05-07,10:17,,이벤트없음,,,
90min.csv,2026-05-07 10:18,2026-05-07,10:18,,이벤트없음,,,
90min.csv,2026-05-07 10:19,2026-05-07,10:19,,이벤트없음,,,
90min.csv,2026-05-07 10:20,2026-05-07,10:20,,이벤트없음,,,
90min.csv,2026-05-07 10:21,2026-05-07,10:21,,이벤트없음,,,
90min.csv,2026-05-07 10:22,2026-05-07,10:22,,이벤트없음,,,
90min.csv,2026-05-07 10:23,2026-05-07,10:23,,이벤트없음,,,
90min.csv,2026-05-07 10:24,2026-05-07,10:24,,이벤트없음,,,
90min.csv,2026-05-07 10:25,2026-05-07,10:25,,이벤트없음,,,
90min.csv,2026-05-07 10:26,2026-05-07,10:26,,이벤트없음,,,
90min.csv,2026-05-07 10:27,2026-05-07,10:27,,이벤트없음,,,
90min.csv,2026-05-07 10:28,2026-05-07,10:28,,이벤트없음,,,
90min.csv,2026-05-07 10:29,2026-05-07,10:29,,이벤트없음,,,
90min.csv,2026-05-07 10:30,2026-05-07,10:30,,이벤트없음,,,
90min.csv,2026-05-07 10:31,2026-05-07,10:31,,이벤트없음,,,
90min.csv,2026-05-07 10:32,2026-05-07,10:32,,이벤트없음,,,
90min.csv,2026-05-07 10:33,2026-05-07,10:33,1,1단계 조기경보,0,0→1,1MIN ≥6분 지속
90min.csv,2026-05-07 10:34,2026-05-07,10:34,,이벤트없음,,,
90min.csv,2026-05-07 10:35,2026-05-07,10:35,,이벤트없음,,,
90min.csv,2026-05-07 10:36,2026-05-07,10:36,,이벤트없음,,,
90min.csv,2026-05-07 10:37,2026-05-07,10:37,1,1단계 조기경보,0,0→1,1MIN ≥6분 지속
90min.csv,2026-05-07 10:38,2026-05-07,10:38,,이벤트없음,,,
90min.csv,2026-05-07 10:39,2026-05-07,10:39,,이벤트없음,,,
90min.csv,2026-05-07 10:40,2026-05-07,10:40,,이벤트없음,,,
90min.csv,2026-05-07 10:41,2026-05-07,10:41,1,1단계 조기경보,0,0→1,1MIN ≥9분이 2회
90min.csv,2026-05-07 10:42,2026-05-07,10:42,1,1단계 조기경보,1,,1MIN ≥9분이 2회
90min.csv,2026-05-07 10:43,2026-05-07,10:43,1,1단계 조기경보,1,,1MIN ≥9분이 3회
90min.csv,2026-05-07 10:44,2026-05-07,10:44,1,1단계 조기경보,1,,1MIN ≥9분이 3회
90min.csv,2026-05-07 10:45,2026-05-07,10:45,1,1단계 조기경보,1,,1MIN ≥9분이 3회
90min.csv,2026-05-07 10:46,2026-05-07,10:46,1,1단계 조기경보,1,,1MIN ≥9분이 3회
90min.csv,2026-05-07 10:47,2026-05-07,10:47,1,1단계 조기경보,1,,1MIN ≥9분이 2회
90min.csv,2026-05-07 10:48,2026-05-07,10:48,1,1단계 조기경보,1,,1MIN ≥9분이 2회
90min.csv,2026-05-07 10:49,2026-05-07,10:49,1,1단계 조기경보,1,,1MIN ≥9분이 2회
90min.csv,2026-05-07 10:50,2026-05-07,10:50,1,1단계 조기경보,1,,1MIN ≥9분이 2회
90min.csv,2026-05-07 10:51,2026-05-07,10:51,1,1단계 조기경보,1,,1MIN ≥9분이 2회
90min.csv,2026-05-07 10:52,2026-05-07,10:52,1,1단계 조기경보,1,,1MIN ≥9분이 2회
90min.csv,2026-05-07 10:53,2026-05-07,10:53,1,1단계 조기경보,1,,1MIN ≥9분이 2회
90min.csv,2026-05-07 10:54,2026-05-07,10:54,1,1단계 조기경보,1,,1MIN ≥9분이 2회
90min.csv,2026-05-07 10:55,2026-05-07,10:55,1,1단계 조기경보,1,,1MIN ≥9분이 2회
90min.csv,2026-05-07 10:56,2026-05-07,10:56,1,1단계 조기경보,1,,1MIN ≥9분이 2회
90min.csv,2026-05-07 10:57,2026-05-07,10:57,1,1단계 조기경보,1,,1MIN ≥9분이 2회
90min.csv,2026-05-07 10:58,2026-05-07,10:58,1,1단계 조기경보,1,,1MIN ≥9분이 2회
90min.csv,2026-05-07 10:59,2026-05-07,10:59,2,2단계 주의보,1,1→2,M14→M16 +34 (10분간 fast)
90min.csv,2026-05-07 11:00,2026-05-07,11:00,2,2단계 주의보,2,,M14→M16 +35 (10분간 fast)
90min.csv,2026-05-07 11:01,2026-05-07,11:01,1,1단계 조기경보,2,2→1,1MIN ≥9분이 2회
90min.csv,2026-05-07 11:02,2026-05-07,11:02,1,1단계 조기경보,1,,1MIN ≥9분이 2회
90min.csv,2026-05-07 11:03,2026-05-07,11:03,1,1단계 조기경보,1,,1MIN ≥9분이 2회
90min.csv,2026-05-07 11:04,2026-05-07,11:04,1,1단계 조기경보,1,,1MIN ≥9분이 2회
90min.csv,2026-05-07 11:05,2026-05-07,11:05,1,1단계 조기경보,1,,1MIN ≥9분이 2회
90min.csv,2026-05-07 11:06,2026-05-07,11:06,1,1단계 조기경보,1,,1MIN ≥9분이 2회
90min.csv,2026-05-07 11:07,2026-05-07,11:07,1,1단계 조기경보,1,,1MIN ≥9분이 2회
90min.csv,2026-05-07 11:08,2026-05-07,11:08,1,1단계 조기경보,1,,1MIN ≥9분이 2회
90min.csv,2026-05-07 11:09,2026-05-07,11:09,1,1단계 조기경보,1,,1MIN ≥9분이 2회
90min.csv,2026-05-07 11:10,2026-05-07,11:10,1,1단계 조기경보,1,,1MIN ≥9분이 2회
90min.csv,2026-05-07 11:11,2026-05-07,11:11,1,1단계 조기경보,1,,1MIN ≥6분 지속
90min.csv,2026-05-07 11:12,2026-05-07,11:12,2,2단계 주의보,1,1→2,M14→M16 +35 (10분간 fast)
90min.csv,2026-05-07 11:13,2026-05-07,11:13,2,2단계 주의보,2,,M14→M16 +32 (10분간 fast)
90min.csv,2026-05-07 11:14,2026-05-07,11:14,2,2단계 주의보,2,,M14→M16 +55 (10분간 fast)
90min.csv,2026-05-07 11:15,2026-05-07,11:15,2,2단계 주의보,2,,M14→M16 +48 (10분간 fast)
90min.csv,2026-05-07 11:16,2026-05-07,11:16,2,2단계 주의보,2,,M14→M16 +55 (10분간 fast)
90min.csv,2026-05-07 11:17,2026-05-07,11:17,2,2단계 주의보,2,,M14→M16 +56 (10분간 fast)
90min.csv,2026-05-07 11:18,2026-05-07,11:18,2,2단계 주의보,2,,M14→M16 +71 (10분간 fast)
90min.csv,2026-05-07 11:19,2026-05-07,11:19,2,2단계 주의보,2,,M14→M16 +73 (10분간 fast)
90min.csv,2026-05-07 11:20,2026-05-07,11:20,2,2단계 주의보,2,,M14→M16 +70 (10분간 fast)
90min.csv,2026-05-07 11:21,2026-05-07,11:21,2,2단계 주의보,2,,M14→M16 +61 (10분간 fast)
90min.csv,2026-05-07 11:22,2026-05-07,11:22,1,1단계 조기경보,2,2→1,1MIN ≥9분이 5회
90min.csv,2026-05-07 11:23,2026-05-07,11:23,1,1단계 조기경보,1,,1MIN ≥9분이 6회
90min.csv,2026-05-07 11:24,2026-05-07,11:24,1,1단계 조기경보,1,,1MIN ≥9분이 6회
90min.csv,2026-05-07 11:25,2026-05-07,11:25,1,1단계 조기경보,1,,1MIN ≥9분이 7회
90min.csv,2026-05-07 11:26,2026-05-07,11:26,1,1단계 조기경보,1,,1MIN ≥9분이 7회
90min.csv,2026-05-07 11:27,2026-05-07,11:27,1,1단계 조기경보,1,,1MIN ≥9분이 8회
90min.csv,2026-05-07 11:28,2026-05-07,11:28,1,1단계 조기경보,1,,1MIN ≥9분이 9회
90min.csv,2026-05-07 11:29,2026-05-07,11:29,1,1단계 조기경보,1,,1MIN ≥9분이 9회
90min.csv,2026-05-07 11:30,2026-05-07,11:30,1,1단계 조기경보,1,,1MIN ≥9분이 10회
90min.csv,2026-05-07 11:31,2026-05-07,11:31,1,1단계 조기경보,1,,1MIN ≥9분이 9회
90min.csv,2026-05-07 11:32,2026-05-07,11:32,1,1단계 조기경보,1,,1MIN ≥9분이 8회
90min.csv,2026-05-07 11:33,2026-05-07,11:33,1,1단계 조기경보,1,,1MIN ≥9분이 8회
90min.csv,2026-05-07 11:34,2026-05-07,11:34,1,1단계 조기경보,1,,1MIN ≥9분이 7회
90min.csv,2026-05-07 11:35,2026-05-07,11:35,1,1단계 조기경보,1,,1MIN ≥9분이 6회
90min.csv,2026-05-07 11:36,2026-05-07,11:36,1,1단계 조기경보,1,,1MIN ≥9분이 5회
90min.csv,2026-05-07 11:37,2026-05-07,11:37,1,1단계 조기경보,1,,1MIN ≥9분이 5회
90min.csv,2026-05-07 11:38,2026-05-07,11:38,1,1단계 조기경보,1,,1MIN ≥9분이 4회
90min.csv,2026-05-07 11:39,2026-05-07,11:39,1,1단계 조기경보,1,,1MIN ≥9분이 3회
90min.csv,2026-05-07 11:40,2026-05-07,11:40,1,1단계 조기경보,1,,1MIN ≥9분이 2회
90min.csv,2026-05-07 11:41,2026-05-07,11:41,1,1단계 조기경보,1,,1MIN ≥9분이 2회
90min.csv,2026-05-07 11:42,2026-05-07,11:42,1,1단계 조기경보,1,,1MIN ≥9분이 2회
90min.csv,2026-05-07 11:43,2026-05-07,11:43,1,1단계 조기경보,1,,1MIN ≥6분 지속
90min.csv,2026-05-07 11:44,2026-05-07,11:44,1,1단계 조기경보,1,,1MIN ≥6분 지속
90min.csv,2026-05-07 11:45,2026-05-07,11:45,1,1단계 조기경보,1,,1MIN ≥6분 지속
90min.csv,2026-05-07 11:46,2026-05-07,11:46,1,1단계 조기경보,1,,1MIN ≥6분 지속
90min.csv,2026-05-07 11:47,2026-05-07,11:47,1,1단계 조기경보,1,,1MIN ≥6분 지속
90min.csv,2026-05-07 11:48,2026-05-07,11:48,1,1단계 조기경보,1,,1MIN ≥6분 지속
90min.csv,2026-05-07 11:49,2026-05-07,11:49,1,1단계 조기경보,1,,1MIN ≥6분 지속
90min.csv,2026-05-07 11:50,2026-05-07,11:50,1,1단계 조기경보,1,,1MIN ≥6분 지속
90min.csv,2026-05-07 11:51,2026-05-07,11:51,1,1단계 조기경보,1,,1MIN ≥9분이 2회
90min.csv,2026-05-07 11:52,2026-05-07,11:52,1,1단계 조기경보,1,,1MIN ≥9분이 2회
90min.csv,2026-05-07 11:53,2026-05-07,11:53,1,1단계 조기경보,1,,1MIN ≥9분이 3회
90min.csv,2026-05-07 11:54,2026-05-07,11:54,1,1단계 조기경보,1,,1MIN ≥9분이 3회
90min.csv,2026-05-07 11:55,2026-05-07,11:55,1,1단계 조기경보,1,,1MIN ≥9분이 4회
90min.csv,2026-05-07 11:56,2026-05-07,11:56,1,1단계 조기경보,1,,1MIN ≥9분이 4회
90min.csv,2026-05-07 11:57,2026-05-07,11:57,1,1단계 조기경보,1,,1MIN ≥9분이 5회
90min.csv,2026-05-07 11:58,2026-05-07,11:58,1,1단계 조기경보,1,,1MIN ≥9분이 5회
90min.csv,2026-05-07 11:59,2026-05-07,11:59,1,1단계 조기경보,1,,1MIN ≥9분이 5회
90min.csv,2026-05-07 12:00,2026-05-07,12:00,2,2단계 주의보,1,1→2,M14→M16 +32 (10분간 fast)
90min.csv,2026-05-07 12:01,2026-05-07,12:01,2,2단계 주의보,2,,M14→M16 +37 (10분간 fast)
90min.csv,2026-05-07 12:02,2026-05-07,12:02,2,2단계 주의보,2,,M14→M16 +64 (10분간 fast)
90min.csv,2026-05-07 12:03,2026-05-07,12:03,2,2단계 주의보,2,,M14→M16 +75 (10분간 fast)
90min.csv,2026-05-07 12:04,2026-05-07,12:04,2,2단계 주의보,2,,M14→M16 +74 (10분간 fast)
90min.csv,2026-05-07 12:05,2026-05-07,12:05,2,2단계 주의보,2,,M14→M16 +73 (10분간 fast)
90min.csv,2026-05-07 12:06,2026-05-07,12:06,2,2단계 주의보,2,,M14→M16 +46 (10분간 fast)
90min.csv,2026-05-07 12:07,2026-05-07,12:07,1,1단계 조기경보,2,2→1,1MIN ≥9분이 5회
90min.csv,2026-05-07 12:08,2026-05-07,12:08,1,1단계 조기경보,1,,1MIN ≥9분이 5회
90min.csv,2026-05-07 12:09,2026-05-07,12:09,1,1단계 조기경보,1,,1MIN ≥9분이 5회
90min.csv,2026-05-07 12:10,2026-05-07,12:10,1,1단계 조기경보,1,,1MIN ≥9분이 5회
90min.csv,2026-05-07 12:11,2026-05-07,12:11,1,1단계 조기경보,1,,1MIN ≥9분이 5회
90min.csv,2026-05-07 12:12,2026-05-07,12:12,1,1단계 조기경보,1,,1MIN ≥9분이 5회
90min.csv,2026-05-07 12:13,2026-05-07,12:13,1,1단계 조기경보,1,,1MIN ≥9분이 5회
90min.csv,2026-05-07 12:14,2026-05-07,12:14,1,1단계 조기경보,1,,1MIN ≥9분이 5회
90min.csv,2026-05-07 12:15,2026-05-07,12:15,1,1단계 조기경보,1,,1MIN ≥9분이 5회
90min.csv,2026-05-07 12:16,2026-05-07,12:16,1,1단계 조기경보,1,,1MIN ≥9분이 5회
90min.csv,2026-05-07 12:17,2026-05-07,12:17,1,1단계 조기경보,1,,1MIN ≥9분이 5회
90min.csv,2026-05-07 12:18,2026-05-07,12:18,1,1단계 조기경보,1,,1MIN ≥9분이 5회
90min.csv,2026-05-07 12:19,2026-05-07,12:19,1,1단계 조기경보,1,,1MIN ≥9분이 5회
90min.csv,2026-05-07 12:20,2026-05-07,12:20,1,1단계 조기경보,1,,1MIN ≥9분이 5회
90min.csv,2026-05-07 12:21,2026-05-07,12:21,1,1단계 조기경보,1,,1MIN ≥9분이 4회
90min.csv,2026-05-07 12:22,2026-05-07,12:22,1,1단계 조기경보,1,,1MIN ≥9분이 4회
90min.csv,2026-05-07 12:23,2026-05-07,12:23,1,1단계 조기경보,1,,1MIN ≥9분이 3회
90min.csv,2026-05-07 12:24,2026-05-07,12:24,2,2단계 주의보,1,1→2,M14→M16 +39 (10분간 fast)
90min.csv,2026-05-07 12:25,2026-05-07,12:25,2,2단계 주의보,2,,M14→M16 +40 (10분간 fast)
90min.csv,2026-05-07 12:26,2026-05-07,12:26,2,2단계 주의보,2,,M14→M16 +46 (10분간 fast)
90min.csv,2026-05-07 12:27,2026-05-07,12:27,2,2단계 주의보,2,,M14→M16 +63 (10분간 fast)
90min.csv,2026-05-07 12:28,2026-05-07,12:28,2,2단계 주의보,2,,M14→M16 +74 (10분간 fast)
90min.csv,2026-05-07 12:29,2026-05-07,12:29,2,2단계 주의보,2,,M14→M16 +70 (10분간 fast)
90min.csv,2026-05-07 12:30,2026-05-07,12:30,2,2단계 주의보,2,,M14→M16 +58 (10분간 fast)
90min.csv,2026-05-07 12:31,2026-05-07,12:31,2,2단계 주의보,2,,M14→M16 +76 (10분간 fast)
90min.csv,2026-05-07 12:32,2026-05-07,12:32,2,2단계 주의보,2,,M14→M16 +53 (10분간 fast)
90min.csv,2026-05-07 12:33,2026-05-07,12:33,2,2단계 주의보,2,,M14→M16 +31 (10분간 fast)
90min.csv,2026-05-07 12:34,2026-05-07,12:34,,이벤트없음,,,
90min.csv,2026-05-07 12:35,2026-05-07,12:35,1,1단계 조기경보,0,0→1,1MIN ≥9분이 2회
90min.csv,2026-05-07 12:36,2026-05-07,12:36,1,1단계 조기경보,1,,1MIN ≥9분이 2회
90min.csv,2026-05-07 12:37,2026-05-07,12:37,1,1단계 조기경보,1,,1MIN ≥9분이 3회
90min.csv,2026-05-07 12:38,2026-05-07,12:38,1,1단계 조기경보,1,,1MIN ≥9분이 3회
90min.csv,2026-05-07 12:39,2026-05-07,12:39,1,1단계 조기경보,1,,1MIN ≥9분이 4회
90min.csv,2026-05-07 12:40,2026-05-07,12:40,1,1단계 조기경보,1,,1MIN ≥9분이 4회
90min.csv,2026-05-07 12:41,2026-05-07,12:41,1,1단계 조기경보,1,,1MIN ≥9분이 5회
90min.csv,2026-05-07 12:42,2026-05-07,12:42,1,1단계 조기경보,1,,1MIN ≥9분이 5회
90min.csv,2026-05-07 12:43,2026-05-07,12:43,1,1단계 조기경보,1,,1MIN ≥9분이 5회
90min.csv,2026-05-07 12:44,2026-05-07,12:44,1,1단계 조기경보,1,,1MIN ≥9분이 5회
90min.csv,2026-05-07 12:45,2026-05-07,12:45,1,1단계 조기경보,1,,1MIN ≥9분이 5회
90min.csv,2026-05-07 12:46,2026-05-07,12:46,1,1단계 조기경보,1,,1MIN ≥9분이 5회
90min.csv,2026-05-07 12:47,2026-05-07,12:47,1,1단계 조기경보,1,,1MIN ≥9분이 5회
90min.csv,2026-05-07 12:48,2026-05-07,12:48,1,1단계 조기경보,1,,1MIN ≥9분이 5회
90min.csv,2026-05-07 12:49,2026-05-07,12:49,1,1단계 조기경보,1,,1MIN ≥9분이 5회
90min.csv,2026-05-07 12:50,2026-05-07,12:50,1,1단계 조기경보,1,,1MIN ≥9분이 5회
90min.csv,2026-05-07 12:51,2026-05-07,12:51,1,1단계 조기경보,1,,1MIN ≥9분이 5회
90min.csv,2026-05-07 12:52,2026-05-07,12:52,1,1단계 조기경보,1,,1MIN ≥9분이 5회
90min.csv,2026-05-07 12:53,2026-05-07,12:53,1,1단계 조기경보,1,,1MIN ≥9분이 5회
90min.csv,2026-05-07 12:54,2026-05-07,12:54,1,1단계 조기경보,1,,1MIN ≥9분이 5회
90min.csv,2026-05-07 12:55,2026-05-07,12:55,1,1단계 조기경보,1,,1MIN ≥9분이 5회
90min.csv,2026-05-07 12:56,2026-05-07,12:56,1,1단계 조기경보,1,,1MIN ≥9분이 5회
90min.csv,2026-05-07 12:57,2026-05-07,12:57,1,1단계 조기경보,1,,1MIN ≥9분이 4회
90min.csv,2026-05-07 12:58,2026-05-07,12:58,1,1단계 조기경보,1,,1MIN ≥9분이 4회
90min.csv,2026-05-07 12:59,2026-05-07,12:59,1,1단계 조기경보,1,,1MIN ≥9분이 3회
90min.csv,2026-05-07 13:00,2026-05-07,13:00,2,2단계 주의보,1,1→2,M14→M16 +47 (10분간 fast)
90min.csv,2026-05-07 13:01,2026-05-07,13:01,2,2단계 주의보,2,,M14→M16 +56 (10분간 fast)
90min.csv,2026-05-07 13:02,2026-05-07,13:02,2,2단계 주의보,2,,M14→M16 +54 (10분간 fast)
90min.csv,2026-05-07 13:03,2026-05-07,13:03,2,2단계 주의보,2,,M14→M16 +55 (10분간 fast)
90min.csv,2026-05-07 13:04,2026-05-07,13:04,2,2단계 주의보,2,,M14→M16 +39 (10분간 fast)
90min.csv,2026-05-07 13:05,2026-05-07,13:05,2,2단계 주의보,2,,M14→M16 +34 (10분간 fast)
90min.csv,2026-05-07 13:06,2026-05-07,13:06,1,1단계 조기경보,2,2→1,1MIN ≥9분이 3회
90min.csv,2026-05-07 13:07,2026-05-07,13:07,1,1단계 조기경보,1,,1MIN ≥9분이 3회
90min.csv,2026-05-07 13:08,2026-05-07,13:08,1,1단계 조기경보,1,,1MIN ≥9분이 3회
90min.csv,2026-05-07 13:09,2026-05-07,13:09,1,1단계 조기경보,1,,1MIN ≥9분이 3회
90min.csv,2026-05-07 13:10,2026-05-07,13:10,1,1단계 조기경보,1,,1MIN ≥9분이 3회
90min.csv,2026-05-07 13:11,2026-05-07,13:11,1,1단계 조기경보,1,,1MIN ≥9분이 2회
90min.csv,2026-05-07 13:12,2026-05-07,13:12,1,1단계 조기경보,1,,1MIN ≥9분이 2회
90min.csv,2026-05-07 13:13,2026-05-07,13:13,1,1단계 조기경보,1,,1MIN ≥6분 지속
90min.csv,2026-05-07 13:14,2026-05-07,13:14,1,1단계 조기경보,1,,1MIN ≥6분 지속
90min.csv,2026-05-07 13:15,2026-05-07,13:15,1,1단계 조기경보,1,,1MIN ≥6분 지속
90min.csv,2026-05-07 13:16,2026-05-07,13:16,1,1단계 조기경보,1,,1MIN ≥6분 지속
90min.csv,2026-05-07 13:17,2026-05-07,13:17,1,1단계 조기경보,1,,1MIN ≥6분 지속
90min.csv,2026-05-07 13:18,2026-05-07,13:18,1,1단계 조기경보,1,,1MIN ≥6분 지속
90min.csv,2026-05-07 13:19,2026-05-07,13:19,1,1단계 조기경보,1,,1MIN ≥6분 지속
90min.csv,2026-05-07 13:20,2026-05-07,13:20,1,1단계 조기경보,1,,1MIN ≥6분 지속
90min.csv,2026-05-07 13:21,2026-05-07,13:21,1,1단계 조기경보,1,,1MIN ≥6분 지속
90min.csv,2026-05-07 13:22,2026-05-07,13:22,1,1단계 조기경보,1,,1MIN ≥6분 지속
90min.csv,2026-05-07 13:23,2026-05-07,13:23,1,1단계 조기경보,1,,1MIN ≥6분 지속
90min.csv,2026-05-07 13:24,2026-05-07,13:24,1,1단계 조기경보,1,,1MIN ≥6분 지속
90min.csv,2026-05-07 13:25,2026-05-07,13:25,1,1단계 조기경보,1,,1MIN ≥6분 지속
90min.csv,2026-05-07 13:26,2026-05-07,13:26,1,1단계 조기경보,1,,1MIN ≥6분 지속
90min.csv,2026-05-07 13:27,2026-05-07,13:27,1,1단계 조기경보,1,,1MIN ≥6분 지속
90min.csv,2026-05-07 13:28,2026-05-07,13:28,,이벤트없음,,,
90min.csv,2026-05-07 13:29,2026-05-07,13:29,1,1단계 조기경보,0,0→1,1MIN ≥6분 지속
90min.csv,2026-05-07 13:30,2026-05-07,13:30,,이벤트없음,,,
90min.csv,2026-05-07 13:31,2026-05-07,13:31,1,1단계 조기경보,0,0→1,1MIN ≥6분 지속
90min.csv,2026-05-07 13:32,2026-05-07,13:32,,이벤트없음,,,
90min.csv,2026-05-07 13:33,2026-05-07,13:33,1,1단계 조기경보,0,0→1,1MIN ≥6분 지속
90min.csv,2026-05-07 13:34,2026-05-07,13:34,,이벤트없음,,,
90min.csv,2026-05-07 13:35,2026-05-07,13:35,1,1단계 조기경보,0,0→1,1MIN ≥6분 지속
90min.csv,2026-05-07 13:36,2026-05-07,13:36,,이벤트없음,,,
90min.csv,2026-05-07 13:37,2026-05-07,13:37,1,1단계 조기경보,0,0→1,1MIN ≥6분 지속
90min.csv,2026-05-07 13:38,2026-05-07,13:38,,이벤트없음,,,
90min.csv,2026-05-07 13:39,2026-05-07,13:39,1,1단계 조기경보,0,0→1,1MIN ≥6분 지속
90min.csv,2026-05-07 13:40,2026-05-07,13:40,,이벤트없음,,,
90min.csv,2026-05-07 13:41,2026-05-07,13:41,1,1단계 조기경보,0,0→1,1MIN ≥6분 지속
90min.csv,2026-05-07 13:42,2026-05-07,13:42,,이벤트없음,,,
90min.csv,2026-05-07 13:43,2026-05-07,13:43,1,1단계 조기경보,0,0→1,1MIN ≥6분 지속
90min.csv,2026-05-07 13:44,2026-05-07,13:44,,이벤트없음,,,
90min.csv,2026-05-07 13:45,2026-05-07,13:45,1,1단계 조기경보,0,0→1,1MIN ≥6분 지속
90min.csv,2026-05-07 13:46,2026-05-07,13:46,,이벤트없음,,,
90min.csv,2026-05-07 13:47,2026-05-07,13:47,1,1단계 조기경보,0,0→1,1MIN ≥6분 지속
90min.csv,2026-05-07 13:48,2026-05-07,13:48,,이벤트없음,,,
90min.csv,2026-05-07 13:49,2026-05-07,13:49,1,1단계 조기경보,0,0→1,1MIN ≥6분 지속
90min.csv,2026-05-07 13:50,2026-05-07,13:50,,이벤트없음,,,
90min.csv,2026-05-07 13:51,2026-05-07,13:51,1,1단계 조기경보,0,0→1,1MIN ≥6분 지속
90min.csv,2026-05-07 13:52,2026-05-07,13:52,,이벤트없음,,,
90min.csv,2026-05-07 13:53,2026-05-07,13:53,1,1단계 조기경보,0,0→1,1MIN ≥9분이 2회
90min.csv,2026-05-07 13:54,2026-05-07,13:54,1,1단계 조기경보,1,,1MIN ≥9분이 2회
90min.csv,2026-05-07 13:55,2026-05-07,13:55,1,1단계 조기경보,1,,1MIN ≥9분이 3회
90min.csv,2026-05-07 13:56,2026-05-07,13:56,1,1단계 조기경보,1,,1MIN ≥9분이 3회
90min.csv,2026-05-07 13:57,2026-05-07,13:57,1,1단계 조기경보,1,,1MIN ≥9분이 4회
90min.csv,2026-05-07 13:58,2026-05-07,13:58,1,1단계 조기경보,1,,1MIN ≥9분이 4회
90min.csv,2026-05-07 13:59,2026-05-07,13:59,1,1단계 조기경보,1,,1MIN ≥9분이 5회
90min.csv,2026-05-07 14:00,2026-05-07,14:00,1,1단계 조기경보,1,,1MIN ≥9분이 5회
90min.csv,2026-05-07 14:01,2026-05-07,14:01,1,1단계 조기경보,1,,1MIN ≥9분이 5회
90min.csv,2026-05-07 14:02,2026-05-07,14:02,1,1단계 조기경보,1,,1MIN ≥9분이 5회
90min.csv,2026-05-07 14:03,2026-05-07,14:03,1,1단계 조기경보,1,,1MIN ≥9분이 5회
90min.csv,2026-05-07 14:04,2026-05-07,14:04,1,1단계 조기경보,1,,1MIN ≥9분이 5회
90min.csv,2026-05-07 14:05,2026-05-07,14:05,1,1단계 조기경보,1,,1MIN ≥9분이 5회
90min.csv,2026-05-07 14:06,2026-05-07,14:06,1,1단계 조기경보,1,,1MIN ≥9분이 5회
90min.csv,2026-05-07 14:07,2026-05-07,14:07,1,1단계 조기경보,1,,1MIN ≥9분이 4회
90min.csv,2026-05-07 14:08,2026-05-07,14:08,1,1단계 조기경보,1,,1MIN ≥9분이 4회
90min.csv,2026-05-07 14:09,2026-05-07,14:09,1,1단계 조기경보,1,,1MIN ≥9분이 3회
90min.csv,2026-05-07 14:10,2026-05-07,14:10,1,1단계 조기경보,1,,1MIN ≥9분이 3회
90min.csv,2026-05-07 14:11,2026-05-07,14:11,1,1단계 조기경보,1,,1MIN ≥9분이 2회
90min.csv,2026-05-07 14:12,2026-05-07,14:12,1,1단계 조기경보,1,,1MIN ≥9분이 2회
90min.csv,2026-05-07 14:13,2026-05-07,14:13,1,1단계 조기경보,1,,1MIN ≥6분 지속
90min.csv,2026-05-07 14:14,2026-05-07,14:14,2,2단계 주의보,1,1→2,M14→M16 +43 (10분간 fast)
90min.csv,2026-05-07 14:15,2026-05-07,14:15,1,1단계 조기경보,2,2→1,1MIN ≥6분 지속
90min.csv,2026-05-07 14:16,2026-05-07,14:16,1,1단계 조기경보,1,,1MIN ≥6분 지속
90min.csv,2026-05-07 14:17,2026-05-07,14:17,1,1단계 조기경보,1,,1MIN ≥6분 지속
90min.csv,2026-05-07 14:18,2026-05-07,14:18,1,1단계 조기경보,1,,1MIN ≥6분 지속
90min.csv,2026-05-07 14:19,2026-05-07,14:19,1,1단계 조기경보,1,,1MIN ≥6분 지속
90min.csv,2026-05-07 14:20,2026-05-07,14:20,,이벤트없음,,,
90min.csv,2026-05-07 14:21,2026-05-07,14:21,,이벤트없음,,,
90min.csv,2026-05-07 14:22,2026-05-07,14:22,,이벤트없음,,,
90min.csv,2026-05-07 14:23,2026-05-07,14:23,,이벤트없음,,,
90min.csv,2026-05-07 14:24,2026-05-07,14:24,,이벤트없음,,,
90min.csv,2026-05-07 14:25,2026-05-07,14:25,,이벤트없음,,,
90min.csv,2026-05-07 14:26,2026-05-07,14:26,,이벤트없음,,,
90min.csv,2026-05-07 14:27,2026-05-07,14:27,,이벤트없음,,,
90min.csv,2026-05-07 14:28,2026-05-07,14:28,2,2단계 주의보,0,0→2,M14→M16 +38 (10분간 fast)
90min.csv,2026-05-07 14:29,2026-05-07,14:29,2,2단계 주의보,2,,M14→M16 +33 (10분간 fast)
90min.csv,2026-05-07 14:30,2026-05-07,14:30,,이벤트없음,,,
90min.csv,2026-05-07 14:31,2026-05-07,14:31,1,1단계 조기경보,0,0→1,1MIN ≥6분 지속
90min.csv,2026-05-07 14:32,2026-05-07,14:32,,이벤트없음,,,
90min.csv,2026-05-07 14:33,2026-05-07,14:33,1,1단계 조기경보,0,0→1,1MIN ≥6분 지속
90min.csv,2026-05-07 14:34,2026-05-07,14:34,,이벤트없음,,,
90min.csv,2026-05-07 14:35,2026-05-07,14:35,1,1단계 조기경보,0,0→1,1MIN ≥6분 지속
90min.csv,2026-05-07 14:36,2026-05-07,14:36,1,1단계 조기경보,1,,1MIN ≥6분 지속
90min.csv,2026-05-07 14:37,2026-05-07,14:37,1,1단계 조기경보,1,,1MIN ≥6분 지속
90min.csv,2026-05-07 14:38,2026-05-07,14:38,1,1단계 조기경보,1,,1MIN ≥6분 지속
90min.csv,2026-05-07 14:39,2026-05-07,14:39,1,1단계 조기경보,1,,1MIN ≥6분 지속
90min.csv,2026-05-07 14:40,2026-05-07,14:40,1,1단계 조기경보,1,,1MIN ≥6분 지속
90min.csv,2026-05-07 14:41,2026-05-07,14:41,1,1단계 조기경보,1,,1MIN ≥6분 지속
90min.csv,2026-05-07 14:42,2026-05-07,14:42,1,1단계 조기경보,1,,1MIN ≥6분 지속
90min.csv,2026-05-07 14:43,2026-05-07,14:43,1,1단계 조기경보,1,,1MIN ≥6분 지속
90min.csv,2026-05-07 14:44,2026-05-07,14:44,1,1단계 조기경보,1,,1MIN ≥6분 지속
90min.csv,2026-05-07 14:45,2026-05-07,14:45,1,1단계 조기경보,1,,1MIN ≥6분 지속
90min.csv,2026-05-07 14:46,2026-05-07,14:46,1,1단계 조기경보,1,,1MIN ≥6분 지속
90min.csv,2026-05-07 14:47,2026-05-07,14:47,1,1단계 조기경보,1,,1MIN ≥6분 지속
90min.csv,2026-05-07 14:48,2026-05-07,14:48,1,1단계 조기경보,1,,1MIN ≥6분 지속
90min.csv,2026-05-07 14:49,2026-05-07,14:49,1,1단계 조기경보,1,,1MIN ≥6분 지속
90min.csv,2026-05-07 14:50,2026-05-07,14:50,1,1단계 조기경보,1,,1MIN ≥6분 지속
90min.csv,2026-05-07 14:51,2026-05-07,14:51,1,1단계 조기경보,1,,1MIN ≥6분 지속
90min.csv,2026-05-07 14:52,2026-05-07,14:52,1,1단계 조기경보,1,,1MIN ≥6분 지속
90min.csv,2026-05-07 14:53,2026-05-07,14:53,1,1단계 조기경보,1,,1MIN ≥6분 지속
90min.csv,2026-05-07 14:54,2026-05-07,14:54,1,1단계 조기경보,1,,1MIN ≥6분 지속
90min.csv,2026-05-07 14:55,2026-05-07,14:55,,이벤트없음,,,
90min.csv,2026-05-07 14:56,2026-05-07,14:56,1,1단계 조기경보,0,0→1,1MIN ≥6분 지속
90min.csv,2026-05-07 14:57,2026-05-07,14:57,,이벤트없음,,,
90min.csv,2026-05-07 14:58,2026-05-07,14:58,,이벤트없음,,,
90min.csv,2026-05-07 14:59,2026-05-07,14:59,,이벤트없음,,,
90min.csv,2026-05-07 15:00,2026-05-07,15:00,,이벤트없음,,,
90min.csv,2026-05-07 15:01,2026-05-07,15:01,,이벤트없음,,,
90min.csv,2026-05-07 15:02,2026-05-07,15:02,,이벤트없음,,,
90min.csv,2026-05-07 15:03,2026-05-07,15:03,,이벤트없음,,,
90min.csv,2026-05-07 15:04,2026-05-07,15:04,,이벤트없음,,,
90min.csv,2026-05-07 15:05,2026-05-07,15:05,,이벤트없음,,,
90min.csv,2026-05-07 15:06,2026-05-07,15:06,,이벤트없음,,,
90min.csv,2026-05-07 15:07,2026-05-07,15:07,,이벤트없음,,,
90min.csv,2026-05-07 15:08,2026-05-07,15:08,,이벤트없음,,,
90min.csv,2026-05-07 15:09,2026-05-07,15:09,,이벤트없음,,,
90min.csv,2026-05-07 15:10,2026-05-07,15:10,,이벤트없음,,,
90min.csv,2026-05-07 15:11,2026-05-07,15:11,,이벤트없음,,,
90min.csv,2026-05-07 15:12,2026-05-07,15:12,,이벤트없음,,,
90min.csv,2026-05-07 15:13,2026-05-07,15:13,,이벤트없음,,,
90min.csv,2026-05-07 15:14,2026-05-07,15:14,,이벤트없음,,,
90min.csv,2026-05-07 15:15,2026-05-07,15:15,,이벤트없음,,,
90min.csv,2026-05-07 15:16,2026-05-07,15:16,,이벤트없음,,,
90min.csv,2026-05-07 15:17,2026-05-07,15:17,1,1단계 조기경보,0,0→1,1MIN ≥6분 지속
90min.csv,2026-05-07 15:18,2026-05-07,15:18,,이벤트없음,,,
90min.csv,2026-05-07 15:19,2026-05-07,15:19,,이벤트없음,,,
90min.csv,2026-05-07 15:20,2026-05-07,15:20,1,1단계 조기경보,0,0→1,1MIN ≥6분 지속
90min.csv,2026-05-07 15:21,2026-05-07,15:21,,이벤트없음,,,
90min.csv,2026-05-07 15:22,2026-05-07,15:22,,이벤트없음,,,
90min.csv,2026-05-07 15:23,2026-05-07,15:23,,이벤트없음,,,
90min.csv,2026-05-07 15:24,2026-05-07,15:24,,이벤트없음,,,
90min.csv,2026-05-07 15:25,2026-05-07,15:25,,이벤트없음,,,
90min.csv,2026-05-07 15:26,2026-05-07,15:26,,이벤트없음,,,
90min.csv,2026-05-07 15:27,2026-05-07,15:27,,이벤트없음,,,
90min.csv,2026-05-07 15:28,2026-05-07,15:28,,이벤트없음,,,
90min.csv,2026-05-07 15:29,2026-05-07,15:29,,이벤트없음,,,
90min.csv,2026-05-07 15:30,2026-05-07,15:30,,이벤트없음,,,
90min.csv,2026-05-07 15:31,2026-05-07,15:31,,이벤트없음,,,
90min.csv,2026-05-07 15:32,2026-05-07,15:32,,이벤트없음,,,
90min.csv,2026-05-07 15:33,2026-05-07,15:33,,이벤트없음,,,
90min.csv,2026-05-07 15:34,2026-05-07,15:34,,이벤트없음,,,
90min.csv,2026-05-07 15:35,2026-05-07,15:35,,이벤트없음,,,
90min.csv,2026-05-07 15:36,2026-05-07,15:36,2,2단계 주의보,0,0→2,M14→M16 +35 (10분간 fast)
90min.csv,2026-05-07 15:37,2026-05-07,15:37,,이벤트없음,,,
90min.csv,2026-05-07 15:38,2026-05-07,15:38,,이벤트없음,,,
90min.csv,2026-05-07 15:39,2026-05-07,15:39,,이벤트없음,,,
90min.csv,2026-05-07 15:40,2026-05-07,15:40,,이벤트없음,,,
90min.csv,2026-05-07 15:41,2026-05-07,15:41,,이벤트없음,,,
90min.csv,2026-05-07 15:42,2026-05-07,15:42,,이벤트없음,,,
90min.csv,2026-05-07 15:43,2026-05-07,15:43,,이벤트없음,,,
90min.csv,2026-05-07 15:44,2026-05-07,15:44,,이벤트없음,,,
90min.csv,2026-05-07 15:45,2026-05-07,15:45,,이벤트없음,,,
90min.csv,2026-05-07 15:46,2026-05-07,15:46,,이벤트없음,,,
90min.csv,2026-05-07 15:47,2026-05-07,15:47,,이벤트없음,,,
90min.csv,2026-05-07 15:48,2026-05-07,15:48,,이벤트없음,,,
90min.csv,2026-05-07 15:49,2026-05-07,15:49,,이벤트없음,,,
90min.csv,2026-05-07 15:50,2026-05-07,15:50,,이벤트없음,,,
90min.csv,2026-05-07 15:51,2026-05-07,15:51,,이벤트없음,,,
90min.csv,2026-05-07 15:52,2026-05-07,15:52,,이벤트없음,,,
90min.csv,2026-05-07 15:53,2026-05-07,15:53,,이벤트없음,,,
90min.csv,2026-05-07 15:54,2026-05-07,15:54,,이벤트없음,,,
90min.csv,2026-05-07 15:55,2026-05-07,15:55,,이벤트없음,,,
90min.csv,2026-05-07 15:56,2026-05-07,15:56,,이벤트없음,,,
90min.csv,2026-05-07 15:57,2026-05-07,15:57,,이벤트없음,,,
90min.csv,2026-05-07 15:58,2026-05-07,15:58,2,2단계 주의보,0,0→2,M14→M16 +38 (10분간 fast)
90min.csv,2026-05-07 15:59,2026-05-07,15:59,2,2단계 주의보,2,,M14→M16 +34 (10분간 fast)
90min.csv,2026-05-07 16:00,2026-05-07,16:00,2,2단계 주의보,2,,M14→M16 +71 (10분간 fast)
90min.csv,2026-05-07 16:01,2026-05-07,16:01,2,2단계 주의보,2,,M14→M16 +57 (10분간 fast)
90min.csv,2026-05-07 16:02,2026-05-07,16:02,2,2단계 주의보,2,,M14→M16 +84 (10분간 fast)
90min.csv,2026-05-07 16:03,2026-05-07,16:03,2,2단계 주의보,2,,M14→M16 +66 (10분간 fast)
90min.csv,2026-05-07 16:04,2026-05-07,16:04,2,2단계 주의보,2,,M14→M16 +76 (10분간 fast)
90min.csv,2026-05-07 16:05,2026-05-07,16:05,2,2단계 주의보,2,,M14→M16 +75 (10분간 fast)
90min.csv,2026-05-07 16:06,2026-05-07,16:06,2,2단계 주의보,2,,M14→M16 +32 (10분간 fast)
90min.csv,2026-05-07 16:07,2026-05-07,16:07,2,2단계 주의보,2,,M14→M16 +34 (10분간 fast)
90min.csv,2026-05-07 16:08,2026-05-07,16:08,,이벤트없음,,,
90min.csv,2026-05-07 16:09,2026-05-07,16:09,,이벤트없음,,,
90min.csv,2026-05-07 16:10,2026-05-07,16:10,,이벤트없음,,,
90min.csv,2026-05-07 16:11,2026-05-07,16:11,,이벤트없음,,,
90min.csv,2026-05-07 16:12,2026-05-07,16:12,,이벤트없음,,,
