ADDRESS,HID_ID,근거
1,30,이웃보정
100,30,로그확정
101,30,이웃보정
103,30,이웃보정
900,36,이웃보정
901,36,이웃보정
903,36,이웃보정
1001,1,로그확정
1002,1,로그확정
1003,1,로그확정
1004,1,로그확정
1005,1,로그확정
1006,1,로그확정
1007,1,로그확정
1008,1,로그확정
1009,1,로그확정
1010,1,로그확정
1011,1,로그확정
1012,1,로그확정
1013,1,로그확정
1014,1,로그확정
1015,1,로그확정
1021,2,로그확정
1022,2,로그확정
1023,2,로그확정
1024,2,로그확정
1025,2,로그확정
1026,2,로그확정
1027,2,로그확정
1028,2,로그확정
1029,2,로그확정
1030,2,로그확정
1031,2,로그확정
1032,2,로그확정
1033,2,로그확정
1034,2,로그확정
1035,2,로그확정
1036,2,로그확정
1037,2,로그확정
1038,2,로그확정
1039,2,로그확정
1040,2,로그확정
1041,2,로그확정
1042,2,로그확정
1043,2,로그확정
1044,2,로그확정
1045,2,로그확정
1046,2,로그확정
1047,2,로그확정
1048,2,로그확정
1049,2,로그확정
1050,2,로그확정
1051,2,로그확정
1052,2,로그확정
1053,2,로그확정
1054,2,로그확정
1055,2,로그확정
1056,2,로그확정
1057,2,로그확정
1058,2,로그확정
1059,2,로그확정
1060,2,로그확정
1061,2,로그확정
1062,2,로그확정
1063,2,로그확정
1064,2,로그확정
1065,2,로그확정
1066,2,로그확정
1067,2,로그확정
1068,2,로그확정
1069,2,로그확정
1070,2,로그다수
1071,2,로그다수
1072,2,로그확정
1073,2,로그확정
1074,3,로그확정
1075,2,로그다수
1076,2,로그확정
1077,2,로그확정
1078,3,로그확정
1079,2,로그확정
1080,2,로그확정
1081,2,로그확정
1082,3,로그확정
1083,2,로그확정
1084,2,이웃보정
1085,2,로그확정
1086,3,로그확정
1087,2,로그확정
1088,2,로그확정
1089,3,로그확정
1090,2,로그확정
1091,2,로그확정
1092,3,로그다수
1093,2,로그확정
1094,2,로그확정
1095,2,이웃보정
1096,2,로그다수
1097,2,이웃보정
1098,2,로그다수
1099,2,로그확정
1100,2,로그확정
1101,2,로그확정
1102,3,로그확정
1103,2,로그확정
1104,2,로그확정
1105,2,로그확정
1106,3,로그확정
1107,2,로그확정
1108,2,이웃보정
1109,2,로그다수
1110,2,로그다수
1111,2,로그확정
1112,2,로그다수
1113,3,로그확정
1114,8,로그확정
1115,2,로그다수
1116,2,로그다수
1117,2,이웃보정
1118,8,로그다수
1119,2,로그확정
1120,8,로그다수
1121,16,이웃보정
1122,16,로그다수
1123,2,로그확정
1124,8,로그다수
1125,16,로그확정
1126,8,로그확정
1127,16,로그다수
1128,8,로그다수
1129,16,로그확정
1130,8,로그다수
1131,16,로그확정
1132,8,로그확정
1133,16,로그확정
1134,8,로그다수
1135,16,로그확정
1136,8,로그확정
1137,16,로그확정
1138,8,로그다수
1139,16,로그확정
1140,8,로그확정
1141,16,로그확정
1142,16,이웃보정
1143,16,이웃보정
1144,16,로그다수
1145,16,이웃보정
1146,16,로그다수
1147,16,로그확정
1148,8,로그다수
1149,16,로그다수
1150,8,로그확정
1151,8,이웃보정
1152,16,로그다수
1153,8,로그확정
1154,8,로그확정
1155,16,로그다수
1156,16,로그다수
1157,16,이웃보정
1158,2,이웃보정
1159,2,로그확정
1160,8,로그확정
1161,16,로그확정
1162,16,이웃보정
1163,8,이웃보정
1164,8,로그확정
1165,8,이웃보정
1166,8,로그확정
1167,8,로그확정
1168,20,이웃보정
1169,20,로그확정
1170,20,이웃보정
1171,8,로그다수
1172,20,로그확정
1173,22,로그확정
1174,8,로그다수
1175,16,로그다수
1176,22,로그다수
1177,22,이웃보정
1178,22,로그다수
1179,16,로그다수
1180,22,로그확정
1181,22,로그다수
1182,22,로그다수
1183,22,로그확정
1184,22,로그다수
1185,22,로그다수
1186,22,로그확정
1187,22,로그확정
1188,22,로그다수
1189,22,로그다수
1190,22,로그다수
1191,22,로그다수
1192,22,로그다수
1193,22,로그다수
1194,22,로그다수
1195,22,이웃보정
1196,22,이웃보정
1197,22,로그확정
1198,16,로그확정
1199,16,이웃보정
1200,16,이웃보정
1201,22,이웃보정
1202,22,로그다수
1203,22,이웃보정
1204,22,이웃보정
1205,22,이웃보정
1206,22,로그확정
1207,23,로그다수
1208,26,로그확정
1209,22,로그확정
1210,22,이웃보정
1211,23,로그확정
1212,26,로그확정
1213,22,로그확정
1214,23,로그확정
1215,26,로그확정
1216,22,로그다수
1217,22,로그확정
1218,20,로그다수
1219,20,이웃보정
1220,27,이웃보정
1221,26,로그다수
1222,21,로그다수
1223,21,이웃보정
1224,26,로그확정
1225,26,로그다수
1226,26,로그다수
1227,26,로그다수
1228,26,로그다수
1229,26,로그다수
1230,26,로그다수
1231,26,로그확정
1232,26,로그확정
1233,26,로그확정
1234,26,로그확정
1235,26,로그확정
1236,26,로그다수
1237,26,로그확정
1238,26,로그확정
1239,26,로그다수
1240,26,로그확정
1241,26,로그확정
1242,26,로그확정
1243,26,로그확정
1244,26,로그확정
1245,26,로그확정
1246,26,로그확정
1247,26,로그다수
1248,26,로그다수
1249,34,이웃보정
1250,34,로그다수
1251,34,로그다수
1252,34,로그확정
1253,34,로그확정
1254,34,로그확정
1255,34,로그다수
1256,34,로그확정
1257,34,로그확정
1258,34,로그확정
1259,34,로그다수
1260,34,로그확정
1261,34,로그확정
1262,34,로그확정
1263,34,로그확정
1264,34,로그확정
1265,34,로그확정
1266,34,로그확정
1267,34,로그확정
1268,34,로그확정
1269,34,로그확정
1270,34,로그확정
1271,34,로그확정
1272,34,로그확정
1273,34,로그확정
1274,34,로그확정
1275,34,로그확정
1276,34,로그확정
1277,34,로그확정
1278,34,로그확정
1279,34,로그확정
1280,34,로그확정
1281,34,로그확정
1282,34,로그확정
1283,34,로그확정
1284,34,로그확정
1285,34,로그확정
1286,34,로그확정
1287,34,로그확정
1288,34,로그확정
1289,34,로그확정
1290,34,로그확정
1291,34,로그확정
1292,34,로그확정
1293,34,로그확정
1294,34,로그확정
1295,34,로그확정
1296,34,로그확정
1297,34,로그확정
1298,34,로그확정
1299,34,로그확정
1300,34,로그확정
1301,34,로그확정
1302,34,로그확정
1303,34,로그확정
1304,34,로그확정
1305,34,로그확정
1306,34,로그확정
1307,34,로그확정
1308,34,로그확정
1309,34,로그확정
1310,34,로그확정
1311,34,로그확정
1312,34,로그확정
1313,34,로그확정
1314,34,로그확정
1315,34,로그다수
1316,34,로그확정
1317,34,로그확정
1318,34,로그다수
1319,34,로그확정
1320,34,로그확정
1321,28,로그다수
1322,28,로그확정
1323,28,로그확정
1324,28,로그확정
1325,28,로그확정
1326,28,로그확정
1327,28,로그확정
1328,28,로그확정
1329,28,로그확정
1330,28,로그확정
1331,28,로그확정
1332,28,로그확정
1333,28,로그확정
1334,28,로그확정
1335,28,로그확정
1336,28,로그확정
1337,28,로그확정
1338,28,로그확정
1339,28,로그확정
1340,28,로그확정
1341,28,로그확정
1342,28,로그확정
1343,28,로그확정
1344,28,로그확정
1345,28,로그확정
1346,28,로그확정
1347,28,로그확정
1348,28,로그확정
1349,28,로그확정
1350,28,로그확정
1351,28,로그확정
1352,28,로그확정
1353,28,로그확정
1354,28,로그확정
1355,28,로그확정
1356,28,로그확정
1357,28,로그확정
1358,28,로그확정
1359,28,로그확정
1360,28,로그확정
1361,28,로그확정
1362,28,로그다수
1363,25,로그다수
1364,25,이웃보정
1365,25,로그다수
1366,25,로그확정
1367,25,로그확정
1368,25,로그확정
1369,25,로그확정
1370,25,로그확정
1371,25,로그확정
1372,25,로그확정
1373,25,로그확정
1374,25,로그확정
1375,25,로그확정
1376,25,로그확정
1377,25,로그확정
1378,25,로그확정
1379,25,로그확정
1380,25,로그확정
1381,25,로그확정
1382,25,로그확정
1383,25,로그확정
1384,25,로그확정
1385,25,로그확정
1386,25,로그확정
1387,25,로그확정
1388,25,로그확정
1389,25,로그확정
1390,25,로그확정
1391,25,로그확정
1392,25,로그확정
1393,25,로그확정
1394,25,로그확정
1395,25,로그확정
1396,25,로그확정
1397,25,로그확정
1398,25,로그확정
1399,25,로그확정
1400,25,로그확정
1401,25,로그확정
1402,25,로그확정
1403,25,로그확정
1404,25,로그확정
1405,25,로그확정
1406,25,로그확정
1407,25,로그확정
1408,19,로그확정
1409,25,로그확정
1410,19,로그확정
1411,25,로그확정
1412,19,로그확정
1413,25,로그확정
1414,19,로그확정
1415,19,로그다수
1416,19,로그확정
1417,19,로그다수
1418,19,로그확정
1419,19,로그다수
1420,19,로그확정
1421,19,로그다수
1422,19,로그다수
1423,19,로그확정
1424,19,로그확정
1425,19,로그확정
1426,19,로그확정
1427,19,로그확정
1428,19,로그확정
1429,19,로그확정
1430,19,로그확정
1431,19,로그확정
1432,19,이웃보정
1433,19,로그확정
1434,19,로그확정
1435,19,이웃보정
1436,19,이웃보정
1437,19,로그확정
1438,19,로그확정
1439,19,이웃보정
1440,19,로그확정
1441,19,로그확정
1442,20,로그확정
1443,19,로그확정
1444,19,로그다수
1445,19,로그확정
1446,19,로그확정
1447,19,로그다수
1448,19,로그확정
1449,19,이웃보정
1450,19,이웃보정
1451,19,로그확정
1452,19,이웃보정
1453,19,이웃보정
1454,19,이웃보정
1455,19,로그확정
1456,13,로그확정
1457,13,이웃보정
1458,13,이웃보정
1459,13,로그다수
1460,13,로그확정
1461,13,이웃보정
1462,13,로그확정
1463,19,로그확정
1464,13,로그확정
1465,13,이웃보정
1466,13,로그확정
1467,19,로그확정
1468,13,로그확정
1469,13,로그확정
1470,13,로그확정
1471,13,로그다수
1472,13,로그확정
1473,13,로그확정
1474,13,로그확정
1475,13,로그확정
1476,13,로그확정
1477,13,로그다수
1478,13,로그확정
1479,13,로그확정
1480,13,로그다수
1481,13,로그다수
1482,13,이웃보정
1483,13,로그다수
1484,13,로그다수
1485,13,로그다수
1486,13,로그확정
1487,18,로그다수
1488,13,로그확정
1489,13,로그다수
1490,13,로그다수
1491,19,로그확정
1492,13,로그확정
1493,13,로그다수
1494,18,로그확정
1495,13,로그다수
1496,13,로그다수
1497,13,로그다수
1498,13,이웃보정
1499,6,로그다수
1500,6,로그다수
1501,6,이웃보정
1502,6,로그확정
1503,6,로그다수
1504,6,로그확정
1505,6,로그확정
1506,6,로그확정
1507,6,로그확정
1508,6,로그확정
1509,6,로그확정
1510,6,로그확정
1511,6,로그확정
1512,6,로그확정
1513,6,로그확정
1514,6,로그확정
1515,6,로그확정
1516,6,로그확정
1517,6,로그확정
1518,6,로그확정
1519,6,로그확정
1520,6,로그다수
1521,6,로그확정
1522,6,로그확정
1523,6,로그확정
1524,6,로그확정
1525,6,로그확정
1526,6,로그확정
1527,6,로그확정
1528,6,로그확정
1529,6,로그확정
1530,6,로그확정
1531,6,로그확정
1532,6,로그확정
1533,6,로그확정
1534,6,로그확정
1535,6,로그확정
1536,6,로그확정
1537,6,로그확정
1538,6,로그확정
1539,6,로그확정
1540,6,이웃보정
1541,2,로그다수
1542,2,로그확정
1543,2,로그확정
1544,2,로그확정
1545,2,로그확정
1546,2,로그확정
1547,2,로그다수
1548,2,로그확정
1549,2,로그다수
1550,2,로그다수
1551,2,로그다수
1552,2,로그확정
1553,2,로그다수
1554,2,로그확정
1555,2,로그확정
1556,2,로그확정
1557,2,로그확정
1558,2,로그확정
1559,2,로그확정
1560,2,로그확정
1561,2,로그확정
1562,2,로그확정
1563,2,로그다수
1564,2,로그다수
1565,3,이웃보정
1566,3,로그다수
1567,2,로그다수
1568,6,로그다수
1569,6,로그확정
1570,3,로그확정
1571,3,이웃보정
1572,3,로그확정
1573,6,로그다수
1574,6,로그다수
1575,6,로그확정
1576,3,로그확정
1577,3,로그확정
1578,3,로그확정
1579,3,로그확정
1580,3,로그확정
1581,3,로그확정
1582,3,로그확정
1585,1,로그확정
1586,1,로그확정
1587,1,로그확정
1588,1,로그확정
1589,1,로그확정
1590,1,로그확정
1591,1,로그확정
1592,1,로그확정
1593,1,로그확정
1594,1,로그확정
1595,1,로그확정
1596,1,로그확정
1597,1,로그확정
1598,1,로그확정
1599,1,로그확정
1600,1,이웃보정
1601,1,로그확정
1602,1,로그확정
1603,1,로그확정
1604,1,이웃보정
1605,1,로그확정
1606,1,로그확정
1607,1,로그확정
1608,1,이웃보정
1609,1,로그확정
1610,1,로그확정
1611,1,로그확정
1612,1,이웃보정
1613,1,로그확정
1614,1,로그확정
1615,1,로그확정
1616,1,로그확정
1617,1,로그확정
1618,1,로그확정
1619,1,로그확정
1620,1,로그확정
1621,1,로그확정
1622,1,로그확정
1623,1,로그확정
1624,1,로그확정
1625,1,로그확정
1626,1,로그확정
1627,1,로그확정
1628,1,로그확정
1629,1,로그확정
1630,1,로그확정
1631,1,로그확정
1632,1,로그확정
1633,1,로그확정
1634,1,이웃보정
1635,1,로그확정
1636,1,로그확정
1637,1,로그확정
1638,10,로그다수
1639,10,이웃보정
1640,1,로그확정
1641,1,로그확정
1642,1,로그다수
1643,10,로그다수
1644,10,이웃보정
1645,1,이웃보정
1646,1,로그다수
1647,2,로그확정
1648,16,로그다수
1649,1,로그다수
1650,2,이웃보정
1651,2,로그확정
1652,1,로그다수
1653,10,로그다수
1654,10,이웃보정
1655,2,로그확정
1656,16,로그다수
1657,10,로그다수
1658,10,이웃보정
1659,16,이웃보정
1660,16,로그다수
1661,10,로그다수
1662,16,이웃보정
1663,16,로그확정
1664,1,로그확정
1665,10,로그다수
1666,10,이웃보정
1667,16,로그다수
1668,17,로그다수
1669,1,로그확정
1670,16,로그다수
1671,1,로그다수
1672,1,이웃보정
1673,10,이웃보정
1674,10,이웃보정
1675,10,로그확정
1676,17,이웃보정
1677,17,로그확정
1678,17,이웃보정
1679,10,로그확정
1680,10,이웃보정
1681,17,로그확정
1682,17,이웃보정
1683,10,로그확정
1684,10,이웃보정
1685,17,로그확정
1686,17,이웃보정
1687,17,이웃보정
1688,17,이웃보정
1689,17,로그다수
1690,17,이웃보정
1691,17,이웃보정
1692,17,이웃보정
1693,17,이웃보정
1694,17,로그다수
1695,17,이웃보정
1696,17,로그다수
1697,10,로그확정
1698,10,이웃보정
1699,17,이웃보정
1700,17,이웃보정
1701,17,로그다수
1702,23,로그확정
1703,17,로그확정
1704,17,이웃보정
1705,10,로그확정
1706,23,로그확정
1707,17,로그확정
1708,17,이웃보정
1709,10,로그확정
1710,23,로그확정
1711,23,이웃보정
1712,17,이웃보정
1713,17,로그다수
1714,23,로그다수
1715,23,이웃보정
1716,23,이웃보정
1717,23,로그다수
1718,23,이웃보정
1719,27,이웃보정
1720,27,이웃보정
1721,27,로그다수
1722,27,이웃보정
1723,27,로그다수
1724,27,로그확정
1725,27,로그확정
1726,27,로그확정
1727,27,로그다수
1728,27,로그확정
1729,27,로그확정
1730,27,로그확정
1731,27,로그다수
1732,27,로그확정
1733,27,로그확정
1734,27,로그확정
1735,27,로그확정
1736,27,로그확정
1737,27,로그확정
1738,27,로그확정
1739,27,로그확정
1740,27,로그확정
1741,27,로그확정
1742,27,로그확정
1743,27,로그다수
1744,27,로그확정
1745,27,로그확정
1746,27,로그확정
1747,27,로그확정
1748,27,로그확정
1749,27,로그확정
1750,27,로그확정
1751,27,로그확정
1752,27,로그확정
1753,27,로그확정
1754,27,로그확정
1755,27,로그확정
1756,27,로그확정
1757,27,로그확정
1758,27,로그확정
1759,27,로그확정
1760,27,로그확정
1761,27,로그확정
1762,27,로그확정
1763,27,로그확정
1764,27,로그확정
1765,27,로그확정
1766,27,로그확정
1767,27,로그확정
1768,27,로그다수
1769,27,로그다수
1770,32,로그다수
1771,32,로그다수
1772,32,로그다수
1773,32,로그확정
1774,32,로그확정
1775,32,로그다수
1776,32,로그확정
1777,32,로그확정
1778,32,로그다수
1779,32,로그확정
1780,32,로그확정
1781,32,로그확정
1782,32,로그확정
1783,32,로그확정
1784,32,로그확정
1785,32,로그확정
1786,32,로그확정
1787,32,로그확정
1788,32,로그확정
1789,32,로그확정
1790,32,로그확정
1791,32,로그확정
1792,32,로그확정
1793,32,로그확정
1794,32,로그확정
1795,32,로그확정
1796,32,로그확정
1797,32,로그확정
1798,32,로그확정
1799,32,로그확정
1800,32,로그확정
1801,32,로그확정
1802,32,로그확정
1803,32,로그확정
1804,32,로그확정
1805,32,로그확정
1806,32,로그확정
1807,32,로그확정
1808,32,로그확정
1809,32,로그확정
1810,32,로그확정
1811,32,로그확정
1812,32,로그다수
1813,33,로그확정
1814,32,로그확정
1815,32,이웃보정
1816,33,로그확정
1817,31,로그다수
1818,31,로그다수
1819,31,로그확정
1820,31,로그확정
1821,31,로그확정
1822,31,로그확정
1823,31,로그확정
1824,31,로그확정
1825,31,로그확정
1826,31,로그확정
1827,31,로그확정
1828,31,로그확정
1829,31,로그확정
1830,31,로그확정
1831,31,로그확정
1832,31,로그확정
1833,31,로그확정
1834,31,로그확정
1835,31,로그확정
1836,31,로그확정
1837,31,로그확정
1838,31,로그확정
1839,31,로그확정
1840,31,로그확정
1841,31,로그확정
1842,31,로그확정
1843,31,로그확정
1844,31,로그확정
1845,31,로그확정
1846,31,로그확정
1847,31,로그확정
1848,31,로그확정
1849,31,로그확정
1850,31,로그다수
1851,31,이웃보정
1852,24,로그확정
1853,24,로그확정
1854,24,로그확정
1855,24,로그확정
1856,24,로그확정
1857,24,로그확정
1858,24,로그확정
1859,24,로그확정
1860,24,로그확정
1861,24,로그확정
1862,24,로그확정
1863,24,로그확정
1864,24,로그확정
1865,24,로그확정
1866,24,로그확정
1867,24,로그확정
1868,24,로그확정
1869,24,로그확정
1870,24,로그확정
1871,24,로그확정
1872,24,로그확정
1873,24,로그확정
1874,24,로그확정
1875,24,로그확정
1876,24,로그확정
1877,24,로그확정
1878,24,로그확정
1879,24,로그확정
1880,24,로그확정
1881,24,로그확정
1882,24,로그확정
1883,24,로그확정
1884,24,로그확정
1885,24,로그확정
1886,24,로그확정
1887,24,로그확정
1888,24,로그확정
1889,24,로그확정
1890,24,로그확정
1891,24,로그확정
1892,24,로그확정
1893,24,로그확정
1894,24,로그확정
1895,24,로그확정
1896,24,로그확정
1897,24,로그확정
1898,24,로그확정
1899,24,로그확정
1900,24,로그확정
1901,24,로그확정
1902,24,로그확정
1903,24,로그확정
1904,24,로그다수
1905,24,이웃보정
1906,24,이웃보정
1907,18,이웃보정
1908,18,로그다수
1909,18,로그다수
1910,18,로그다수
1911,18,로그다수
1912,18,로그다수
1913,18,로그다수
1914,18,로그다수
1915,18,로그다수
1916,18,로그다수
1917,18,로그확정
1918,18,로그확정
1919,18,로그확정
1920,18,로그확정
1921,18,이웃보정
1922,18,로그확정
1923,18,로그확정
1924,18,로그확정
1925,18,로그확정
1926,18,로그확정
1927,18,로그확정
1928,18,로그확정
1929,18,로그확정
1930,18,로그확정
1931,18,로그확정
1932,18,로그확정
1933,18,로그확정
1934,18,이웃보정
1935,18,로그확정
1936,18,로그확정
1937,18,로그확정
1938,18,이웃보정
1939,18,로그확정
1940,18,로그확정
1941,18,로그확정
1942,18,이웃보정
1943,18,로그확정
1944,18,로그확정
1945,18,로그확정
1946,18,이웃보정
1947,18,로그확정
1948,18,로그확정
1949,18,로그확정
1950,18,이웃보정
1951,18,로그확정
1952,18,로그확정
1953,18,로그확정
1954,18,이웃보정
1955,18,로그확정
1956,18,로그확정
1957,18,로그확정
1958,18,로그다수
1959,18,로그다수
1960,18,로그다수
1961,18,로그다수
1962,12,로그다수
1963,18,로그다수
1964,18,로그다수
1965,18,로그확정
1966,18,로그다수
1967,18,로그다수
1968,20,로그확정
1969,18,로그확정
1970,18,로그다수
1971,20,이웃보정
1972,20,로그다수
1973,18,로그확정
1974,18,로그다수
1975,18,이웃보정
1976,20,로그다수
1977,18,로그확정
1978,18,이웃보정
1979,18,이웃보정
1980,18,로그확정
1981,18,로그다수
1982,18,로그다수
1983,18,로그다수
1984,18,이웃보정
1985,12,이웃보정
1986,12,이웃보정
1987,12,로그다수
1988,18,로그다수
1989,20,로그다수
1990,12,로그다수
1991,12,로그다수
1992,18,로그다수
1993,18,이웃보정
1994,18,로그확정
1995,12,로그다수
1996,18,로그확정
1997,12,로그다수
1998,18,로그확정
1999,12,로그다수
2000,18,로그확정
2001,18,이웃보정
2002,18,로그확정
2003,12,로그다수
2004,18,로그확정
2005,18,이웃보정
2006,12,이웃보정
2007,12,로그다수
2008,12,로그다수
2009,18,로그확정
2010,12,로그확정
2011,18,이웃보정
2012,18,로그다수
2013,12,로그다수
2014,12,로그확정
2015,18,로그다수
2016,12,로그다수
2017,12,로그확정
2018,12,이웃보정
2019,18,로그확정
2020,12,로그확정
2021,12,로그확정
2022,12,이웃보정
2023,12,이웃보정
2024,12,로그다수
2025,12,이웃보정
2026,12,이웃보정
2027,4,이웃보정
2028,4,이웃보정
2029,6,이웃보정
2030,6,이웃보정
2031,5,로그다수
2032,11,로그확정
2033,5,이웃보정
2034,5,로그다수
2035,5,로그확정
2036,11,로그다수
2037,5,로그다수
2038,5,로그다수
2039,5,이웃보정
2040,5,이웃보정
2041,5,이웃보정
2042,5,이웃보정
2043,5,로그다수
2044,5,이웃보정
2045,5,로그확정
2046,5,이웃보정
2047,5,로그확정
2048,5,로그다수
2049,5,로그확정
2050,5,로그다수
2051,5,로그다수
2052,5,로그확정
2053,5,로그다수
2054,1,이웃보정
2055,1,로그확정
2056,1,로그확정
2057,1,로그확정
2058,1,로그확정
2059,1,로그확정
2060,1,로그확정
2061,1,로그확정
2062,1,로그확정
2063,1,로그확정
2064,1,로그확정
2065,1,로그확정
2066,1,로그확정
2067,1,로그확정
2068,1,로그확정
2069,1,로그확정
2070,1,로그확정
2071,1,로그확정
2072,1,로그확정
2073,1,로그확정
2074,1,로그확정
2075,1,로그확정
2076,1,로그확정
2077,1,로그확정
2078,1,로그확정
2079,1,로그확정
2080,1,로그확정
2081,1,로그확정
2082,1,로그확정
2083,1,로그확정
2084,1,로그확정
2085,1,로그확정
2086,1,로그확정
2087,1,로그확정
2088,1,로그확정
2089,1,로그확정
2090,1,로그확정
2091,1,로그확정
2092,1,로그확정
2093,3,로그확정
2094,3,로그확정
2095,3,로그확정
2096,3,로그확정
2097,3,로그확정
2098,3,로그확정
2099,3,이웃보정
2100,3,로그확정
2101,3,로그확정
2102,3,로그확정
2103,3,로그확정
2104,3,로그확정
2105,3,이웃보정
2106,3,로그확정
2107,2,로그확정
2108,2,로그확정
2109,3,로그다수
2110,3,이웃보정
2111,7,로그확정
2112,3,로그다수
2113,3,로그확정
2114,7,로그다수
2115,7,이웃보정
2116,3,로그다수
2117,8,로그다수
2118,2,로그다수
2119,2,로그다수
2120,3,로그다수
2121,8,로그확정
2122,8,이웃보정
2123,3,로그확정
2124,3,로그확정
2125,8,로그다수
2126,7,로그확정
2127,3,로그확정
2128,8,이웃보정
2129,8,로그다수
2130,7,로그다수
2131,7,이웃보정
2132,7,이웃보정
2133,2,이웃보정
2134,8,이웃보정
2135,8,로그다수
2136,8,이웃보정
2137,7,이웃보정
2138,7,이웃보정
2139,3,이웃보정
2140,3,로그확정
2141,8,이웃보정
2142,8,로그확정
2143,3,로그다수
2144,8,로그다수
2145,14,로그다수
2146,14,로그확정
2147,8,로그확정
2148,14,로그다수
2149,14,로그다수
2150,8,로그다수
2151,14,로그확정
2152,14,로그확정
2153,15,로그다수
2154,14,로그확정
2155,14,로그다수
2156,14,로그다수
2157,15,로그다수
2158,14,로그확정
2159,14,로그다수
2160,14,로그다수
2161,15,로그다수
2162,15,이웃보정
2163,14,로그다수
2164,14,로그다수
2165,15,로그다수
2166,14,로그다수
2167,14,로그다수
2168,14,로그다수
2169,15,로그다수
2170,14,로그확정
2171,15,로그다수
2172,15,로그다수
2173,15,로그다수
2174,15,로그확정
2175,15,로그다수
2176,15,로그다수
2177,15,로그확정
2178,14,로그다수
2179,15,로그다수
2180,15,로그확정
2181,15,로그확정
2182,15,로그다수
2183,15,로그다수
2184,15,로그확정
2185,14,로그확정
2186,15,로그다수
2187,15,로그확정
2188,15,로그확정
2189,15,로그확정
2190,15,로그확정
2191,15,로그확정
2192,15,로그확정
2193,15,로그확정
2194,15,로그다수
2195,15,로그확정
2196,16,이웃보정
2197,16,로그확정
2198,15,로그확정
2199,15,로그확정
2200,15,로그다수
2201,20,로그확정
2202,20,로그확정
2203,20,로그확정
2204,20,로그다수
2205,20,로그확정
2206,20,로그확정
2207,20,로그다수
2208,20,로그확정
2209,21,로그다수
2210,21,이웃보정
2211,21,로그확정
2212,21,로그확정
2213,20,로그다수
2214,21,로그확정
2215,21,로그다수
2216,21,이웃보정
2217,21,이웃보정
2218,21,로그확정
2219,21,로그다수
2220,21,로그확정
2221,21,로그다수
2222,21,로그확정
2223,21,로그다수
2224,21,로그다수
2225,21,로그다수
2226,21,이웃보정
2227,21,이웃보정
2228,21,이웃보정
2229,21,로그확정
2230,20,로그다수
2231,21,로그다수
2232,21,이웃보정
2233,21,이웃보정
2234,21,이웃보정
2235,21,로그다수
2236,21,이웃보정
2237,21,이웃보정
2238,21,로그확정
2239,21,이웃보정
2240,21,로그다수
2241,21,이웃보정
2242,21,로그다수
2243,21,이웃보정
2244,21,로그다수
2245,15,이웃보정
2246,15,로그확정
2247,15,이웃보정
2248,15,이웃보정
2249,27,이웃보정
2250,27,이웃보정
2251,27,로그다수
2252,27,이웃보정
2253,27,이웃보정
2254,22,이웃보정
2255,21,로그다수
2256,23,로그다수
2257,30,로그다수
2258,30,로그확정
2259,30,로그확정
2260,30,로그확정
2261,30,로그확정
2262,30,로그확정
2263,30,로그확정
2264,30,로그확정
2265,30,로그확정
2266,30,로그확정
2267,30,로그확정
2268,30,로그확정
2269,30,로그확정
2270,30,로그확정
2271,30,로그다수
2272,30,로그다수
2273,30,로그확정
2274,30,로그확정
2275,30,이웃보정
2276,30,로그확정
2277,30,로그확정
2278,30,로그확정
2279,30,로그확정
2280,30,로그확정
2281,30,로그확정
2282,30,로그확정
2283,30,로그확정
2284,30,로그확정
2285,30,로그확정
2286,30,로그확정
2287,30,로그확정
2288,30,로그확정
2289,30,로그확정
2290,30,로그확정
2291,30,로그확정
2292,30,로그확정
2294,30,로그확정
2295,30,로그확정
2296,30,로그확정
2297,30,로그확정
2298,30,로그확정
2299,22,로그확정
2300,36,로그확정
2301,36,로그확정
2302,36,로그확정
2303,36,로그확정
2304,36,로그확정
2305,36,로그확정
2306,36,로그확정
2307,36,로그확정
2308,36,로그확정
2309,36,로그확정
2310,36,로그확정
2311,36,로그확정
2312,36,로그확정
2313,36,로그확정
2314,36,로그확정
2315,36,로그확정
2316,36,로그확정
2317,36,로그확정
2318,36,로그확정
2319,36,로그확정
2320,36,로그확정
2321,36,로그확정
2322,36,로그확정
2323,36,로그확정
2324,36,로그확정
2325,36,로그확정
2326,36,로그확정
2327,36,로그확정
2328,36,로그확정
2329,36,로그확정
2330,36,로그확정
2331,36,로그확정
2332,36,로그확정
2333,36,로그확정
2334,36,로그확정
2335,36,로그확정
2336,36,로그확정
2337,36,로그확정
2338,36,로그확정
2339,36,로그확정
2340,36,로그확정
2341,36,로그확정
2342,36,로그확정
2343,36,로그확정
2344,36,로그확정
2345,36,로그확정
2346,36,로그다수
2347,36,로그확정
2348,36,로그확정
2349,36,로그확정
2350,36,로그다수
2351,36,로그확정
2352,30,로그확정
2353,30,로그확정
2354,29,로그확정
2355,29,로그다수
2356,29,로그다수
2357,29,로그확정
2358,29,로그확정
2359,29,로그확정
2360,29,로그확정
2361,29,로그확정
2362,29,로그확정
2363,29,로그확정
2364,29,로그확정
2365,29,로그확정
2366,29,로그확정
2367,29,로그확정
2368,29,로그확정
2369,29,로그확정
2370,29,로그확정
2371,29,로그확정
2372,29,로그확정
2373,29,로그확정
2374,29,로그확정
2375,29,로그확정
2376,29,로그확정
2377,29,로그확정
2378,29,로그확정
2379,29,로그확정
2380,29,로그확정
2381,29,로그확정
2382,29,로그확정
2383,29,로그확정
2384,29,로그확정
2385,29,로그확정
2386,29,로그확정
2387,29,로그확정
2388,29,로그확정
2389,29,로그확정
2390,29,로그확정
2391,29,로그확정
2392,29,로그확정
2393,29,로그확정
2394,29,로그확정
2395,29,로그확정
2396,29,로그확정
2397,29,이웃보정
2398,29,로그다수
2399,29,이웃보정
2400,29,로그다수
2401,30,로그다수
2402,30,로그다수
2403,30,로그다수
2404,30,로그확정
2405,30,로그확정
2406,30,로그확정
2407,30,로그확정
2408,30,로그확정
2409,30,로그확정
2410,30,로그확정
2411,30,로그확정
2412,30,로그다수
2413,30,로그다수
2414,21,로그다수
2415,21,로그다수
2416,21,로그확정
2417,21,로그확정
2418,21,이웃보정
2419,21,로그확정
2420,21,로그확정
2421,21,로그확정
2422,21,로그확정
2423,21,로그확정
2424,21,로그확정
2425,21,로그다수
2426,21,로그다수
2427,21,로그다수
2428,29,로그다수
2429,29,이웃보정
2430,21,로그다수
2431,21,이웃보정
2432,30,로그확정
2433,30,이웃보정
2434,20,이웃보정
2435,20,로그다수
2436,20,이웃보정
2437,20,로그다수
2438,20,로그다수
2439,20,로그다수
2440,20,로그다수
2441,20,로그확정
2442,20,로그확정
2443,20,로그확정
2444,20,로그확정
2445,20,로그확정
2446,20,로그확정
2447,20,로그확정
2448,20,로그확정
2449,20,로그확정
2450,20,로그확정
2451,20,로그확정
2452,20,로그확정
2453,20,로그확정
2454,20,로그확정
2455,20,로그확정
2456,20,로그확정
2457,20,로그확정
2458,20,로그확정
2459,20,로그확정
2460,20,로그확정
2461,20,로그확정
2462,20,로그확정
2463,20,로그확정
2464,20,로그확정
2465,20,로그확정
2466,20,로그확정
2467,20,로그확정
2468,20,로그확정
2469,20,로그확정
2470,20,이웃보정
2471,20,로그확정
2472,20,로그확정
2473,20,로그확정
2474,20,로그확정
2475,14,로그다수
2476,14,로그다수
2477,14,로그확정
2478,14,로그다수
2479,14,로그확정
2480,14,로그다수
2481,14,로그확정
2482,14,로그다수
2483,14,로그확정
2484,14,로그확정
2485,14,로그확정
2486,14,로그확정
2487,14,로그확정
2488,14,로그확정
2489,14,로그확정
2490,14,로그확정
2491,14,로그확정
2492,14,로그확정
2493,14,로그확정
2494,14,로그확정
2495,14,로그확정
2496,14,로그확정
2497,14,로그확정
2498,14,로그확정
2499,14,로그확정
2500,14,로그확정
2501,14,로그확정
2502,14,로그확정
2503,14,로그확정
2504,14,로그확정
2505,14,로그확정
2506,14,로그확정
2507,14,로그확정
2508,14,로그확정
2509,14,로그확정
2510,14,로그확정
2511,14,로그확정
2512,14,로그확정
2513,14,로그확정
2514,14,로그확정
2515,14,로그확정
2516,14,로그확정
2517,14,로그확정
2518,14,로그확정
2519,14,로그확정
2520,14,로그확정
2521,14,로그확정
2522,14,로그확정
2523,14,로그확정
2524,14,로그확정
2525,14,로그다수
2526,14,이웃보정
2527,14,이웃보정
2528,14,로그확정
2529,14,이웃보정
2530,14,로그확정
2531,7,로그다수
2532,7,로그다수
2533,7,로그확정
2534,7,로그확정
2535,7,로그확정
2536,7,로그확정
2537,7,로그확정
2538,7,로그확정
2539,7,로그확정
2540,7,로그확정
2541,7,로그확정
2542,7,로그확정
2543,7,로그확정
2544,7,로그확정
2545,7,로그확정
2546,7,로그확정
2547,7,로그확정
2548,7,로그확정
2549,7,로그확정
2550,7,로그확정
2551,7,로그확정
2552,7,로그확정
2553,7,로그확정
2554,7,로그확정
2555,7,로그확정
2556,7,로그확정
2557,7,로그확정
2558,7,로그확정
2559,7,로그다수
2560,7,로그확정
2561,7,로그확정
2562,7,로그다수
2563,7,로그확정
2564,7,로그확정
2565,7,로그다수
2566,7,로그확정
2567,7,로그확정
2568,7,로그확정
2569,7,로그확정
2570,7,로그확정
2571,7,로그확정
2572,7,로그확정
2573,7,로그다수
2574,7,로그다수
2575,7,로그확정
2576,3,로그다수
2577,3,로그확정
2578,3,로그다수
2579,3,로그다수
2580,3,로그다수
2581,3,로그확정
2582,3,로그확정
2583,3,로그확정
2584,3,로그다수
2585,3,로그확정
2586,3,로그확정
2587,3,로그확정
2588,3,로그확정
2589,3,로그확정
2590,3,로그확정
2591,3,로그확정
2592,3,로그확정
2593,3,로그확정
2594,3,로그확정
2595,3,로그확정
2596,3,로그확정
2597,3,로그확정
2598,3,로그확정
2599,3,로그확정
2600,3,로그확정
2601,3,로그확정
2602,3,로그확정
2603,3,로그확정
2604,3,로그확정
2605,3,로그확정
2606,3,로그확정
2607,3,로그확정
2608,3,로그확정
2609,3,로그확정
2610,3,로그확정
2611,3,로그확정
2612,3,로그확정
2613,3,로그확정
2614,3,로그확정
2615,3,로그확정
2616,3,로그확정
2617,3,로그확정
2618,3,이웃보정
2619,3,이웃보정
2620,1,로그확정
2621,1,로그확정
2622,1,로그확정
2623,1,로그확정
2624,1,로그확정
2625,1,로그확정
2626,1,로그확정
2627,1,로그확정
2628,1,로그확정
2629,1,로그확정
2630,1,로그확정
2631,1,로그확정
2632,1,로그확정
2633,1,로그확정
2634,1,로그확정
2635,1,로그확정
2636,1,로그확정
2637,1,로그확정
2638,1,로그확정
2639,1,로그확정
2640,1,로그확정
2641,5,로그다수
2642,5,이웃보정
2643,5,로그다수
2644,5,로그다수
2645,21,이웃보정
2646,21,로그확정
2647,21,이웃보정
2648,21,이웃보정
2649,18,이웃보정
2650,18,이웃보정
2651,18,로그다수
2652,18,이웃보정
2653,18,이웃보정
2654,18,이웃보정
2655,18,로그다수
2656,18,이웃보정
2657,18,이웃보정
2658,18,로그확정
2659,11,로그다수
2660,11,로그다수
2661,11,로그확정
2662,11,로그확정
2663,11,로그다수
2664,11,로그다수
2665,11,로그확정
2666,11,로그확정
2667,11,로그다수
2668,11,로그확정
2669,11,로그확정
2670,11,로그확정
2671,11,이웃보정
2672,11,로그확정
2673,11,로그확정
2674,11,로그확정
2675,11,로그다수
2676,11,로그확정
2677,11,로그확정
2678,11,로그다수
2679,11,로그다수
2680,11,로그확정
2681,11,로그확정
2682,11,로그확정
2683,11,이웃보정
2684,11,로그확정
2685,11,로그확정
2686,11,로그다수
2687,11,이웃보정
2688,11,로그확정
2689,11,로그확정
2690,11,로그다수
2691,11,로그다수
2692,11,로그확정
2693,11,로그확정
2694,11,로그다수
2695,11,로그다수
2696,11,이웃보정
2697,11,로그확정
2698,11,로그다수
2699,11,로그다수
2700,11,로그확정
2701,11,로그확정
2702,11,로그확정
2703,11,로그다수
2704,11,로그확정
2705,11,로그다수
2706,18,로그다수
2707,4,로그다수
2708,4,로그확정
2709,18,로그다수
2710,4,이웃보정
2711,4,로그확정
2712,11,로그다수
2713,18,로그다수
2714,11,로그다수
2715,4,로그확정
2716,11,로그다수
2717,18,로그확정
2718,11,로그다수
2719,4,로그확정
2720,11,로그확정
2721,18,로그확정
2722,11,로그확정
2723,4,로그다수
2724,11,로그다수
2725,18,로그확정
2726,11,로그확정
2727,4,로그다수
2728,11,로그다수
2729,18,로그확정
2730,4,로그다수
2731,4,로그확정
2732,11,로그다수
2733,18,로그확정
2734,4,로그다수
2735,4,로그확정
2736,11,로그다수
2737,4,로그다수
2738,4,로그확정
2739,4,이웃보정
2740,4,로그다수
2741,4,로그확정
2742,4,로그확정
2743,4,로그확정
2744,4,로그확정
2745,4,로그다수
2746,4,로그다수
2747,31,로그확정
2748,31,로그확정
2749,31,로그확정
2750,31,로그확정
2751,31,로그확정
2752,24,로그다수
2753,24,로그확정
2754,24,로그확정
2755,24,로그확정
2756,24,로그확정
2757,24,로그확정
2758,24,로그확정
2759,24,로그확정
2760,24,로그확정
2761,29,로그다수
2762,29,로그다수
2763,29,로그다수
2764,29,로그다수
2765,29,로그확정
2766,26,로그확정
2767,26,로그확정
2768,26,이웃보정
2769,26,로그다수
2770,26,로그다수
2771,35,로그확정
2772,35,로그확정
2773,35,로그확정
2774,35,로그확정
2775,35,로그확정
2776,35,로그확정
2777,35,로그확정
2778,35,로그확정
2779,35,로그확정
2780,35,로그다수
2781,35,로그확정
2782,35,로그확정
2783,35,로그확정
2784,35,로그확정
2785,35,로그확정
2786,35,로그확정
2787,35,로그확정
2788,35,로그확정
2789,35,로그확정
2790,35,로그확정
2791,35,로그확정
2792,35,로그확정
2793,35,로그확정
2794,35,로그확정
2795,35,로그확정
2796,35,로그확정
2797,35,로그확정
2798,35,로그확정
2799,35,로그확정
2800,35,로그확정
2801,35,로그확정
2802,35,로그확정
2803,35,로그확정
2804,35,로그확정
2805,35,로그확정
2806,35,로그확정
2807,35,로그확정
2808,35,로그확정
2809,35,로그확정
2810,35,로그확정
2811,35,로그확정
2812,35,로그확정
2813,35,로그확정
2814,35,로그다수
2815,35,로그확정
2816,35,로그확정
2817,35,로그확정
2818,35,로그확정
2819,35,로그확정
2820,35,로그확정
2821,36,로그다수
2822,36,로그다수
2823,35,로그확정
2824,35,로그확정
2825,35,로그다수
2826,35,로그확정
2827,35,로그확정
2828,28,로그다수
2829,29,로그확정
2830,29,이웃보정
2831,29,이웃보정
2832,29,로그확정
2833,29,로그확정
2834,29,로그확정
2835,29,로그확정
2836,29,로그확정
2837,29,로그확정
2838,29,로그확정
2839,29,로그확정
2840,29,로그확정
2841,29,로그확정
2842,29,로그확정
2843,29,로그확정
2844,31,로그확정
2845,31,로그확정
2846,31,로그확정
2847,31,로그확정
2848,31,로그확정
2849,31,로그확정
2850,27,로그다수
2851,27,로그확정
2852,27,이웃보정
2853,27,로그다수
2854,27,로그확정
2855,27,이웃보정
2856,27,로그다수
2857,33,로그다수
2858,33,로그확정
2859,33,로그다수
2860,33,로그확정
2861,33,로그확정
2862,33,로그확정
2863,33,로그확정
2864,33,로그확정
2865,33,로그확정
2866,33,로그확정
2867,33,로그확정
2868,33,로그확정
2869,33,로그확정
2870,33,로그확정
2871,33,로그확정
2872,33,로그확정
2873,33,로그확정
2874,33,로그확정
2875,33,로그확정
2876,33,로그확정
2877,33,로그확정
2878,33,로그확정
2879,33,로그확정
2880,33,로그확정
2881,33,로그확정
2882,33,로그확정
2883,33,로그확정
2884,33,로그확정
2885,33,로그확정
2886,33,로그확정
2887,33,로그확정
2888,33,로그확정
2889,33,로그확정
2890,33,로그확정
2891,33,로그확정
2892,33,로그확정
2893,33,로그확정
2894,33,로그확정
2895,33,로그확정
2896,33,로그확정
2897,33,로그확정
2898,33,로그확정
2899,33,로그확정
2900,33,로그확정
2901,33,로그확정
2902,33,로그확정
2903,33,로그확정
2904,33,로그확정
2905,33,로그확정
2906,33,로그확정
2907,33,로그확정
2908,33,로그확정
2909,33,로그확정
2910,33,로그확정
2911,33,로그확정
2912,33,로그다수
2913,33,로그확정
2914,32,로그다수
2915,33,로그확정
2916,33,로그확정
2917,33,로그확정
2918,33,로그확정
2919,33,로그확정
2920,33,로그확정
2921,33,로그확정
2922,33,로그확정
2923,33,로그확정
2924,33,로그확정
2925,33,로그확정
2926,33,로그확정
2927,33,로그확정
2928,33,로그확정
2929,33,로그확정
2930,33,로그확정
2931,33,로그확정
2932,33,로그확정
2933,33,로그확정
2934,31,로그확정
2935,31,로그확정
2936,31,로그확정
2937,31,로그확정
2938,30,이웃보정
2939,30,이웃보정
2940,30,로그다수
2941,30,로그다수
2942,36,로그확정
2943,36,로그확정
2944,36,로그확정
2945,36,로그확정
2946,36,이웃보정
