_id,_time,MCP_NM,datetime,QUEUE_downward_anomaly_cols,QUEUE_upward_anomaly_cols
905,2026-07-28 08:07:00+0900,BR,2026-07-28 08:06,M16HUB.QUE.TIME.AVGTOTALTIME1MIN,
906,2026-07-28 08:08:00+0900,BR,2026-07-28 08:07,M16HUB.QUE.TIME.AVGTOTALTIME1MIN M16HUB.STRATE.ALL.FABSTORAGERATIO,
907,2026-07-28 08:09:00+0900,BR,2026-07-28 08:08,M16HUB.QUE.TIME.AVGTOTALTIME1MIN M16HUB.STRATE.ALL.FABSTORAGERATIO,
908,2026-07-28 08:10:00+0900,BR,2026-07-28 08:09,M16HUB.QUE.TIME.AVGTOTALTIME1MIN M16HUB.STRATE.ALL.FABSTORAGERATIO,M16HUB.STRATE.STB.3F_STORAGE_UTIL
909,2026-07-28 08:11:00+0900,BR,2026-07-28 08:10,M16HUB.QUE.TIME.AVGTOTALTIME1MIN M16HUB.STRATE.ALL.FABSTORAGERATIO,M16HUB.STRATE.STB.3F_STORAGE_UTIL M16A.QUE.LOAD.AVGLOADTIME1MIN
910,2026-07-28 08:12:00+0900,BR,2026-07-28 08:11,M16HUB.QUE.TIME.AVGTOTALTIME1MIN M16HUB.STRATE.ALL.FABSTORAGERATIO M16HUB.QUE.LFT.3F_LFT_REVERSALCNT,M16HUB.STRATE.STB.3F_STORAGE_UTIL M16A.QUE.LOAD.AVGLOADTIME1MIN
911,2026-07-28 08:13:00+0900,BR,2026-07-28 08:12,M16HUB.QUE.TIME.AVGTOTALTIME1MIN,M16A.QUE.LOAD.AVGLOADTIME1MIN
912,2026-07-28 08:14:00+0900,BR,2026-07-28 08:13,M16HUB.QUE.TIME.AVGTOTALTIME1MIN,
913,2026-07-28 08:15:00+0900,BR,2026-07-28 08:14,,
