_id,_time,MCP_NM,datetime,BOTTLENECK_downward_anomaly_cols,BOTTLENECK_upward_anomaly_cols
905,2026-07-28 08:07:00+0900,BR,2026-07-28 08:06,HID_35_FROM_SUM_A,
906,2026-07-28 08:08:00+0900,BR,2026-07-28 08:07,HID_35_FROM_SUM_A HID_30_FROM_SUM_A,
907,2026-07-28 08:09:00+0900,BR,2026-07-28 08:08,HID_35_FROM_SUM_A HID_30_FROM_SUM_A HID_7_FROM_SUM_A,
908,2026-07-28 08:10:00+0900,BR,2026-07-28 08:09,HID_35_FROM_SUM_A HID_30_FROM_SUM_A HID_7_FROM_SUM_A HID_3_FROM_SUM_A,
909,2026-07-28 08:11:00+0900,BR,2026-07-28 08:10,HID_35_FROM_SUM_A HID_30_FROM_SUM_A HID_7_FROM_SUM_A HID_3_FROM_SUM_A HID_6_FROM_SUM_A,HID_29_FROM_SUM_A
910,2026-07-28 08:12:00+0900,BR,2026-07-28 08:11,HID_35_FROM_SUM_A HID_30_FROM_SUM_A HID_7_FROM_SUM_A HID_3_FROM_SUM_A HID_6_FROM_SUM_A HID_2_FROM_SUM_A,HID_29_FROM_SUM_A HID_34_FROM_SUM_A
911,2026-07-28 08:13:00+0900,BR,2026-07-28 08:12,HID_35_FROM_SUM_A HID_30_FROM_SUM_A HID_7_FROM_SUM_A,
912,2026-07-28 08:14:00+0900,BR,2026-07-28 08:13,HID_35_FROM_SUM_A,
913,2026-07-28 08:15:00+0900,BR,2026-07-28 08:14,HID_35_FROM_SUM_A,
